# Reference ddr_d1.bin SHA256 b7799bff9e5bc6739132326d4763aea5811ed5ea9b3529334b50c1fd5cb719d1
voltage 0
318,2,7b7bfb,1,52e17fd9,0,1c70,42,18,0,822a87dc,9eba409f,cc73abe9,22bbed8,43d283ef,fb9c9161,27a004fd,d278fadc,c1b49f1b,ffbfc2cb,330344ef,436aecf3,1634dd0d,3311b035
r3000150:38ee1244 w3000150:38ce2f44 d1
318,2,7b7bfb,1,52e17fd9,0,1c70,42,18,0,822a87dc,9eba409f,cc73abe9,22bbed8,43d283ef,fb9c9161,27a004fd,d278fadc,c1b49f1b,ffbfc2cb,330344ef,436aecf3,1634dd0d,3311b035
0
---
voltage 1
318,3,7b7bfb,1,12cc16df,1100,1c70,42,18,0,c83edd41,98281a61,bd0558b4,fd4c656d,2faf2cea,580f5876,b2ec7273,8b41e63b,9eaa87fd,5fd4c654,4e93127a,bd56968c,b7bf3ce8,af7a8e6b
r3000150:479a40b3 w3000150:479a19b3 d1
318,3,7b7bfb,1,12cc16df,1100,1c70,42,18,0,c83edd41,98281a61,bd0558b4,fd4c656d,2faf2cea,580f5876,b2ec7273,8b41e63b,9eaa87fd,5fd4c654,4e93127a,bd56968c,b7bf3ce8,af7a8e6b
0
---
voltage 2
318,6,7b7bfb,1,47a1fca7,1001,1c70,42,18,0,1f492fba,808c46a6,7aeff54e,906bfdc1,2ee2002f,760198b7,4c3396cf,96345e04,12d9b29d,7cbb5a6d,677de7c6,84950c16,80212c26,33c57cdf
r3000150:c8a2ffc6 w3000150:c88200c6 d1
318,6,7b7bfb,1,47a1fca7,1001,1c70,42,18,0,1f492fba,808c46a6,7aeff54e,906bfdc1,2ee2002f,760198b7,4c3396cf,96345e04,12d9b29d,7cbb5a6d,677de7c6,84950c16,80212c26,33c57cdf
0
---
eye 0
318,2,7b7bfb,1,52e17fd9,0,1c70,42,18,0,822a87dc,9eba409f,cc73abe9,22bbed8,43d283ef,fb9c9161,27a004fd,d278fadc,c1b49f1b,ffbfc2cb,330344ef,436aecf3,1634dd0d,3311b035
r3103310:1de47404 w3103310:1de4761e r3103314:94826ec0 w3103314:94826eda r3103318:13a0018c w3103318:13a0079e r310331c:8a7e3848 w310331c:8a7e3e5a r3103320:11cd334 w3103320:11cd73e r3103324:783af5f0 w3103324:783af7fa r3103328:f0d8ecbc w3103328:f0d8eebe r310332c:6ff68778 w310332c:6ff6877a r3103330:e694be24 w3103330:e694be3e r3103390:39a31c84 w3103390:39a31e84 r3103394:b0413740 w3103394:b0413f40 r3103398:2f1f2e0c w3103398:2f1f3e0c r310339c:a63dc0c8 w310339c:a63ddec8 r31033a0:1edbfbb4 w31033a0:1edbffb4 r31033a4:95f99270 w31033a4:95f99e70 r31033a8:c97b53c w31033a8:c97bf3c r31033ac:8bb5aff8 w31033ac:8bb5bff8 r31033b0:25046a4 w31033b0:2505ea4 r3103100:cf7b4b14 w3103100:cb7b4b14 r3103334:5db350e0 w3103334:5db354e8 r3103338:d4514bac w3103338:d4515fac r31033b4:796e7960 w31033b4:796e7d66 r31033b8:f00c102c w31033b8:f00c1c2e r310333c:536f6268 w310333c:576f6268 r31033bc:6f2a0ae8 w31033bc:6f2a0ae8 r3103100:cb7b4b14 w3103100:cf7b4b14 d1 r3103240:92935454 w3103240:92935e54 r3103244:9b14f10 w3103244:9b14f10 r3103248:804f61dc w3103248:804f6fdc r310324c:ff6d1898 w310324c:ff6d1e98 r3103250:760b3344 w3103250:760b3f44 r3103254:ed292a00 w3103254:ed292e00 r3103258:65c7cccc w3103258:65c7cecc r310325c:dce5e788 w310325c:dce5ef88 r3103260:5b839e74 w3103260:5b839e74 r3103264:d2a1b130 w3103264:d2a1bf30 r3103268:497fabfc w3103268:497faffc r310326c:c01a42b8 w310326c:c01a4eb8 r3103270:3f386564 w3103270:3f386f64 r3103274:b7d61c20 w3103274:b7d61e20 r3103278:2ef436ec w3103278:2ef43eec r3103228:bf5e3fbc w3103228:bf5e3fbc r310322c:367cd678 w310322c:367cde78 r3103230:ad1ac924 w3103230:ad1acf24 r3103234:2438e3e0 w3103234:2438efe0 r3103238:9cd69aac w3103238:9cd69eac r310323c:1bf4bd68 w310323c:1bf4bf68 r3103218:da26508c w3103218:da265f8c r310321c:52c44b48 w310321c:52c44f48 r3103280:1cb0c094 w3103280:1cb0c494
318,2,7b7bfb,1,52e17fd9,0,1c70,42,18,0,822a87dc,9eba409f,cc73abe9,22bbed8,43d283ef,fb9c9161,27a004fd,d278fadc,c1b49f1b,ffbfc2cb,330344ef,436aecf3,1634dd0d,3311b035
0
---
eye 1
318,3,7b7bfb,1,12cc16df,1100,1c70,42,18,0,c83edd41,98281a61,bd0558b4,fd4c656d,2faf2cea,580f5876,b2ec7273,8b41e63b,9eaa87fd,5fd4c654,4e93127a,bd56968c,b7bf3ce8,af7a8e6b
r3103310:629026f3 w3103310:62903ef3 r3103314:ebf63c37 w3103314:ebf63c37 r3103318:6cd4537b w3103318:6cd45b7b r310331c:f50a6abf w310331c:f50a7abf r3103320:7e6881c3 w3103320:7e6899d3 r3103324:74ea707 w3103324:74ebf17 r3103328:8facbe4b w3103328:8facbe5b r310332c:1082d58f w310332c:1082dd9f r3103330:99e0ecd3 w3103330:99e0fcd3 r3103390:46d74e73 w3103390:46d75e7f r3103394:cf3565b7 w3103394:cf3575bf r3103398:506b7cfb w3103398:506b7cff r310339c:d949923f w310339c:d949923f r31033a0:61afa943 w31033a0:61afb95f r31033a4:ea8dc087 w31033a4:ea8dd09f r31033a8:73e3e7cb w31033a8:73e3f7df r31033ac:f4c1fd0f w31033ac:f4c1fd1f r31033b0:7d241453 w31033b0:7d24145f r3103100:b00f19e3 w3103100:b00f19e3 r3103334:22c70217 w3103334:22c70e1f r3103338:ab25195b w3103338:ab251d5f r31033b4:61a2b97 w31033b4:61a2b97 r31033b8:8f7842db w31033b8:8f784adf r310333c:2c1b309f w310333c:2c1b309f r31033bc:105e581f w31033bc:1a5e581f r3103100:b00f19e3 w3103100:b40f19e3 d1 r3103240:ede706a3 w3103240:ede707a3 r3103244:76c51de7 w3103244:76c51fe7 r3103248:ff3b332b w3103248:ff3b372b r310324c:80194a6f w310324c:80194f6f r3103250:97f61b3 w3103250:97f67b3 r3103254:925d78f7 w3103254:925d7ff7 r3103258:1ab39e3b w3103258:1ab39f3b r310325c:a391b57f w310325c:a391b77f r3103260:24f7cc83 w3103260:24f7cf83 r3103264:add5e3c7 w3103264:add5e7c7 r3103268:360bf90b w3103268:360bff0b r310326c:bf6e104f w310326c:bf6e174f r3103270:404c3793 w3103270:404c3793 r3103274:c8a24ed7 w3103274:c8a24fd7 r3103278:5180641b w3103278:5180671b r3103228:c02a6d4b w3103228:c02a6f4b r310322c:4908848f w310322c:4908878f r3103230:d26e9bd3 w3103230:d26e9fd3 r3103234:5b4cb117 w3103234:5b4cb717 r3103238:e3a2c85b w3103238:e3a2cf5b r310323c:6480ef9f w310323c:6480ef9f r3103218:a552027b w3103218:a5520a7b r310321c:2db019bf w310321c:2db01bbf r3103280:63c49263 w3103280:63c49363
318,3,7b7bfb,1,12cc16df,1100,1c70,42,18,0,c83edd41,98281a61,bd0558b4,fd4c656d,2faf2cea,580f5876,b2ec7273,8b41e63b,9eaa87fd,5fd4c654,4e93127a,bd56968c,b7bf3ce8,af7a8e6b
0
---
eye 2
318,6,7b7bfb,1,47a1fca7,1001,1c70,42,18,0,1f492fba,808c46a6,7aeff54e,906bfdc1,2ee2002f,760198b7,4c3396cf,96345e04,12d9b29d,7cbb5a6d,677de7c6,84950c16,80212c26,33c57cdf
r3103310:eda89986 w3103310:eda89d8e r3103314:64ce8342 w3103314:64ce8f4e r3103318:e3ecec0e w3103318:e3ecec0e r310331c:7a32d5ca w310331c:7a32ddce r3103320:f1503eb6 w3103320:f1503ebe r3103324:88761872 w3103324:88761c7e r3103328:94013e w3103328:940d3e r310332c:9fba6afa w310332c:9fba6efe r3103330:16d853a6 w3103330:16d85fae r3103390:c9eff106 w3103390:c9eff306 r3103394:400ddac2 w3103394:400ddac6 r3103398:df53c38e w3103398:df53c38e r310339c:56712d4a w310339c:56712f4e r31033a0:ee971636 w31033a0:ee971636 r31033a4:65b57ff2 w31033a4:65b57ff6 r31033a8:fcdb58be w31033a8:fcdb5abe r31033ac:7bf9427a w31033ac:7bf9427e r31033b0:f21cab26 w31033b0:f21cab26 r3103100:3f37a696 w3103100:3b37a696 r3103334:adffbd62 w3103334:adffbf62 r3103338:241da62e w3103338:241dae2e r31033b4:892294e2 w31033b4:892296e6 r31033b8:40fdae w31033b8:40ffae r310333c:a3238fea w310333c:ab238fea r31033bc:9f66e76a w31033bc:9f66e76a r3103100:3b37a696 w3103100:3f37a696 d1 r3103240:62dfb9d6 w3103240:62dfbdd6 r3103244:f9fda292 w3103244:f9fdae92 r3103248:70038c5e w3103248:70038c5e r310324c:f21f51a w310324c:f21fd1a r3103250:8647dec6 w3103250:8647dec6 r3103254:1d65c782 w3103254:1d65cf82 r3103258:958b214e w3103258:958b2d4e r310325c:2ca90a0a w310325c:2ca90e0a r3103260:abcf73f6 w3103260:abcf7ff6 r3103264:22ed5cb2 w3103264:22ed5cb2 r3103268:b933467e w3103268:b9334e7e r310326c:3056af3a w310326c:3056af3a r3103270:cf7488e6 w3103270:cf748ce6 r3103274:479af1a2 w3103274:479afda2 r3103278:deb8db6e w3103278:deb8df6e r3103228:4f12d23e w3103228:4f12de3e r310322c:c6303bfa w310322c:c6303ffa r3103230:5d5624a6 w3103230:5d562ca6 r3103234:d4740e62 w3103234:d4740e62 r3103238:6c9a772e w3103238:6c9a7f2e r310323c:ebb850ea w310323c:ebb85cea r3103218:2a6abd0e w3103218:2a6abf0e r310321c:a288a6ca w310321c:a288a7ca r3103280:ecfc2d16 w3103280:ecfc2f16
318,6,7b7bfb,1,47a1fca7,1001,1c70,42,18,0,1f492fba,808c46a6,7aeff54e,906bfdc1,2ee2002f,760198b7,4c3396cf,96345e04,12d9b29d,7cbb5a6d,677de7c6,84950c16,80212c26,33c57cdf
0
---
masters_on 0
318,2,7b7bfb,1,52e17fd9,0,1c70,42,18,0,822a87dc,9eba409f,cc73abe9,22bbed8,43d283ef,fb9c9161,27a004fd,d278fadc,c1b49f1b,ffbfc2cb,330344ef,436aecf3,1634dd0d,3311b035
w3102020:ffffffff w3102024:ff w3102028:ffff da
318,2,7b7bfb,1,52e17fd9,0,1c70,42,18,0,822a87dc,9eba409f,cc73abe9,22bbed8,43d283ef,fb9c9161,27a004fd,d278fadc,c1b49f1b,ffbfc2cb,330344ef,436aecf3,1634dd0d,3311b035
0
---
masters_on 1
318,3,7b7bfb,1,12cc16df,1100,1c70,42,18,0,c83edd41,98281a61,bd0558b4,fd4c656d,2faf2cea,580f5876,b2ec7273,8b41e63b,9eaa87fd,5fd4c654,4e93127a,bd56968c,b7bf3ce8,af7a8e6b
w3102020:ffffffff w3102024:ff w3102028:ffff da
318,3,7b7bfb,1,12cc16df,1100,1c70,42,18,0,c83edd41,98281a61,bd0558b4,fd4c656d,2faf2cea,580f5876,b2ec7273,8b41e63b,9eaa87fd,5fd4c654,4e93127a,bd56968c,b7bf3ce8,af7a8e6b
0
---
masters_on 2
318,6,7b7bfb,1,47a1fca7,1001,1c70,42,18,0,1f492fba,808c46a6,7aeff54e,906bfdc1,2ee2002f,760198b7,4c3396cf,96345e04,12d9b29d,7cbb5a6d,677de7c6,84950c16,80212c26,33c57cdf
w3102020:ffffffff w3102024:ff w3102028:ffff da
318,6,7b7bfb,1,47a1fca7,1001,1c70,42,18,0,1f492fba,808c46a6,7aeff54e,906bfdc1,2ee2002f,760198b7,4c3396cf,96345e04,12d9b29d,7cbb5a6d,677de7c6,84950c16,80212c26,33c57cdf
0
---
masters_off 0
318,2,7b7bfb,1,52e17fd9,0,1c70,42,18,0,822a87dc,9eba409f,cc73abe9,22bbed8,43d283ef,fb9c9161,27a004fd,d278fadc,c1b49f1b,ffbfc2cb,330344ef,436aecf3,1634dd0d,3311b035
w3102020:1 w3102024:0 w3102028:0 da
318,2,7b7bfb,1,52e17fd9,0,1c70,42,18,0,822a87dc,9eba409f,cc73abe9,22bbed8,43d283ef,fb9c9161,27a004fd,d278fadc,c1b49f1b,ffbfc2cb,330344ef,436aecf3,1634dd0d,3311b035
0
---
masters_off 1
318,3,7b7bfb,1,12cc16df,1100,1c70,42,18,0,c83edd41,98281a61,bd0558b4,fd4c656d,2faf2cea,580f5876,b2ec7273,8b41e63b,9eaa87fd,5fd4c654,4e93127a,bd56968c,b7bf3ce8,af7a8e6b
w3102020:1 w3102024:0 w3102028:0 da
318,3,7b7bfb,1,12cc16df,1100,1c70,42,18,0,c83edd41,98281a61,bd0558b4,fd4c656d,2faf2cea,580f5876,b2ec7273,8b41e63b,9eaa87fd,5fd4c654,4e93127a,bd56968c,b7bf3ce8,af7a8e6b
0
---
masters_off 2
318,6,7b7bfb,1,47a1fca7,1001,1c70,42,18,0,1f492fba,808c46a6,7aeff54e,906bfdc1,2ee2002f,760198b7,4c3396cf,96345e04,12d9b29d,7cbb5a6d,677de7c6,84950c16,80212c26,33c57cdf
w3102020:1 w3102024:0 w3102028:0 da
318,6,7b7bfb,1,47a1fca7,1001,1c70,42,18,0,1f492fba,808c46a6,7aeff54e,906bfdc1,2ee2002f,760198b7,4c3396cf,96345e04,12d9b29d,7cbb5a6d,677de7c6,84950c16,80212c26,33c57cdf
0
---
priority 0
318,2,7b7bfb,1,52e17fd9,0,1c70,42,18,0,822a87dc,9eba409f,cc73abe9,22bbed8,43d283ef,fb9c9161,27a004fd,d278fadc,c1b49f1b,ffbfc2cb,330344ef,436aecf3,1634dd0d,3311b035
r310200c:84fe7e58 w310200c:84fe718b w3102200:10000 w3102210:1000009 w3102214:500064 w3102230:200000d w3102234:600100 w3102240:1000009 w3102244:500064 w3102260:640209 w3102264:200040 w3102290:1000009 w3102294:400080 w3102470:0 w3102474:0 w31031c0:f802f05 w31031c8:f0000ff w31031d0:3f00005f
318,2,7b7bfb,1,52e17fd9,0,1c70,42,18,0,822a87dc,9eba409f,cc73abe9,22bbed8,43d283ef,fb9c9161,27a004fd,d278fadc,c1b49f1b,ffbfc2cb,330344ef,436aecf3,1634dd0d,3311b035
0
---
priority 1
318,3,7b7bfb,1,12cc16df,1100,1c70,42,18,0,c83edd41,98281a61,bd0558b4,fd4c656d,2faf2cea,580f5876,b2ec7273,8b41e63b,9eaa87fd,5fd4c654,4e93127a,bd56968c,b7bf3ce8,af7a8e6b
r310200c:fb8a2caf w310200c:fb8a218b w3102200:10000 w3102210:1000009 w3102214:500064 w3102230:200000d w3102234:600100 w3102240:1000009 w3102244:500064 w3102260:640209 w3102264:200040 w3102290:1000009 w3102294:400080 w3102470:0 w3102474:0 w31031c0:f802f05 w31031c8:f0000ff w31031d0:3f00005f
318,3,7b7bfb,1,12cc16df,1100,1c70,42,18,0,c83edd41,98281a61,bd0558b4,fd4c656d,2faf2cea,580f5876,b2ec7273,8b41e63b,9eaa87fd,5fd4c654,4e93127a,bd56968c,b7bf3ce8,af7a8e6b
0
---
priority 2
318,6,7b7bfb,1,47a1fca7,1001,1c70,42,18,0,1f492fba,808c46a6,7aeff54e,906bfdc1,2ee2002f,760198b7,4c3396cf,96345e04,12d9b29d,7cbb5a6d,677de7c6,84950c16,80212c26,33c57cdf
r310200c:74b293da w310200c:74b2918b w3102200:10000 w3102210:1000009 w3102214:500064 w3102230:200000d w3102234:600100 w3102240:1000009 w3102244:500064 w3102260:640209 w3102264:200040 w3102290:1000009 w3102294:400080 w3102470:0 w3102474:0 w31031c0:f802f05 w31031c8:f0000ff w31031d0:3f00005f
318,6,7b7bfb,1,47a1fca7,1001,1c70,42,18,0,1f492fba,808c46a6,7aeff54e,906bfdc1,2ee2002f,760198b7,4c3396cf,96345e04,12d9b29d,7cbb5a6d,677de7c6,84950c16,80212c26,33c57cdf
0
---
timing 0
18,2,7b7bfb,1,52e17fd9,0,1c70,42,18,0,822a87dc,9eba409f,cc73abe9,22bbed8,43d283ef,fb9c9161,27a004fd,d278fadc,c1b49f1b,ffbfc2cb,330344ef,436aecf3,1634dd0d,0
w3103030:a63 w3103034:42 w3103038:0 w310303c:0 w310302c:0 w3103058:6010001 w310305c:20401 w3103060:3030406 w3103064:200c w3103068:1020101 w310306c:5050403 r3103078:bdc390ec w3103078:fdc36610 w3103080:2010101 w3103050:d02581 w3103054:19012c1 w3103090:30004 w3103094:10000
18,2,7b7bfb,1,52e17fd9,0,a63,42,0,0,408841,1108841,4003,22bbed8,43d283ef,fb9c9161,27a004fd,d278fadc,c1b49f1b,ffbfc2cb,330344ef,436aecf3,1634dd0d,0
0
---
timing 1
198,2,7b7bfb,1,12cc16df,1100,1c70,42,18,0,c83edd41,98281a61,bd0558b4,fd4c656d,2faf2cea,580f5876,b2ec7273,8b41e63b,9eaa87fd,5fd4c654,4e93127a,bd56968c,b7bf3ce8,4
w3103030:a63 w3103034:42 w3103038:0 w310303c:0 w310302c:0 w3103058:90b0d0a w310305c:2020e w3103060:3030407 w3103064:200c w3103068:5020304 w310306c:5050403 r3103078:c2b7c21b w3103078:f2b76610 w3103080:2010101 w3103050:cd27d81 w3103054:19913ec1 w3103090:320043 w3103094:190000
198,2,7b7bfb,1,12cc16df,1100,a63,42,0,0,45994e,121210a,43032,fd4c656d,2faf2cea,580f5876,b2ec7273,8b41e63b,9eaa87fd,5fd4c654,4e93127a,bd56968c,b7bf3ce8,4
0
---
timing 2
199,2,7b7bfb,1,47a1fca7,1001,1c70,42,18,0,1f492fba,808c46a6,7aeff54e,906bfdc1,2ee2002f,760198b7,4c3396cf,96345e04,12d9b29d,7cbb5a6d,677de7c6,84950c16,80212c26,8
w3103030:a63 w3103034:42 w3103038:0 w310303c:0 w310302c:0 w3103058:90b0d0a w310305c:2020e w3103060:3030407 w3103064:200c w3103068:5020304 w310306c:5050403 r3103078:4d8f7d6e w3103078:fd8f6610 w3103080:2010101 w3103050:cd27f11 w3103054:19a13f89 w3103090:320043 w3103094:190000
199,2,7b7bfb,1,47a1fca7,1001,a63,42,0,0,45994e,121210a,43032,906bfdc1,2ee2002f,760198b7,4c3396cf,96345e04,12d9b29d,7cbb5a6d,677de7c6,84950c16,80212c26,8
0
---
timing 3
19a,2,7b7bfb,1,dc1729ca,100,1c70,42,18,0,9c51e692,83e960e4,de04cece,1d1598a6,51bbcbc5,1ee0a0fb,cccc33d9,4f2291bb,2e8e6bae,e01b0ac6,db2f30da,ef03922b,3773fb4b,c
w3103030:e73 w3103034:42 w3103038:0 w310303c:0 w310302c:0 w3103058:90b0d0a w310305c:2020e w3103060:3040407 w3103064:200c w3103068:5020304 w310306c:5050403 r3103078:205d3b85 w3103078:f05d6610 w3103080:2020101 w3103050:ce280a1 w3103054:19b14051 w3103090:320044 w3103094:190000
19a,2,7b7bfb,1,dc1729ca,100,e73,42,0,0,45994e,121210a,44032,1d1598a6,51bbcbc5,1ee0a0fb,cccc33d9,4f2291bb,2e8e6bae,e01b0ac6,db2f30da,ef03922b,3773fb4b,c
0
---
timing 4
320,2,7b7bfb,1,736a9625,1000,1c70,42,18,0,95b5582a,6fc64ccb,7450bc56,aa88e0e,ba9289f3,c4833858,839920ac,ac6791fb,da17b2dc,abbd51c5,ed151405,79009af2,e8e4a976,0
w3103030:e73 w3103034:42 w3103038:0 w310303c:0 w310302c:0 w3103058:b141a12 w310305c:2041a w3103060:3040409 w3103064:200c w3103068:8020406 w310306c:5050403 r3103078:930a45c8 w3103078:f30a6610 w3103080:2020101 w3103050:1914e201 w3103054:32127101 w3103090:620084 w3103094:310000
320,2,7b7bfb,1,736a9625,1000,e73,42,0,0,4a221a,1423192,84062,aa88e0e,ba9289f3,c4833858,839920ac,ac6791fb,da17b2dc,abbd51c5,ed151405,79009af2,e8e4a976,0
0
---
timing 5
321,2,7b7bfb,1,5edcccc1,1101,1c70,42,18,0,76980fbe,f33f5a58,63bf9de9,33363eba,e89b0901,4c067f05,d82111e,6b09ffbe,d792c305,3cc008a5,4818fcca,4d276124,c0aac5e6,4
w3103030:e73 w3103034:42 w3103038:0 w310303c:0 w310302c:0 w3103058:b141a12 w310305c:2041a w3103060:3040409 w3103064:200c w3103068:8020406 w310306c:5050403 r3103078:4ecf019e w3103078:fecf7610 w3103080:2020101 w3103050:1914e391 w3103054:322271c9 w3103090:620084 w3103094:310000
321,2,7b7bfb,1,5edcccc1,1101,e73,42,0,0,4a221a,1423192,84062,33363eba,e89b0901,4c067f05,d82111e,6b09ffbe,d792c305,3cc008a5,4818fcca,4d276124,c0aac5e6,4
0
---
timing 6
390,2,7b7bfb,1,cc92d33d,1,1c70,42,18,0,40b2d002,536e95df,32833106,3d90fbac,3170fab2,d293056a,f08db22f,1d74bd1c,4ad5cfbc,79eaa723,f3faa8e8,8ed2305d,ffec3fee,8
w3103030:e73 w3103034:42 w3103038:0 w310303c:0 w310302c:0 w3103058:c171e15 w310305c:2041e w3103060:3040409 w3103064:200c w3103068:a020507 w310306c:5050403 r3103078:2031c74 w3103078:f2037610 w3103080:2020101 w3103050:1c959101 w3103054:3912c881 w3103090:700096 w3103094:380000
390,2,7b7bfb,1,cc92d33d,1,e73,42,0,0,4baa9e,14239d5,96070,3d90fbac,3170fab2,d293056a,f08db22f,1d74bd1c,4ad5cfbc,79eaa723,f3faa8e8,8ed2305d,ffec3fee,8
0
---
timing 7
391,2,7b7bfb,1,d081a3d4,1100,1c70,42,18,0,300a65cc,1894f5b6,4cdac1b3,eca51b19,aa30b2de,bafcf1aa,df21d0f6,41e10912,be4f5eea,6d6f93e1,e67aad0b,8bdd042,a7cfed95,c
w3103030:e73 w3103034:42 w3103038:0 w310303c:0 w310302c:0 w3103058:c171e15 w310305c:2041e w3103060:3040409 w3103064:200c w3103068:a020507 w310306c:5050403 r3103078:dc7e3674 w3103078:fc7e7610 w3103080:2020101 w3103050:1c959291 w3103054:3922c949 w3103090:700096 w3103094:380000
391,2,7b7bfb,1,d081a3d4,1100,e73,42,0,0,4baa9e,14239d5,96070,eca51b19,aa30b2de,bafcf1aa,df21d0f6,41e10912,be4f5eea,6d6f93e1,e67aad0b,8bdd042,a7cfed95,c
0
---
timing 8
18,3,7b7bfb,1,2534c02d,0,1c70,42,18,0,7000368d,597991d1,988a0c48,29b629a9,3dac4e90,3ef2db72,b945990f,b13fdde3,7e957f3f,27af6f59,10efc1e4,59d5d2d4,79cc01a,0
w3103030:1c70 w3103034:42 w3103038:18 w310303c:0 w310302c:0 w3103058:8010001 w310305c:20701 w3103060:4060508 w3103064:400c w3103068:1020201 w310306c:5050403 r3103078:22c0119e w3103078:f2c06610 w3103080:2040102 w3103050:902ee1 w3103054:19012c1 w3103090:30005 w3103094:10000
18,3,7b7bfb,1,2534c02d,0,1c70,42,18,0,409041,1211041,5003,29b629a9,3dac4e90,3ef2db72,b945990f,b13fdde3,7e957f3f,27af6f59,10efc1e4,59d5d2d4,79cc01a,0
0
---
timing 9
198,3,7b7bfb,1,4580711b,1100,1c70,42,18,0,64d94a35,8aba63ed,e60922ca,b54807bf,dce6e87d,f5668744,6bb92d99,5e7bf098,5d79baf5,886507b3,66baa786,5fedcced,65de18c,4
w3103030:1c70 w3103034:42 w3103038:18 w310303c:0 w310302c:0 w3103058:a0b0d08 w310305c:2040b w3103060:4060508 w3103064:400c w3103068:4020304 w310306c:5050403 r3103078:fc1e1028 w3103078:fc1e6610 w3103080:2040102 w3103050:9331ce1 w3103054:19913ec1 w3103090:320048 w3103094:190000
198,3,7b7bfb,1,4580711b,1100,1c70,42,18,0,45990b,1212108,48032,b54807bf,dce6e87d,f5668744,6bb92d99,5e7bf098,5d79baf5,886507b3,66baa786,5fedcced,65de18c,4
0
---
timing 10
199,3,7b7bfb,1,81854f8a,1001,1c70,42,18,0,d6f18134,740a7798,568cec2b,8ed72d0d,88126eb0,625c4cbc,7a9abd2a,d5a32d77,47128af,28cf032c,261b0d40,7349547b,ac3f03de,8
w3103030:1c70 w3103034:42 w3103038:18 w310303c:0 w310302c:0 w3103058:a0b0d08 w310305c:2040b w3103060:4060508 w3103064:400c w3103068:4020304 w310306c:5050403 r3103078:e9575573 w3103078:f9576610 w3103080:2040102 w3103050:9431ed5 w3103054:19a13f89 w3103090:320048 w3103094:190000
199,3,7b7bfb,1,81854f8a,1001,1c70,42,18,0,45990b,1212108,48032,8ed72d0d,88126eb0,625c4cbc,7a9abd2a,d5a32d77,47128af,28cf032c,261b0d40,7349547b,ac3f03de,8
0
---
timing 11
19a,3,7b7bfb,1,250c67f3,100,1c70,42,18,0,c4f718fd,7d69e938,fbc1af89,814e3e5d,4ac8ea44,f8067ba4,d316bd42,cfde65a9,2dfa36f4,ca486abc,2abf6c2a,ae176990,42b95460,c
w3103030:1c70 w3103034:42 w3103038:18 w310303c:0 w310302c:0 w3103058:a0b0d08 w310305c:2040b w3103060:4060508 w3103064:400c w3103068:4020304 w310306c:5050403 r3103078:fdb5b2d4 w3103078:fdb56610 w3103080:2040102 w3103050:94320c9 w3103054:19b14051 w3103090:320048 w3103094:190000
19a,3,7b7bfb,1,250c67f3,100,1c70,42,18,0,45990b,1212108,48032,814e3e5d,4ac8ea44,f8067ba4,d316bd42,cfde65a9,2dfa36f4,ca486abc,2abf6c2a,ae176990,42b95460,c
0
---
timing 12
320,3,7b7bfb,1,7f041728,1000,1c70,42,18,0,d802db89,db54e35f,75bd5125,16b4aa27,20cbf68a,60e04456,8ce66d9,c95d61b,f3c0a0e5,a658d453,36539dc5,306e7b43,2c80a15f,0
w3103030:1c70 w3103034:42 w3103038:18 w310303c:0 w310302c:0 w3103058:c141a10 w310305c:40416 w3103060:406050a w3103064:400c w3103068:6020406 w310306c:5050403 r3103078:2bcf3b1e w3103078:fbcf6610 w3103080:2040102 w3103050:12161a81 w3103054:32127101 w3103090:62008c w3103094:310000
320,3,7b7bfb,1,7f041728,1000,1c70,42,18,0,4a2196,2423190,8c062,16b4aa27,20cbf68a,60e04456,8ce66d9,c95d61b,f3c0a0e5,a658d453,36539dc5,306e7b43,2c80a15f,0
0
---
timing 13
321,3,7b7bfb,1,bb459fdf,1101,1c70,42,18,0,48993a14,e9fff41d,c6601970,98e7486,7d37e306,11fcd94,858e74df,fe52bf9f,a9513dba,518a6b5c,d546c5d9,3256822a,75d70c1a,4
w3103030:1e14 w3103034:42 w3103038:20 w310303c:0 w310302c:0 w3103058:d0e1a0e w310305c:30414 w3103060:507050b w3103064:400c w3103068:6020306 w310306c:5050403 r3103078:e44bb894 w3103078:f44b7610 w3103080:2050103 w3103050:12161c75 w3103054:322271c9 w3103090:62008c w3103094:310000
321,3,7b7bfb,1,bb459fdf,1101,1e14,42,20,0,471994,1c2318e,8c062,98e7486,7d37e306,11fcd94,858e74df,fe52bf9f,a9513dba,518a6b5c,d546c5d9,3256822a,75d70c1a,4
0
---
timing 14
390,3,7b7bfb,1,33183edb,1,1c70,42,18,0,b388d258,9d741646,d1f36a09,1b6b9500,5224ba81,e7b9bcee,f20e59d3,312bf0cc,38f727a6,761296a7,c700e7a1,c56fc969,d8bf5b4d,8
w3103030:1e14 w3103034:42 w3103038:20 w310303c:0 w310302c:0 w3103058:e101e10 w310305c:30416 w3103060:507050b w3103064:400c w3103068:7020307 w310306c:5050403 r3103078:667fc57a w3103078:f67f7610 w3103080:2050103 w3103050:1496f541 w3103054:3912c881 w3103090:7000a0 w3103094:380000
390,3,7b7bfb,1,33183edb,1,1e14,42,20,0,4819d6,1c239d0,a0070,1b6b9500,5224ba81,e7b9bcee,f20e59d3,312bf0cc,38f727a6,761296a7,c700e7a1,c56fc969,d8bf5b4d,8
0
---
timing 15
391,3,7b7bfb,1,caa1718e,1100,1c70,42,18,0,c71f4e8f,7f1d3b6,8e63257f,d67641ff,fdde2a2b,51465aaf,be3f744f,3139f0b,c4c6f4b4,11d68d6a,b52c46b1,80925cb7,bd8c88f7,c
w3103030:1e14 w3103034:42 w3103038:20 w310303c:0 w310302c:0 w3103058:e101e10 w310305c:30416 w3103060:507060b w3103064:400c w3103068:7020307 w310306c:5050403 r3103078:735d20e6 w3103078:f35d7610 w3103080:2050103 w3103050:1496f735 w3103054:3922c949 w3103090:7000a0 w3103094:380000
391,3,7b7bfb,1,caa1718e,1100,1e14,42,20,0,4819d6,1c239d0,a0070,d67641ff,fdde2a2b,51465aaf,be3f744f,3139f0b,c4c6f4b4,11d68d6a,b52c46b1,80925cb7,bd8c88f7,c
0
---
timing 16
18,6,7b7bfb,1,255d4b38,0,1c70,42,18,0,bce80083,306dcb3d,e008364f,d6cfbf25,d02fc873,8a6145f9,1a28f9fb,47e6893b,c10f3ee2,55deee50,a50b9c2e,8b162cd0,b48ba882,0
w3103030:0 w3103034:c3 w3103038:6 w310303c:0 w310302c:0 w3103058:7040001 w310305c:10501 w3103060:2040a07 w3103064:35005 w3103068:2020101 w310306c:5050502 r3103078:df9fae86 w3103078:ff9f6610 w3103080:2030101 w3103050:3012c1 w3103054:1900109 w3103090:20003 w3103094:10000
18,6,7b7bfb,1,255d4b38,0,0,c3,6,0,420881,a11041,3002,d6cfbf25,d02fc873,8a6145f9,1a28f9fb,47e6893b,c10f3ee2,55deee50,a50b9c2e,8b162cd0,b48ba882,0
0
---
timing 17
198,6,7b7bfb,1,65c1d4b4,1100,1c70,42,18,0,f945e4b6,3083d49e,5532e8ba,e706437b,2f5ae757,a0233784,3b07f9a,86d3f7d9,c4b88787,b25cae74,2001b19,da3c3591,5764a5b4,4
w3103030:0 w3103034:c3 w3103038:6 w310303c:0 w310302c:0 w3103058:90b0609 w310305c:2020f w3103060:2040a07 w3103064:35005 w3103068:5020304 w310306c:5050502 r3103078:482566ff w3103078:f8256610 w3103080:2030101 w3103050:2913ec1 w3103054:19901189 w3103090:19002b w3103094:c0000
198,6,7b7bfb,1,65c1d4b4,1100,0,c3,6,0,45994f,1212109,2b019,e706437b,2f5ae757,a0233784,3b07f9a,86d3f7d9,c4b88787,b25cae74,2001b19,da3c3591,5764a5b4,4
0
---
timing 18
199,6,7b7bfb,1,14c25b99,1001,1c70,42,18,0,c4905c09,9b576d64,b406dd29,ff6b17a4,42408ea4,23fd7e36,5822d7b0,da2f6b1d,108ed79c,264a6630,d8d8d5ed,6a806097,559d3b5b,8
w3103030:0 w3103034:c3 w3103038:6 w310303c:0 w310302c:0 w3103058:90b0609 w310305c:2020f w3103060:2040a07 w3103064:35005 w3103068:5020304 w310306c:5050502 r3103078:b311b38 w3103078:fb316610 w3103080:2030101 w3103050:2913f89 w3103054:19a01194 w3103090:19002b w3103094:c0000
199,6,7b7bfb,1,14c25b99,1001,0,c3,6,0,45994f,1212109,2b019,ff6b17a4,42408ea4,23fd7e36,5822d7b0,da2f6b1d,108ed79c,264a6630,d8d8d5ed,6a806097,559d3b5b,8
0
---
timing 19
19a,6,7b7bfb,1,3423bf15,100,1c70,42,18,0,b6ae4b1d,17bac194,7b24b13f,a8d3ae7c,93194fb9,960c93f3,4f4f0eaf,a268a445,e2ed2a3c,5ad73fc6,ce12e6b1,738617b6,93891386,c
w3103030:0 w3103034:c3 w3103038:6 w310303c:0 w310302c:0 w3103058:90b0609 w310305c:2020f w3103060:2040a07 w3103064:35005 w3103068:5020304 w310306c:5050502 r3103078:c6dafcbb w3103078:f6da6610 w3103080:2030101 w3103050:2a14051 w3103054:19b0119f w3103090:19002c w3103094:c0000
19a,6,7b7bfb,1,3423bf15,100,0,c3,6,0,45994f,1212109,2c019,a8d3ae7c,93194fb9,960c93f3,4f4f0eaf,a268a445,e2ed2a3c,5ad73fc6,ce12e6b1,738617b6,93891386,c
0
---
timing 20
320,6,7b7bfb,1,156199d0,1000,1c70,42,18,0,97323b35,2c20b8f7,f7ae9466,af0e4600,adb3f6a0,294ede10,66f9ddcf,f2ff5cd5,757fc9f0,d825e197,c83ef048,be0bbbcd,70ab92ef,0
w3103030:0 w3103034:c3 w3103038:6 w310303c:0 w310302c:0 w3103058:b140d11 w310305c:4041c w3103060:2040a09 w3103064:35005 w3103068:a020407 w310306c:5050502 r3103078:4ba66857 w3103078:fba66610 w3103080:2030101 w3103050:5127101 w3103054:32102261 w3103090:310054 w3103094:180000
320,6,7b7bfb,1,156199d0,1000,0,c3,6,0,4a229c,24231d1,54031,af0e4600,adb3f6a0,294ede10,66f9ddcf,f2ff5cd5,757fc9f0,d825e197,c83ef048,be0bbbcd,70ab92ef,0
0
---
timing 21
321,6,7b7bfb,1,6bc9947a,1101,1c70,42,18,0,84250764,909e4060,8cd272e0,8ee24acb,cabf5f78,96bee1c3,4414ca7c,cd00057b,cdc00154,f7853c88,e09a37d7,ac30337b,c3208fad,4
w3103030:0 w3103034:c3 w3103038:6 w310303c:0 w310302c:0 w3103058:b140d11 w310305c:4041c w3103060:2040a09 w3103064:35005 w3103068:a020407 w310306c:5050502 r3103078:26ccc054 w3103078:f6cc7610 w3103080:2030101 w3103050:51271c9 w3103054:3220226c w3103090:310054 w3103094:180000
321,6,7b7bfb,1,6bc9947a,1101,0,c3,6,0,4a229c,24231d1,54031,8ee24acb,cabf5f78,96bee1c3,4414ca7c,cd00057b,cdc00154,f7853c88,e09a37d7,ac30337b,c3208fad,4
0
---
timing 22
390,6,7b7bfb,1,e98f559d,1,1c70,42,18,0,d9621895,7e8db475,eb85403c,90d85d37,b91396c7,5a7188d0,e21516ca,1d15f88e,1780c658,5afa301f,25d795f5,2c3f6b5a,6434192d,8
w3103030:0 w3103034:c3 w3103038:6 w310303c:0 w310302c:0 w3103058:c170f14 w310305c:40420 w3103060:2040a09 w3103064:35005 w3103068:b020508 w310306c:5050502 r3103078:f75251ae w3103078:f7527610 w3103080:2030101 w3103050:5c2c881 w3103054:39102731 w3103090:380060 w3103094:1c0000
390,6,7b7bfb,1,e98f559d,1,0,c3,6,0,4baae0,2423a14,60038,90d85d37,b91396c7,5a7188d0,e21516ca,1d15f88e,1780c658,5afa301f,25d795f5,2c3f6b5a,6434192d,8
0
---
timing 23
391,6,7b7bfb,1,8bfb2fcf,1100,1c70,42,18,0,2ebc1293,1fc64186,d2e270f9,47b4370d,4d704815,6e42800f,d9476dc2,453377d,aff15e4c,7f89b8c2,5ef39b37,f3b83b29,4e2b2fd5,c
w3103030:0 w3103034:c3 w3103038:6 w310303c:0 w310302c:0 w3103058:c170f14 w310305c:40420 w3103060:2040a09 w3103064:35005 w3103068:b020508 w310306c:5050502 r3103078:a6bb4d72 w3103078:f6bb7610 w3103080:2030101 w3103050:5c2c949 w3103054:3920273c w3103090:380060 w3103094:1c0000
391,6,7b7bfb,1,8bfb2fcf,1100,0,c3,6,0,4baae0,2423a14,60038,47b4370d,4d704815,6e42800f,d9476dc2,453377d,aff15e4c,7f89b8c2,5ef39b37,f3b83b29,4e2b2fd5,c
0
---
timing 24
18,7,7b7bfb,1,c299f156,0,1c70,42,18,0,8827eceb,83897c06,f8463cd1,ff4216b2,bc80e8f7,8a0a6424,c89b21ee,ef809273,dd445446,20d9c108,f26c4573,7e75117b,7580005,0
w3103030:0 w3103034:c3 w3103038:a w310303c:0 w310302c:0 w3103058:a040001 w310305c:20701 w3103060:3060d0a w3103064:5500c w3103068:2020101 w310306c:5050503 r3103078:f0b274d9 w3103078:f0b26610 w3103080:2050102 w3103050:3012c1 w3103054:1900109 w3103090:20003 w3103094:10000
18,7,7b7bfb,1,c299f156,0,0,c3,a,0,420881,1211041,3002,ff4216b2,bc80e8f7,8a0a6424,c89b21ee,ef809273,dd445446,20d9c108,f26c4573,7e75117b,7580005,0
0
---
timing 25
198,7,7b7bfb,1,5edf44c0,1100,1c70,42,18,0,508dbe22,e85a1ee9,ac6289f7,6562001d,ec9c82d7,34bfeafc,18939cb8,d15b2fad,57429306,c23facbc,bce46bd,b2c2aa23,e2fc885b,4
w3103030:0 w3103034:c3 w3103038:a w310303c:0 w310302c:0 w3103058:c0b0609 w310305c:2040f w3103060:3060d0a w3103064:5500c w3103068:5020304 w310306c:5050503 r3103078:1475af27 w3103078:f4756610 w3103080:2050102 w3103050:2913ec1 w3103054:19901189 w3103090:19002b w3103094:c0000
198,7,7b7bfb,1,5edf44c0,1100,0,c3,a,0,45994f,1212109,2b019,6562001d,ec9c82d7,34bfeafc,18939cb8,d15b2fad,57429306,c23facbc,bce46bd,b2c2aa23,e2fc885b,4
0
---
timing 26
199,7,7b7bfb,1,31cd3165,1001,1c70,42,18,0,6dd09a35,ce5b14fe,fec20c5f,5f3f506f,eabd3264,d78f14bf,d1135800,cbda00f7,d0abfa9,93087555,5a2f44b,8ed26f47,c613eb19,8
w3103030:0 w3103034:c3 w3103038:a w310303c:0 w310302c:0 w3103058:c0b0609 w310305c:2040f w3103060:3060d0a w3103064:5500c w3103068:5020304 w310306c:5050503 r3103078:3adfa6ef w3103078:fadf6610 w3103080:2050102 w3103050:2913f89 w3103054:19a01194 w3103090:19002b w3103094:c0000
199,7,7b7bfb,1,31cd3165,1001,0,c3,a,0,45994f,1212109,2b019,5f3f506f,eabd3264,d78f14bf,d1135800,cbda00f7,d0abfa9,93087555,5a2f44b,8ed26f47,c613eb19,8
0
---
timing 27
19a,7,7b7bfb,1,5b3ce9b3,100,1c70,42,18,0,93310674,d4c6eb9c,b07502e,5a357cb1,6b0d4ff7,f0896d2,f8d2074a,792c309b,482aa70a,ba6a185b,d131eea3,adb183df,8e655463,c
w3103030:0 w3103034:c3 w3103038:a w310303c:0 w310302c:0 w3103058:c0b0609 w310305c:2040f w3103060:3060d0a w3103064:5500c w3103068:5020304 w310306c:5050503 r3103078:f726afe7 w3103078:f7266610 w3103080:2050102 w3103050:2a14051 w3103054:19b0119f w3103090:19002c w3103094:c0000
19a,7,7b7bfb,1,5b3ce9b3,100,0,c3,a,0,45994f,1212109,2c019,5a357cb1,6b0d4ff7,f0896d2,f8d2074a,792c309b,482aa70a,ba6a185b,d131eea3,adb183df,8e655463,c
0
---
timing 28
320,7,7b7bfb,1,676b1b69,1000,1c70,42,18,0,61790134,333824fe,9974d75b,2dc5fd3d,3af27f80,3f9931ee,221c4e00,c28753f8,162a01de,404b6eaf,baa1c6f1,6210b784,87e355b2,0
w3103030:0 w3103034:c3 w3103038:a w310303c:0 w310302c:0 w3103058:e140d11 w310305c:4041c w3103060:3060d0c w3103064:5500c w3103068:a020407 w310306c:5050503 r3103078:8db10b36 w3103078:fdb16610 w3103080:2050102 w3103050:5127101 w3103054:32102261 w3103090:310054 w3103094:180000
320,7,7b7bfb,1,676b1b69,1000,0,c3,a,0,4a229c,24231d1,54031,2dc5fd3d,3af27f80,3f9931ee,221c4e00,c28753f8,162a01de,404b6eaf,baa1c6f1,6210b784,87e355b2,0
0
---
timing 29
321,7,7b7bfb,1,254a9493,1101,1c70,42,18,0,75a3adb3,74761899,f3a3c571,c5521660,2cbc408c,b49c83dc,649dda6e,bb61a9cd,59885afc,6efacd5b,81c1e7ff,ccce240c,1c26ffa8,4
w3103030:0 w3103034:c3 w3103038:c w310303c:0 w310302c:0 w3103058:f140d11 w310305c:4041c w3103060:4070d0d w3103064:5500c w3103068:a020407 w310306c:5050503 r3103078:21ec71b2 w3103078:f1ec7610 w3103080:2060103 w3103050:51271c9 w3103054:3220226c w3103090:310054 w3103094:180000
321,7,7b7bfb,1,254a9493,1101,0,c3,c,0,4a229c,24231d1,54031,c5521660,2cbc408c,b49c83dc,649dda6e,bb61a9cd,59885afc,6efacd5b,81c1e7ff,ccce240c,1c26ffa8,4
0
---
timing 30
390,7,7b7bfb,1,94c662cd,1,1c70,42,18,0,d8dcb35f,31db6e32,e88b7591,f71ab247,8a0ac984,ec89b7a6,5bd21b6a,7796668d,c6bdf0d,a9d93650,80e6b5d0,36eafa28,9a1f7aa5,8
w3103030:0 w3103034:c3 w3103038:c w310303c:0 w310302c:0 w3103058:10170f14 w310305c:40420 w3103060:4070d0d w3103064:5500c w3103068:b020508 w310306c:5050503 r3103078:d40149d5 w3103078:f4017610 w3103080:2060103 w3103050:5c2c881 w3103054:39102731 w3103090:380060 w3103094:1c0000
390,7,7b7bfb,1,94c662cd,1,0,c3,c,0,4baae0,2423a14,60038,f71ab247,8a0ac984,ec89b7a6,5bd21b6a,7796668d,c6bdf0d,a9d93650,80e6b5d0,36eafa28,9a1f7aa5,8
0
---
timing 31
391,7,7b7bfb,1,25ee8c4c,1100,1c70,42,18,0,ad219146,9dafe6be,5bb58492,2b7087bd,8dee318d,b666dafe,a931c942,9b9ae91b,2eb749c1,6263f0db,4af52599,9e145325,6dda2c18,c
w3103030:0 w3103034:c3 w3103038:c w310303c:0 w310302c:0 w3103058:10170f14 w310305c:40420 w3103060:4070d0d w3103064:5500c w3103068:b020508 w310306c:5050503 r3103078:aa32cc63 w3103078:fa327610 w3103080:2060103 w3103050:5c2c949 w3103054:3920273c w3103090:380060 w3103094:1c0000
391,7,7b7bfb,1,25ee8c4c,1100,0,c3,c,0,4baae0,2423a14,60038,2b7087bd,8dee318d,b666dafe,a931c942,9b9ae91b,2eb749c1,6263f0db,4af52599,9e145325,6dda2c18,c
0
---
timing 32
18,0,7b7bfb,1,faa30751,0,1c70,42,18,0,b6dc0914,74cff6a6,ef2843ff,b8065be4,b24c01be,bc218121,d1798f84,3703cba3,b067e045,13fa4bdc,e990d3ba,9a4d6177,bd387424,0
w3103030:0 w3103034:0 w3103038:0 w310303c:0 w310302c:0 w3103058:c101b0e w310305c:a0314 w3103060:3030408 w3103064:2006 w3103068:6020306 w310306c:4040302 r3103078:996034ea w3103078:f9606610 w3103080:2010101 w3103050:0 w3103054:0 w3103090:620080 w3103094:310000
18,0,7b7bfb,1,faa30751,0,0,0,0,0,481994,531c18e,80062,b8065be4,b24c01be,bc218121,d1798f84,3703cba3,b067e045,13fa4bdc,e990d3ba,9a4d6177,bd387424,0
0
---
timing 33
198,0,7b7bfb,1,f5bffffb,1100,1c70,42,18,0,5002635,df327560,32a7cae9,bb5e253d,c54e6f4a,3a457647,641a7dc4,54a4f9d4,1b9ef96,b6bc4b02,200764ca,ce84821d,d1553cfd,4
w3103030:0 w3103034:0 w3103038:0 w310303c:0 w310302c:0 w3103058:c101b0e w310305c:a0314 w3103060:3030408 w3103064:2006 w3103068:6020306 w310306c:4040302 r3103078:d77a2cb3 w3103078:f77a6610 w3103080:2010101 w3103050:0 w3103054:0 w3103090:620080 w3103094:310000
198,0,7b7bfb,1,f5bffffb,1100,0,0,0,0,481994,531c18e,80062,bb5e253d,c54e6f4a,3a457647,641a7dc4,54a4f9d4,1b9ef96,b6bc4b02,200764ca,ce84821d,d1553cfd,4
0
---
timing 34
199,0,7b7bfb,1,e0cb1e6b,1001,1c70,42,18,0,97611f4e,595fd6ff,94aa3bff,ca6cddbf,1bc1ea75,f39b3ce8,8205da,4fed9189,862745e6,c4b0bf71,920a9cfc,55aed055,4af099ef,8
w3103030:0 w3103034:0 w3103038:0 w310303c:0 w310302c:0 w3103058:c101b0e w310305c:a0314 w3103060:3030408 w3103064:2006 w3103068:6020306 w310306c:4040302 r3103078:e76f6ddc w3103078:f76f6610 w3103080:2010101 w3103050:0 w3103054:0 w3103090:620080 w3103094:310000
199,0,7b7bfb,1,e0cb1e6b,1001,0,0,0,0,481994,531c18e,80062,ca6cddbf,1bc1ea75,f39b3ce8,8205da,4fed9189,862745e6,c4b0bf71,920a9cfc,55aed055,4af099ef,8
0
---
timing 35
19a,0,7b7bfb,1,b5ef5e70,100,1c70,42,18,0,fa6bb9c4,e6aefc3c,7aaf4542,44a9fde,8e2e7270,f12b0e59,86e1a812,d22d48a9,79e1d9f5,e82e7b3,f40b4328,ce6b7bae,425b1d24,c
w3103030:0 w3103034:0 w3103038:0 w310303c:0 w310302c:0 w3103058:c101b0e w310305c:a0314 w3103060:3030408 w3103064:2006 w3103068:6020306 w310306c:4040302 r3103078:2ebbbacc w3103078:febb6610 w3103080:2010101 w3103050:0 w3103054:0 w3103090:620080 w3103094:310000
19a,0,7b7bfb,1,b5ef5e70,100,0,0,0,0,481994,531c18e,80062,44a9fde,8e2e7270,f12b0e59,86e1a812,d22d48a9,79e1d9f5,e82e7b3,f40b4328,ce6b7bae,425b1d24,c
0
---
timing 36
320,0,7b7bfb,1,3f19711e,1000,1c70,42,18,0,9eabcba1,94cf6aba,c42e1ca0,f8e76873,ba241696,a86517e0,6cdf1fd1,7b867235,c360fa34,4f199094,f4fb23c6,2347f2d3,6caf8dfe,0
w3103030:0 w3103034:0 w3103038:0 w310303c:0 w310302c:0 w3103058:c101b0e w310305c:a0314 w3103060:3030408 w3103064:2006 w3103068:6020306 w310306c:4040302 r3103078:b5a05a1f w3103078:f5a06610 w3103080:2010101 w3103050:0 w3103054:0 w3103090:620080 w3103094:310000
320,0,7b7bfb,1,3f19711e,1000,0,0,0,0,481994,531c18e,80062,f8e76873,ba241696,a86517e0,6cdf1fd1,7b867235,c360fa34,4f199094,f4fb23c6,2347f2d3,6caf8dfe,0
0
---
timing 37
321,0,7b7bfb,1,2169c619,1101,1c70,42,18,0,b71e4512,d0cd69f3,15bf60ec,e1648ed3,a96a46ac,629567d6,ba7037af,46ccd0fa,60cd6687,32254d5b,f8530c3c,14b6a7d8,4ca84809,4
w3103030:0 w3103034:0 w3103038:0 w310303c:0 w310302c:0 w3103058:c101b0e w310305c:a0314 w3103060:3030408 w3103064:2006 w3103068:6020306 w310306c:4040302 r3103078:10c852a9 w3103078:f0c87610 w3103080:2010101 w3103050:0 w3103054:0 w3103090:620080 w3103094:310000
321,0,7b7bfb,1,2169c619,1101,0,0,0,0,481994,531c18e,80062,e1648ed3,a96a46ac,629567d6,ba7037af,46ccd0fa,60cd6687,32254d5b,f8530c3c,14b6a7d8,4ca84809,4
0
---
timing 38
390,0,7b7bfb,1,4792c102,1,1c70,42,18,0,3aa0c8cd,75934e8d,733611da,8c17507a,ec99dba,19fbf155,3a47d860,809126a8,7f7f9721,f4d4abc8,4c7c1dfc,900be24c,eaa35419,8
w3103030:0 w3103034:0 w3103038:0 w310303c:0 w310302c:0 w3103058:c101b0e w310305c:a0314 w3103060:3030408 w3103064:2006 w3103068:6020306 w310306c:4040302 r3103078:2ae305fc w3103078:fae37610 w3103080:2010101 w3103050:0 w3103054:0 w3103090:620080 w3103094:310000
390,0,7b7bfb,1,4792c102,1,0,0,0,0,481994,531c18e,80062,8c17507a,ec99dba,19fbf155,3a47d860,809126a8,7f7f9721,f4d4abc8,4c7c1dfc,900be24c,eaa35419,8
0
---
timing 39
391,0,7b7bfb,1,ef2bcaab,1100,1c70,42,18,0,fdaec44e,63563e6e,cb6e16b3,d25713cb,99a3bb57,3f6d6d0f,69553455,7b685e0f,b6a8d5cf,460c3c3d,a3597161,8ac1dbca,b0583de6,c
w3103030:0 w3103034:0 w3103038:0 w310303c:0 w310302c:0 w3103058:c101b0e w310305c:a0314 w3103060:3030408 w3103064:2006 w3103068:6020306 w310306c:4040302 r3103078:b5baac14 w3103078:f5ba7610 w3103080:2010101 w3103050:0 w3103054:0 w3103090:620080 w3103094:310000
391,0,7b7bfb,1,ef2bcaab,1100,0,0,0,0,481994,531c18e,80062,d25713cb,99a3bb57,3f6d6d0f,69553455,7b685e0f,b6a8d5cf,460c3c3d,a3597161,8ac1dbca,b0583de6,c
0
---
timing 40
18,2,7b7bfb,1,d3c17334,0,1c70,42,18,0,f2df6035,3677a4a5,ebd05eb7,f148f456,50e3b412,7e7185c5,31b7ab97,65c8459f,6abea298,9dfe8107,cfc98abd,2b6cd554,a13614ae,2
w3103030:a63 w3103034:42 w3103038:0 w310303c:0 w310302c:0 w3103058:93e0025 w310305c:c0f35 w3103060:303040c w3103064:200c w3103068:60c12 w310306c:5050403 r3103078:8c485892 w3103078:fc486610 w3103080:2010101 w3103050:d02581 w3103054:19012c1 w3103090:eb70105 w3103094:75b0000
18,2,7b7bfb,1,d3c17334,0,a63,42,0,0,f2df6035,3677a4a5,ebd05eb7,f148f456,50e3b412,7e7185c5,31b7ab97,65c8459f,6abea298,9dfe8107,cfc98abd,2b6cd554,a13614ae,2
0
---
timing 41
198,2,7b7bfb,1,7b32fabb,1100,1c70,42,18,0,d53d50bd,aa84b6d2,946dd889,9ead6bde,4c81e71b,b30eb5b3,77087fcd,e6faae7c,6bc33fa0,c076d94a,a9dec607,299ea215,5ccc3f84,6
w3103030:a63 w3103034:42 w3103038:0 w310303c:0 w310302c:0 w3103058:b3a0d12 w310305c:15093d w3103060:3030405 w3103064:200c w3103068:2010a1b w310306c:5050403 r3103078:b858e4d3 w3103078:f8586610 w3103080:2010101 w3103050:cd27d81 w3103054:19913ec1 w3103090:88900dd w3103094:4440000
198,2,7b7bfb,1,7b32fabb,1100,a63,42,0,0,d53d50bd,aa84b6d2,946dd889,9ead6bde,4c81e71b,b30eb5b3,77087fcd,e6faae7c,6bc33fa0,c076d94a,a9dec607,299ea215,5ccc3f84,6
0
---
timing 42
199,2,7b7bfb,1,7d27934,1001,1c70,42,18,0,a7637e08,de1c372f,cfd8984b,b8d9f935,464f6b5b,4936248,7a772101,8cc8a0f8,590cbabc,3d19e971,6fbc57bb,e1bb0b42,7f9a4d3,a
w3103030:a63 w3103034:42 w3103038:0 w310303c:0 w310302c:0 w3103058:b060d2f w310305c:1c1808 w3103060:3030406 w3103064:200c w3103068:18030f1c w310306c:5050403 r3103078:2f86837b w3103078:ff866610 w3103080:2010101 w3103050:cd27f11 w3103054:19a13f89 w3103090:84b0189 w3103094:4250000
199,2,7b7bfb,1,7d27934,1001,a63,42,0,0,a7637e08,de1c372f,cfd8984b,b8d9f935,464f6b5b,4936248,7a772101,8cc8a0f8,590cbabc,3d19e971,6fbc57bb,e1bb0b42,7f9a4d3,a
0
---
timing 43
19a,2,7b7bfb,1,3dadf2e8,100,1c70,42,18,0,900e5836,190f2327,561b1172,aa7a21d4,f684ad17,3e54521d,a05468eb,9fcfd575,c37a3d3,274e5a9b,84c72b83,fb16e776,87d7bcc3,e
w3103030:e73 w3103034:42 w3103038:0 w310303c:0 w310302c:0 w3103058:91c0d27 w310305c:121e36 w3103060:3040405 w3103064:200c w3103068:b0c w310306c:5050403 r3103078:ba88b7c8 w3103078:fa886610 w3103080:2020101 w3103050:ce280a1 w3103054:19b14051 w3103090:17201b1 w3103094:b90000
19a,2,7b7bfb,1,3dadf2e8,100,e73,42,0,0,900e5836,190f2327,561b1172,aa7a21d4,f684ad17,3e54521d,a05468eb,9fcfd575,c37a3d3,274e5a9b,84c72b83,fb16e776,87d7bcc3,e
0
---
timing 44
320,2,7b7bfb,1,e559dbb2,1000,1c70,42,18,0,4882cb35,326a54f5,c702a3d5,1d0661d2,898f0eb2,1cbbcddf,55a2de53,c11a1089,df74079a,dba61532,8c842b9e,fdcf5506,4ac206e6,2
w3103030:e73 w3103034:42 w3103038:0 w310303c:0 w310302c:0 w3103058:f051a35 w310305c:41435 w3103060:304040b w3103064:200c w3103068:c040913 w310306c:5050403 r3103078:d423aa33 w3103078:f4236610 w3103080:2020101 w3103050:1914e201 w3103054:32127101 w3103090:3d5002a w3103094:1ea0000
320,2,7b7bfb,1,e559dbb2,1000,e73,42,0,0,4882cb35,326a54f5,c702a3d5,1d0661d2,898f0eb2,1cbbcddf,55a2de53,c11a1089,df74079a,dba61532,8c842b9e,fdcf5506,4ac206e6,2
0
---
timing 45
321,2,7b7bfb,1,d2447cb9,1101,1c70,42,18,0,bed9c258,998cd50d,8bd5502c,b8ddc6d8,4c534788,23c208e,c0ba7e05,a571b2ac,1ed4c8fd,bcd4f2ea,21d6a44c,7b1059e0,f7aea06b,6
w3103030:e73 w3103034:42 w3103038:0 w310303c:0 w310302c:0 w3103058:f331a0d w310305c:131918 w3103060:3040405 w3103064:200c w3103068:9060814 w310306c:5050403 r3103078:ca4e871a w3103078:fa4e7610 w3103080:2020101 w3103050:1914e391 w3103054:322271c9 w3103090:2c0155 w3103094:160000
321,2,7b7bfb,1,d2447cb9,1101,e73,42,0,0,bed9c258,998cd50d,8bd5502c,b8ddc6d8,4c534788,23c208e,c0ba7e05,a571b2ac,1ed4c8fd,bcd4f2ea,21d6a44c,7b1059e0,f7aea06b,6
0
---
timing 46
390,2,7b7bfb,1,3d776476,1,1c70,42,18,0,2e70cb69,2a164769,35b48ae6,665c7567,d7d4cac3,289da082,8efd0f56,681aa4cf,b3a52817,1e0a5fa1,b7476720,86f956de,f2a3bc78,a
w3103030:e73 w3103034:42 w3103038:0 w310303c:0 w310302c:0 w3103058:d211e29 w310305c:140c29 w3103060:3040406 w3103064:200c w3103068:d03091d w310306c:5050403 r3103078:6a5c9d94 w3103078:fa5c7610 w3103080:2020101 w3103050:1c959101 w3103054:3912c881 w3103090:ae60148 w3103094:5730000
390,2,7b7bfb,1,3d776476,1,e73,42,0,0,2e70cb69,2a164769,35b48ae6,665c7567,d7d4cac3,289da082,8efd0f56,681aa4cf,b3a52817,1e0a5fa1,b7476720,86f956de,f2a3bc78,a
0
---
timing 47
391,2,7b7bfb,1,b602ef1b,1100,1c70,42,18,0,a1c484b3,2ebad8d7,4fea6a7a,195917fa,b3dee3c6,5cbdee96,4b3ed3ff,c49f5b17,49afd50,4dc32b3d,54fbf74f,e2c3fe42,6bc822d,e
w3103030:e73 w3103034:42 w3103038:0 w310303c:0 w310302c:0 w3103058:10091e17 w310305c:1d1533 w3103060:3040408 w3103064:200c w3103068:12060003 w310306c:5050403 r3103078:409fac4d w3103078:f09f7610 w3103080:2020101 w3103050:1c959291 w3103054:3922c949 w3103090:a7a00a6 w3103094:53d0000
391,2,7b7bfb,1,b602ef1b,1100,e73,42,0,0,a1c484b3,2ebad8d7,4fea6a7a,195917fa,b3dee3c6,5cbdee96,4b3ed3ff,c49f5b17,49afd50,4dc32b3d,54fbf74f,e2c3fe42,6bc822d,e
0
---
timing 48
18,3,7b7bfb,1,ed22d6f2,0,1c70,42,18,0,493717c4,2e089d5a,bd0fd87c,c8ba0fef,ee792a38,89e4ac58,aa53a111,fa6b384d,c11a9350,8da0f4c0,c1733693,6ec5b987,1bc81af2,2
w3103030:1c70 w3103034:42 w3103038:18 w310303c:0 w310302c:0 w3103058:92e001a w310305c:1c1104 w3103060:4060506 w3103064:400c w3103068:1f010215 w310306c:5050403 r3103078:d98b108e w3103078:f98b6610 w3103080:2040102 w3103050:902ee1 w3103054:19012c1 w3103090:87c00fd w3103094:43e0000
18,3,7b7bfb,1,ed22d6f2,0,1c70,42,18,0,493717c4,2e089d5a,bd0fd87c,c8ba0fef,ee792a38,89e4ac58,aa53a111,fa6b384d,c11a9350,8da0f4c0,c1733693,6ec5b987,1bc81af2,2
0
---
timing 49
198,3,7b7bfb,1,83d2f947,1100,1c70,42,18,0,3f75a07f,304b3f17,f1ff7a3c,f3f288b4,e52a10c4,a2a0fe92,bbde4bef,96f41453,abc30f70,f0bfa54f,7663b860,175b67b1,50ad6273,6
w3103030:1c70 w3103034:42 w3103038:18 w310303c:0 w310302c:0 w3103058:d2b0d17 w310305c:163f w3103060:406050a w3103064:400c w3103068:103041c w310306c:5050403 r3103078:822d20c w3103078:f8226610 w3103080:2040102 w3103050:9331ce1 w3103054:19913ec1 w3103090:a3c01f7 w3103094:51e0000
198,3,7b7bfb,1,83d2f947,1100,1c70,42,18,0,3f75a07f,304b3f17,f1ff7a3c,f3f288b4,e52a10c4,a2a0fe92,bbde4bef,96f41453,abc30f70,f0bfa54f,7663b860,175b67b1,50ad6273,6
0
---
timing 50
199,3,7b7bfb,1,165963e8,1001,1c70,42,18,0,37d8cb30,9574725f,df947fcc,65d30abe,a02eda1d,ea2736dc,2d2bcb9e,9d4ea394,cc8fcc15,85c42b76,2d633ba5,f02bdc17,549bf87c,a
w3103030:1c70 w3103034:42 w3103038:18 w310303c:0 w310302c:0 w3103058:14310d1f w310305c:a0830 w3103060:406050d w3103064:400c w3103068:c060909 w310306c:5050403 r3103078:11a14011 w3103078:f1a16610 w3103080:2040102 w3103050:9431ed5 w3103054:19a13f89 w3103090:fcc0147 w3103094:7e60000
199,3,7b7bfb,1,165963e8,1001,1c70,42,18,0,37d8cb30,9574725f,df947fcc,65d30abe,a02eda1d,ea2736dc,2d2bcb9e,9d4ea394,cc8fcc15,85c42b76,2d633ba5,f02bdc17,549bf87c,a
0
---
timing 51
19a,3,7b7bfb,1,829092bf,100,1c70,42,18,0,368b43ae,98d4dddc,df368030,4d6369ee,e8d7c218,ee168dc4,122c0589,bad018bf,5dd6450c,c2d1d78b,385f5c91,754633d4,f9433a96,e
w3103030:1c70 w3103034:42 w3103038:18 w310303c:0 w310302c:0 w3103058:11160d1c w310305c:11092e w3103060:406050b w3103064:400c w3103068:e040817 w310306c:5050403 r3103078:95a803f6 w3103078:f5a86610 w3103080:2040102 w3103050:94320c9 w3103054:19b14051 w3103090:300168 w3103094:180000
19a,3,7b7bfb,1,829092bf,100,1c70,42,18,0,368b43ae,98d4dddc,df368030,4d6369ee,e8d7c218,ee168dc4,122c0589,bad018bf,5dd6450c,c2d1d78b,385f5c91,754633d4,f9433a96,e
0
---
timing 52
320,3,7b7bfb,1,d67b366,1000,1c70,42,18,0,44867db3,1651ddae,c4da537c,6840ff07,443cdef3,1b923e0a,d6a82a95,e6b4f832,dff4948f,9c47055,610e4ad5,8944897c,8ff41e8d,2
w3103030:1c70 w3103034:42 w3103038:18 w310303c:0 w310302c:0 w3103058:110c1a2e w310305c:c0333 w3103060:406050b w3103064:400c w3103068:16040f16 w310306c:5050403 r3103078:69dcb78f w3103078:f9dc6610 w3103080:2040102 w3103050:12161a81 w3103054:32127101 w3103090:37c01a5 w3103094:1be0000
320,3,7b7bfb,1,d67b366,1000,1c70,42,18,0,44867db3,1651ddae,c4da537c,6840ff07,443cdef3,1b923e0a,d6a82a95,e6b4f832,dff4948f,9c47055,610e4ad5,8944897c,8ff41e8d,2
0
---
timing 53
321,3,7b7bfb,1,f5f5ba41,1101,1c70,42,18,0,471e6c53,8c5a75dd,177f6dd,2d5514c4,f287c9bf,f72a5c49,f2d810d,6a8b5d22,478ab7bd,c99bede1,5d39ca12,816409d,51183073,6
w3103030:1e14 w3103034:42 w3103038:20 w310303c:0 w310302c:0 w3103058:153c1a1d w310305c:181413 w3103060:507050c w3103064:400c w3103068:11000d17 w310306c:5050403 r3103078:5b5d03c7 w3103078:fb5d7610 w3103080:2050103 w3103050:12161c75 w3103054:322271c9 w3103090:6dd017f w3103094:36e0000
321,3,7b7bfb,1,f5f5ba41,1101,1e14,42,20,0,471e6c53,8c5a75dd,177f6dd,2d5514c4,f287c9bf,f72a5c49,f2d810d,6a8b5d22,478ab7bd,c99bede1,5d39ca12,816409d,51183073,6
0
---
timing 54
390,3,7b7bfb,1,e66a3733,1,1c70,42,18,0,3e2802d6,38f7e030,d413ffc6,cedc267a,99417427,4d0a73ee,913400e0,bcb7d9c4,2e6d3732,59df9f7c,269a25b5,9b85a888,4e57e501,a
w3103030:1e14 w3103034:42 w3103038:20 w310303c:0 w310302c:0 w3103058:13101e30 w310305c:110f16 w3103060:507050e w3103064:400c w3103068:b010000 w310306c:5050403 r3103078:9f22f234 w3103078:ff227610 w3103080:2050103 w3103050:1496f541 w3103054:3912c881 w3103090:fc6013f w3103094:7e30000
390,3,7b7bfb,1,e66a3733,1,1e14,42,20,0,3e2802d6,38f7e030,d413ffc6,cedc267a,99417427,4d0a73ee,913400e0,bcb7d9c4,2e6d3732,59df9f7c,269a25b5,9b85a888,4e57e501,a
0
---
timing 55
391,3,7b7bfb,1,929463a5,1100,1c70,42,18,0,f6a6b17,93fbfec3,98711d84,74d32c6f,3f5badd3,a5272f45,2cde10dc,78cae60d,e157421d,790a5302,3a9eda4b,28341703,ad65165f,e
w3103030:1e14 w3103034:42 w3103038:20 w310303c:0 w310302c:0 w3103058:16141e03 w310305c:71717 w3103060:507060e w3103064:400c w3103068:c030d1b w310306c:5050403 r3103078:d4b346f1 w3103078:f4b37610 w3103080:2050103 w3103050:1496f735 w3103054:3922c949 w3103090:d840111 w3103094:6c20000
391,3,7b7bfb,1,929463a5,1100,1e14,42,20,0,f6a6b17,93fbfec3,98711d84,74d32c6f,3f5badd3,a5272f45,2cde10dc,78cae60d,e157421d,790a5302,3a9eda4b,28341703,ad65165f,e
0
---
timing 56
18,6,7b7bfb,1,b6951b3,0,1c70,42,18,0,e990bf36,9fb81994,949b7030,9065a872,d28fe89f,191b316d,60877be,7a3577d,44a968e8,f0ac05f8,33f9aaa7,687adef7,3a0a5295,2
w3103030:0 w3103034:c3 w3103038:6 w310303c:0 w310302c:0 w3103058:8210014 w310305c:1f1036 w3103060:2040a08 w3103064:35005 w3103068:1c040706 w310306c:5050502 r3103078:925ed147 w3103078:f25e6610 w3103080:2030101 w3103050:3012c1 w3103054:1900109 w3103090:3001b7 w3103094:180000
18,6,7b7bfb,1,b6951b3,0,0,c3,6,0,e990bf36,9fb81994,949b7030,9065a872,d28fe89f,191b316d,60877be,7a3577d,44a968e8,f0ac05f8,33f9aaa7,687adef7,3a0a5295,2
0
---
timing 57
198,6,7b7bfb,1,f0a612e1,1100,1c70,42,18,0,d974b822,3c94f8e0,67d9849f,82f2681e,5d2d8167,2250963d,7bb2dae3,75dce9e,fc377c61,277a4c28,5190feda,a352a3c3,8a1d921c,6
w3103030:0 w3103034:c3 w3103038:6 w310303c:0 w310302c:0 w3103058:14290620 w310305c:190922 w3103060:2040a06 w3103064:35005 w3103068:30703 w310306c:5050502 r3103078:9fef3e4a w3103078:ffef6610 w3103080:2030101 w3103050:2913ec1 w3103054:19901189 w3103090:49f0198 w3103094:24f0000
198,6,7b7bfb,1,f0a612e1,1100,0,c3,6,0,d974b822,3c94f8e0,67d9849f,82f2681e,5d2d8167,2250963d,7bb2dae3,75dce9e,fc377c61,277a4c28,5190feda,a352a3c3,8a1d921c,6
0
---
timing 58
199,6,7b7bfb,1,960a80da,1001,1c70,42,18,0,de3720e8,c8330e01,853720c5,459481d2,bd205e0,e2660782,e994fca3,e36bbfe6,b1dc01d6,f48280a5,6617dd57,a1808a5c,398604aa,a
w3103030:0 w3103034:c3 w3103038:6 w310303c:0 w310302c:0 w3103058:62e0601 w310305c:100628 w3103060:2040a08 w3103064:35005 w3103068:3010418 w310306c:5050502 r3103078:e366b4d5 w3103078:f3666610 w3103080:2030101 w3103050:2913f89 w3103054:19a01194 w3103090:c50172 w3103094:620000
199,6,7b7bfb,1,960a80da,1001,0,c3,6,0,de3720e8,c8330e01,853720c5,459481d2,bd205e0,e2660782,e994fca3,e36bbfe6,b1dc01d6,f48280a5,6617dd57,a1808a5c,398604aa,a
0
---
timing 59
19a,6,7b7bfb,1,85102adc,100,1c70,42,18,0,6ceb3add,45f868ea,c8d611ab,bda4fb60,a902b8da,cc37aad3,70ada6b4,a5b1d8ef,757903e1,59da57b,5bbd9a94,3d717e3c,94c68137,e
w3103030:0 w3103034:c3 w3103038:6 w310303c:0 w310302c:0 w3103058:1216062a w310305c:b101d w3103060:2040a0c w3103064:35005 w3103068:b070703 w310306c:5050502 r3103078:62d50f7 w3103078:f62d6610 w3103080:2030101 w3103050:2a14051 w3103054:19b0119f w3103090:1ab0161 w3103094:d50000
19a,6,7b7bfb,1,85102adc,100,0,c3,6,0,6ceb3add,45f868ea,c8d611ab,bda4fb60,a902b8da,cc37aad3,70ada6b4,a5b1d8ef,757903e1,59da57b,5bbd9a94,3d717e3c,94c68137,e
0
---
timing 60
320,6,7b7bfb,1,50c05c5b,1000,1c70,42,18,0,5f58d8c0,c516171b,820c33d3,166c1a92,64951784,496d4a4d,458018c,63f611ae,c774292f,e54b0b88,1f8938a1,591c9fb9,90a6e586,2
w3103030:0 w3103034:c3 w3103038:6 w310303c:0 w310302c:0 w3103058:7310d1b w310305c:a0c00 w3103060:2040a06 w3103064:35005 w3103068:3020b1c w310306c:5050502 r3103078:c9c76620 w3103078:f9c76610 w3103080:2030101 w3103050:5127101 w3103054:32102261 w3103090:3d300c3 w3103094:1e90000
320,6,7b7bfb,1,50c05c5b,1000,0,c3,6,0,5f58d8c0,c516171b,820c33d3,166c1a92,64951784,496d4a4d,458018c,63f611ae,c774292f,e54b0b88,1f8938a1,591c9fb9,90a6e586,2
0
---
timing 61
321,6,7b7bfb,1,6994ef90,1101,1c70,42,18,0,27e0cad5,686079cb,fefa5bf,e5d37f21,2bc5ee24,e5e94b51,a9fd207,4e9e2e1b,1f5d5508,d93cd59a,c6ca90c2,f54efa85,cae662e8,6
w3103030:0 w3103034:c3 w3103038:6 w310303c:0 w310302c:0 w3103058:14010d0b w310305c:100015 w3103060:2040a0b w3103064:35005 w3103068:b070907 w310306c:5050502 r3103078:b5004207 w3103078:f5007610 w3103080:2030101 w3103050:51271c9 w3103054:3220226c w3103090:5bf00fa w3103094:2df0000
321,6,7b7bfb,1,6994ef90,1101,0,c3,6,0,27e0cad5,686079cb,fefa5bf,e5d37f21,2bc5ee24,e5e94b51,a9fd207,4e9e2e1b,1f5d5508,d93cd59a,c6ca90c2,f54efa85,cae662e8,6
0
---
timing 62
390,6,7b7bfb,1,7e6bd113,1,1c70,42,18,0,5abf980c,7b7b8bc4,52841ead,c4da1513,9d974c06,ceebf3cd,c592d50d,56b3c64a,e1bc7b12,8b8532ab,b190e24f,9ef42886,bdfcdf2b,a
w3103030:0 w3103034:c3 w3103038:6 w310303c:0 w310302c:0 w3103058:63f0f04 w310305c:16170c w3103060:2040a0c w3103064:35005 w3103068:5030f w310306c:5050502 r3103078:e16ab72d w3103078:f16a7610 w3103080:2030101 w3103050:5c2c881 w3103054:39102731 w3103090:ead0041 w3103094:7560000
390,6,7b7bfb,1,7e6bd113,1,0,c3,6,0,5abf980c,7b7b8bc4,52841ead,c4da1513,9d974c06,ceebf3cd,c592d50d,56b3c64a,e1bc7b12,8b8532ab,b190e24f,9ef42886,bdfcdf2b,a
0
---
timing 63
391,6,7b7bfb,1,7bef34fb,1100,1c70,42,18,0,85ebc284,32e2795e,b9ce596f,fbdf866b,8ea6022c,e93a0c45,b8a12ab1,bf011acc,a35b139e,d5ee75d0,20725940,6e23220,a7c10ba4,e
w3103030:0 w3103034:c3 w3103038:6 w310303c:0 w310302c:0 w3103058:14170f1e w310305c:50404 w3103060:2040a0b w3103064:35005 w3103068:a070805 w310306c:5050502 r3103078:428f2a32 w3103078:f28f7610 w3103080:2030101 w3103050:5c2c949 w3103054:3920273c w3103090:96f00e5 w3103094:4b70000
391,6,7b7bfb,1,7bef34fb,1100,0,c3,6,0,85ebc284,32e2795e,b9ce596f,fbdf866b,8ea6022c,e93a0c45,b8a12ab1,bf011acc,a35b139e,d5ee75d0,20725940,6e23220,a7c10ba4,e
0
---
timing 64
18,7,7b7bfb,1,ab66a5ec,0,1c70,42,18,0,5fa32973,a01eb7a2,a4af29b2,9530ae7e,46bd969b,7ce69e14,4b3f167e,d226a69f,b4b011b3,1ee49a7c,73d70f74,486d1895,2fd53ad,2
w3103030:0 w3103034:c3 w3103038:a w310303c:0 w310302c:0 w3103058:e060022 w310305c:1d33 w3103060:3060d09 w3103064:5500c w3103068:505051e w310306c:5050503 r3103078:ea1fdacc w3103078:fa1f6610 w3103080:2050102 w3103050:3012c1 w3103054:1900109 w3103090:9b200f2 w3103094:4d90000
18,7,7b7bfb,1,ab66a5ec,0,0,c3,a,0,5fa32973,a01eb7a2,a4af29b2,9530ae7e,46bd969b,7ce69e14,4b3f167e,d226a69f,b4b011b3,1ee49a7c,73d70f74,486d1895,2fd53ad,2
0
---
timing 65
198,7,7b7bfb,1,93622339,1100,1c70,42,18,0,6dc8e7fa,8731232d,f8a6535,6ee356c0,7ec2686b,c3a9b4ae,339f3dcc,6c357809,b207cbcc,23ceb501,2a8dd0df,a3311164,7f93f17e,6
w3103030:0 w3103034:c3 w3103038:a w310303c:0 w310302c:0 w3103058:c11062d w310305c:e023a w3103060:3060d0b w3103064:5500c w3103068:1f060c0c w310306c:5050503 r3103078:1719204b w3103078:f7196610 w3103080:2050102 w3103050:2913ec1 w3103054:19901189 w3103090:53500a6 w3103094:29a0000
198,7,7b7bfb,1,93622339,1100,0,c3,a,0,6dc8e7fa,8731232d,f8a6535,6ee356c0,7ec2686b,c3a9b4ae,339f3dcc,6c357809,b207cbcc,23ceb501,2a8dd0df,a3311164,7f93f17e,6
0
---
timing 66
199,7,7b7bfb,1,12869db2,1001,1c70,42,18,0,2e7cca21,68fbfe79,535d9189,fd81555b,3143ff7d,3b1db897,7d045163,59497b65,2958441,d215c434,67a66187,e65bd42b,ddd4441c,a
w3103030:0 w3103034:c3 w3103038:a w310303c:0 w310302c:0 w3103058:17390639 w310305c:111721 w3103060:3060d0f w3103064:5500c w3103068:8030919 w310306c:5050503 r3103078:6c95dc1f w3103078:fc956610 w3103080:2050102 w3103050:2913f89 w3103054:19a01194 w3103090:18901d9 w3103094:c40000
199,7,7b7bfb,1,12869db2,1001,0,c3,a,0,2e7cca21,68fbfe79,535d9189,fd81555b,3143ff7d,3b1db897,7d045163,59497b65,2958441,d215c434,67a66187,e65bd42b,ddd4441c,a
0
---
timing 67
19a,7,7b7bfb,1,31850b2b,100,1c70,42,18,0,61c461dc,733a2a58,f268d1c3,b2baf035,4d2e2a4e,354fcb69,85b65acf,dccb5dcf,450b7363,3f6e0734,2f618e4d,2570e3fb,d01fce8e,e
w3103030:0 w3103034:c3 w3103038:a w310303c:0 w310302c:0 w3103058:d080618 w310305c:6141c w3103060:3060d0b w3103064:5500c w3103068:7060c09 w310306c:5050503 r3103078:15ccb216 w3103078:f5cc6610 w3103080:2050102 w3103050:2a14051 w3103054:19b0119f w3103090:1c3008d w3103094:e10000
19a,7,7b7bfb,1,31850b2b,100,0,c3,a,0,61c461dc,733a2a58,f268d1c3,b2baf035,4d2e2a4e,354fcb69,85b65acf,dccb5dcf,450b7363,3f6e0734,2f618e4d,2570e3fb,d01fce8e,e
0
---
timing 68
320,7,7b7bfb,1,62f861,1000,1c70,42,18,0,f59dfd41,b1eaafa7,9dbeccbd,89f0c53b,9b98d9f7,e422b73b,e057cdd3,f0b819c1,dcf101d2,a821fc6e,4dac9c8b,bfb497dc,e64dd779,2
w3103030:0 w3103034:c3 w3103038:a w310303c:0 w310302c:0 w3103058:d3b0d27 w310305c:31501 w3103060:3060d0e w3103064:5500c w3103068:15040f1e w310306c:5050503 r3103078:3f1378b3 w3103078:ff136610 w3103080:2050102 w3103050:5127101 w3103054:32102261 w3103090:cbd01ec w3103094:65e0000
320,7,7b7bfb,1,62f861,1000,0,c3,a,0,f59dfd41,b1eaafa7,9dbeccbd,89f0c53b,9b98d9f7,e422b73b,e057cdd3,f0b819c1,dcf101d2,a821fc6e,4dac9c8b,bfb497dc,e64dd779,2
0
---
timing 69
321,7,7b7bfb,1,c586fbcc,1101,1c70,42,18,0,df276662,1852bc79,7bafecf,4451dc0c,4a8a615,881e8076,bb571c99,d9a30e1,adeed644,b8ed34e5,39eefd79,3da90fb,83d34f46,6
w3103030:0 w3103034:c3 w3103038:c w310303c:0 w310302c:0 w3103058:100e0d39 w310305c:100522 w3103060:4070d0e w3103064:5500c w3103068:19010c11 w310306c:5050503 r3103078:c15e8e94 w3103078:f15e7610 w3103080:2060103 w3103050:51271c9 w3103054:3220226c w3103090:ecf01af w3103094:7670000
321,7,7b7bfb,1,c586fbcc,1101,0,c3,c,0,df276662,1852bc79,7bafecf,4451dc0c,4a8a615,881e8076,bb571c99,d9a30e1,adeed644,b8ed34e5,39eefd79,3da90fb,83d34f46,6
0
---
timing 70
390,7,7b7bfb,1,846f2469,1,1c70,42,18,0,c7597597,7ba5f0b,94918827,c8bb4920,799ad194,2d67e399,92d99954,b29ff1d0,7659c43d,6afff4,ecd3a884,44d90807,a6a73235,a
w3103030:0 w3103034:c3 w3103038:c w310303c:0 w310302c:0 w3103058:14320f0b w310305c:f1417 w3103060:4070d0c w3103064:5500c w3103068:16020e1c w310306c:5050503 r3103078:3dd4c88b w3103078:fdd47610 w3103080:2060103 w3103050:5c2c881 w3103054:39102731 w3103090:8270118 w3103094:4130000
390,7,7b7bfb,1,846f2469,1,0,c3,c,0,c7597597,7ba5f0b,94918827,c8bb4920,799ad194,2d67e399,92d99954,b29ff1d0,7659c43d,6afff4,ecd3a884,44d90807,a6a73235,a
0
---
timing 71
391,7,7b7bfb,1,95248411,1100,1c70,42,18,0,b16d6aef,ae20f0c1,a3c967ff,7caf914f,2a540945,7c6cb624,49186ff4,5867873b,5b9ce410,d56c5264,cb01cd99,430bb949,9e63371,e
w3103030:0 w3103034:c3 w3103038:c w310303c:0 w310302c:0 w3103058:171a0f01 w310305c:1c062f w3103060:4070d0b w3103064:5500c w3103068:b030d03 w310306c:5050503 r3103078:74125efc w3103078:f4127610 w3103080:2060103 w3103050:5c2c949 w3103054:3920273c w3103090:7ff0096 w3103094:3ff0000
391,7,7b7bfb,1,95248411,1100,0,c3,c,0,b16d6aef,ae20f0c1,a3c967ff,7caf914f,2a540945,7c6cb624,49186ff4,5867873b,5b9ce410,d56c5264,cb01cd99,430bb949,9e63371,e
0
---
timing 72
18,0,7b7bfb,1,e807f0bf,0,1c70,42,18,0,2f15f3be,d9f55ffe,f3f2a46a,bbaa866,4114fa8,39e0488d,2443a56d,3e98d9bd,154b958c,bbabea96,68c96bf3,7eb4b643,238703de,2
w3103030:0 w3103034:0 w3103038:0 w310303c:0 w310302c:0 w3103058:c2b1b3e w310305c:130a3e w3103060:3030408 w3103064:2006 w3103068:e000e1f w310306c:4040302 r3103078:1e4483bb w3103078:fe446610 w3103080:2010101 w3103050:0 w3103054:0 w3103090:46a012a w3103094:2350000
18,0,7b7bfb,1,e807f0bf,0,0,0,0,0,2f15f3be,d9f55ffe,f3f2a46a,bbaa866,4114fa8,39e0488d,2443a56d,3e98d9bd,154b958c,bbabea96,68c96bf3,7eb4b643,238703de,2
0
---
timing 73
198,0,7b7bfb,1,72c1a41d,1100,1c70,42,18,0,9082d4f,74534030,14ddd9d0,f1e17366,d884e6f2,b8d358ca,2b723eff,cf56aec4,6591e9f6,16bbb59e,a9fd17d3,68dc7037,7f3e17df,6
w3103030:0 w3103034:0 w3103038:0 w310303c:0 w310302c:0 w3103058:c101b30 w310305c:8060f w3103060:3030408 w3103064:2006 w3103068:15000500 w310306c:4040302 r3103078:2e87425 w3103078:f2e86610 w3103080:2010101 w3103050:0 w3103054:0 w3103090:9d001dd w3103094:4e80000
198,0,7b7bfb,1,72c1a41d,1100,0,0,0,0,9082d4f,74534030,14ddd9d0,f1e17366,d884e6f2,b8d358ca,2b723eff,cf56aec4,6591e9f6,16bbb59e,a9fd17d3,68dc7037,7f3e17df,6
0
---
timing 74
199,0,7b7bfb,1,ded77f2b,1001,1c70,42,18,0,c1e97f66,ce5ae5b9,6c3a50e8,e9653766,85e18688,6e33f5,70fcf2ad,643f5a4,a9f8218c,5221b3a5,bbbfe459,cb4ce6b1,a68d6e47,a
w3103030:0 w3103034:0 w3103038:0 w310303c:0 w310302c:0 w3103058:c121b39 w310305c:1c1526 w3103060:3030408 w3103064:2006 w3103068:1d070f16 w310306c:4040302 r3103078:c3cc4fa8 w3103078:f3cc6610 w3103080:2010101 w3103050:0 w3103054:0 w3103090:e801a5 w3103094:740000
199,0,7b7bfb,1,ded77f2b,1001,0,0,0,0,c1e97f66,ce5ae5b9,6c3a50e8,e9653766,85e18688,6e33f5,70fcf2ad,643f5a4,a9f8218c,5221b3a5,bbbfe459,cb4ce6b1,a68d6e47,a
0
---
timing 75
19a,0,7b7bfb,1,222240ea,100,1c70,42,18,0,23cc438d,9f91ff8a,5401b888,c5c9f201,ceb407d2,10aec98c,28b26d63,9050bea1,483b3768,e5f76e21,159c5866,58d6b3ff,cf0c15b9,e
w3103030:0 w3103034:0 w3103038:0 w310303c:0 w310302c:0 w3103058:c181b0a w310305c:1f030d w3103060:3030408 w3103064:2006 w3103068:e06081e w310306c:4040302 r3103078:83efaa0 w3103078:f83e6610 w3103080:2010101 w3103050:0 w3103054:0 w3103090:888001b w3103094:4440000
19a,0,7b7bfb,1,222240ea,100,0,0,0,0,23cc438d,9f91ff8a,5401b888,c5c9f201,ceb407d2,10aec98c,28b26d63,9050bea1,483b3768,e5f76e21,159c5866,58d6b3ff,cf0c15b9,e
0
---
timing 76
320,0,7b7bfb,1,9af1002d,1000,1c70,42,18,0,a47d1ea0,261798ce,ed4f60b3,f1e19104,64efbf66,7082e30b,9d1cba7a,72cee529,2eca2190,a04d391f,e03ff351,bc997420,e2451e9a,2
w3103030:0 w3103034:0 w3103038:0 w310303c:0 w310302c:0 w3103058:c3a1b0e w310305c:c0f20 w3103060:3030408 w3103064:2006 w3103068:1a030303 w310306c:4040302 r3103078:c094b6d9 w3103078:f0946610 w3103080:2010101 w3103050:0 w3103054:0 w3103090:b300f6 w3103094:590000
320,0,7b7bfb,1,9af1002d,1000,0,0,0,0,a47d1ea0,261798ce,ed4f60b3,f1e19104,64efbf66,7082e30b,9d1cba7a,72cee529,2eca2190,a04d391f,e03ff351,bc997420,e2451e9a,2
0
---
timing 77
321,0,7b7bfb,1,674be40d,1101,1c70,42,18,0,b3f22c6e,a2d2e1dd,cb9a56ae,f8633915,e1c2fd10,9f5a50a,dc4254b5,addb7ad1,67e7aaf4,fa5d34df,5984ec55,48bb400d,45cf4b9d,6
w3103030:0 w3103034:0 w3103038:0 w310303c:0 w310302c:0 w3103058:c241b1d w310305c:5052e w3103060:3030408 w3103064:2006 w3103068:11070507 w310306c:4040302 r3103078:f580bd9 w3103078:ff587610 w3103080:2010101 w3103050:0 w3103054:0 w3103090:6ae01a5 w3103094:3570000
321,0,7b7bfb,1,674be40d,1101,0,0,0,0,b3f22c6e,a2d2e1dd,cb9a56ae,f8633915,e1c2fd10,9f5a50a,dc4254b5,addb7ad1,67e7aaf4,fa5d34df,5984ec55,48bb400d,45cf4b9d,6
0
---
timing 78
390,0,7b7bfb,1,12341a02,1,1c70,42,18,0,191d93ba,4070c540,60910f86,2383a48f,22a9aac4,e11e0d3,580ca8f,cda0e82b,2d7bab57,93f8284c,a0f00ce,666c3c87,c097f72,a
w3103030:0 w3103034:0 w3103038:0 w310303c:0 w310302c:0 w3103058:c3b1b00 w310305c:13a w3103060:3030408 w3103064:2006 w3103068:e000215 w310306c:4040302 r3103078:73a243ca w3103078:f3a27610 w3103080:2010101 w3103050:0 w3103054:0 w3103090:f860110 w3103094:7c30000
390,0,7b7bfb,1,12341a02,1,0,0,0,0,191d93ba,4070c540,60910f86,2383a48f,22a9aac4,e11e0d3,580ca8f,cda0e82b,2d7bab57,93f8284c,a0f00ce,666c3c87,c097f72,a
0
---
timing 79
391,0,7b7bfb,1,d2e5081b,1100,1c70,42,18,0,538cbbb4,e52c6d66,6621782c,301824e4,3a39ef91,4dc9b394,cfec44f6,7a71c485,253357a6,29b41769,6b8ad678,177de88e,d74e0a37,e
w3103030:0 w3103034:0 w3103038:0 w310303c:0 w310302c:0 w3103058:c191b26 w310305c:a1834 w3103060:3030408 w3103064:2006 w3103068:e040715 w310306c:4040302 r3103078:75ea1d4e w3103078:f5ea7610 w3103080:2010101 w3103050:0 w3103054:0 w3103090:82c0017 w3103094:4160000
391,0,7b7bfb,1,d2e5081b,1100,0,0,0,0,538cbbb4,e52c6d66,6621782c,301824e4,3a39ef91,4dc9b394,cfec44f6,7a71c485,253357a6,29b41769,6b8ad678,177de88e,d74e0a37,e
0
---
timing 80
18,2,7b7bfb,1,b4e20435,0,1db91656,761b2948,7d4bf397,92861d10,68dcb4e0,d8923b51,df23f2b6,f366b08c,b6492b5f,a1fe7066,b95042e2,34615655,5a22718a,f92bc22c,4840b425,eb026263,5e97b5bb,0
w3103030:1656 w3103034:2948 w3103038:f397 w310303c:1d10 w310302c:0 w3103058:6010001 w310305c:20401 w3103060:3030406 w3103064:200c w3103068:1020101 w310306c:5050403 r3103078:2c058e64 w3103078:fc056610 w3103080:2010101 w3103050:d02581 w3103054:19012c1 w3103090:30004 w3103094:10000
18,2,7b7bfb,1,b4e20435,0,1db91656,761b2948,7d4bf397,92861d10,408841,1108841,4003,f366b08c,b6492b5f,a1fe7066,b95042e2,34615655,5a22718a,f92bc22c,4840b425,eb026263,5e97b5bb,0
0
---
timing 81
198,2,7b7bfb,1,fa477ce7,1100,1d84d0da,6a05b35,5877a330,c28546e5,c19c728c,64361963,a0a8f9e7,256c25aa,61c4090d,f8bb20a8,333edd37,cc628e5c,162004b1,9fea8962,46d6394,e744f054,1f90783f,4
w3103030:d0da w3103034:5b35 w3103038:a330 w310303c:46e5 w310302c:0 w3103058:90b0d0a w310305c:2020e w3103060:3030407 w3103064:200c w3103068:5020304 w310306c:5050403 r3103078:4355f43f w3103078:f3556610 w3103080:2010101 w3103050:cd27d81 w3103054:19913ec1 w3103090:320043 w3103094:190000
198,2,7b7bfb,1,fa477ce7,1100,1d84d0da,6a05b35,5877a330,c28546e5,45994e,121210a,43032,256c25aa,61c4090d,f8bb20a8,333edd37,cc628e5c,162004b1,9fea8962,46d6394,e744f054,1f90783f,4
0
---
timing 82
199,2,7b7bfb,1,fe4d580a,1001,512c6a0c,f9c05907,6c9bb36e,e2dddfe9,7d92234b,135eec44,9919063,42900acf,b41e6725,d9ff1f9b,6a064ebf,e54a8adf,952fc888,90ef709c,ca7c4b25,98f8b9d2,8e63445c,8
w3103030:6a0c w3103034:5907 w3103038:b36e w310303c:dfe9 w310302c:0 w3103058:90b0d0a w310305c:2020e w3103060:3030407 w3103064:200c w3103068:5020304 w310306c:5050403 r3103078:20edb0 w3103078:f0206610 w3103080:2010101 w3103050:cd27f11 w3103054:19a13f89 w3103090:320043 w3103094:190000
199,2,7b7bfb,1,fe4d580a,1001,512c6a0c,f9c05907,6c9bb36e,e2dddfe9,45994e,121210a,43032,42900acf,b41e6725,d9ff1f9b,6a064ebf,e54a8adf,952fc888,90ef709c,ca7c4b25,98f8b9d2,8e63445c,8
0
---
timing 83
19a,2,7b7bfb,1,34012259,100,659f727a,6d1e217c,f0c674ff,a6b6fd9c,d289046d,ec12f9bd,ca477c71,60220668,7c859493,d4b80bf4,3530981b,7197eba8,82300752,159be7b,e2b287ed,739e8718,427eb475,c
w3103030:727a w3103034:217c w3103038:74ff w310303c:fd9c w310302c:0 w3103058:90b0d0a w310305c:2020e w3103060:3040407 w3103064:200c w3103068:5020304 w310306c:5050403 r3103078:9d292da1 w3103078:fd296610 w3103080:2020101 w3103050:ce280a1 w3103054:19b14051 w3103090:320044 w3103094:190000
19a,2,7b7bfb,1,34012259,100,659f727a,6d1e217c,f0c674ff,a6b6fd9c,45994e,121210a,44032,60220668,7c859493,d4b80bf4,3530981b,7197eba8,82300752,159be7b,e2b287ed,739e8718,427eb475,c
0
---
timing 84
320,2,7b7bfb,1,94b4f6c7,1000,eba6058e,94483bfb,fb90a67c,466d56e8,80b0b8af,8a153c83,fb3ee10a,e4c4c589,49068903,fba749ec,afba51ab,c6750ed4,f0ecfefa,6a9adba6,8a261a62,88ffedb1,6a39b517,0
w3103030:58e w3103034:3bfb w3103038:a67c w310303c:56e8 w310302c:0 w3103058:b141a12 w310305c:2041a w3103060:3040409 w3103064:200c w3103068:8020406 w310306c:5050403 r3103078:f3f6b5f2 w3103078:f3f66610 w3103080:2020101 w3103050:1914e201 w3103054:32127101 w3103090:620084 w3103094:310000
320,2,7b7bfb,1,94b4f6c7,1000,eba6058e,94483bfb,fb90a67c,466d56e8,4a221a,1423192,84062,e4c4c589,49068903,fba749ec,afba51ab,c6750ed4,f0ecfefa,6a9adba6,8a261a62,88ffedb1,6a39b517,0
0
---
timing 85
321,2,7b7bfb,1,7cdf1daf,1101,bf8a9e78,8fa19dff,720615ad,6050cd8d,6ae85767,e3920b4c,bd831e51,3f59cb00,c47ce18b,5b8fc575,26e71d7c,391acae4,f54188c6,28502be1,def60997,eb019f6a,e27b2ae0,4
w3103030:9e78 w3103034:9dff w3103038:15ad w310303c:cd8d w310302c:0 w3103058:b141a12 w310305c:2041a w3103060:3040409 w3103064:200c w3103068:8020406 w310306c:5050403 r3103078:6ae757dc w3103078:fae77610 w3103080:2020101 w3103050:1914e391 w3103054:322271c9 w3103090:620084 w3103094:310000
321,2,7b7bfb,1,7cdf1daf,1101,bf8a9e78,8fa19dff,720615ad,6050cd8d,4a221a,1423192,84062,3f59cb00,c47ce18b,5b8fc575,26e71d7c,391acae4,f54188c6,28502be1,def60997,eb019f6a,e27b2ae0,4
0
---
timing 86
390,2,7b7bfb,1,9c94a947,1,bc9f511d,1b0df887,4b0d57f,1c336e50,7dabc5dc,398c8574,291d9a1c,4342f08,799fb3e,5972b217,58b998fb,3b3a3bb8,51514042,d0f2fd23,237c8af5,172dc216,2dc0f225,8
w3103030:511d w3103034:f887 w3103038:d57f w310303c:6e50 w310302c:0 w3103058:c171e15 w310305c:2041e w3103060:3040409 w3103064:200c w3103068:a020507 w310306c:5050403 r3103078:d61bbf2a w3103078:f61b7610 w3103080:2020101 w3103050:1c959101 w3103054:3912c881 w3103090:700096 w3103094:380000
390,2,7b7bfb,1,9c94a947,1,bc9f511d,1b0df887,4b0d57f,1c336e50,4baa9e,14239d5,96070,4342f08,799fb3e,5972b217,58b998fb,3b3a3bb8,51514042,d0f2fd23,237c8af5,172dc216,2dc0f225,8
0
---
timing 87
391,2,7b7bfb,1,af2b28a3,1100,7644dd3d,a3f6b0e7,a1cca5c,107fc919,f1b5de5b,fed877c3,38720dc4,ef324bb7,d5e8644c,1a378f65,f741c8d,6b1fbe0b,904cda39,c55d04dc,f2db90f8,545aeed9,c242aa5b,c
w3103030:dd3d w3103034:b0e7 w3103038:ca5c w310303c:c919 w310302c:0 w3103058:c171e15 w310305c:2041e w3103060:3040409 w3103064:200c w3103068:a020507 w310306c:5050403 r3103078:ed940ded w3103078:fd947610 w3103080:2020101 w3103050:1c959291 w3103054:3922c949 w3103090:700096 w3103094:380000
391,2,7b7bfb,1,af2b28a3,1100,7644dd3d,a3f6b0e7,a1cca5c,107fc919,4baa9e,14239d5,96070,ef324bb7,d5e8644c,1a378f65,f741c8d,6b1fbe0b,904cda39,c55d04dc,f2db90f8,545aeed9,c242aa5b,c
0
---
timing 88
18,3,7b7bfb,1,64ff4149,0,e639c51c,8efa011,45f9906d,aba02149,2bad9c89,ac2b68fd,72dd102b,3e8bdd26,845be5a1,d751b5c9,3278151a,9f928075,31b2794e,53561cb,c06a416a,b71491ff,7cf02ce6,0
w3103030:c51c w3103034:a011 w3103038:906d w310303c:2149 w310302c:0 w3103058:8010001 w310305c:20701 w3103060:4060508 w3103064:400c w3103068:1020201 w310306c:5050403 r3103078:5c7cf80c w3103078:fc7c6610 w3103080:2040102 w3103050:902ee1 w3103054:19012c1 w3103090:30005 w3103094:10000
18,3,7b7bfb,1,64ff4149,0,e639c51c,8efa011,45f9906d,aba02149,409041,1211041,5003,3e8bdd26,845be5a1,d751b5c9,3278151a,9f928075,31b2794e,53561cb,c06a416a,b71491ff,7cf02ce6,0
0
---
timing 89
198,3,7b7bfb,1,1f5e95f4,1100,36761292,bdc32a70,6de91b1c,781d4830,811880da,57daca62,6643fff1,2ca5839d,eb5fd397,967aac8f,59f9da98,b60868a9,e3e9cb25,85f9d07a,7e24c64f,89f7583d,e84fe746,4
w3103030:1292 w3103034:2a70 w3103038:1b1c w310303c:4830 w310302c:0 w3103058:a0b0d08 w310305c:2040b w3103060:4060508 w3103064:400c w3103068:4020304 w310306c:5050403 r3103078:3d513e63 w3103078:fd516610 w3103080:2040102 w3103050:9331ce1 w3103054:19913ec1 w3103090:320048 w3103094:190000
198,3,7b7bfb,1,1f5e95f4,1100,36761292,bdc32a70,6de91b1c,781d4830,45990b,1212108,48032,2ca5839d,eb5fd397,967aac8f,59f9da98,b60868a9,e3e9cb25,85f9d07a,7e24c64f,89f7583d,e84fe746,4
0
---
timing 90
199,3,7b7bfb,1,84a96a4d,1001,bbeede99,e295c5d0,7b260823,7ccf664e,34441320,8ce2a0c0,2b03b13a,3ac48000,edb1d712,e643c31a,f2c0a829,a3096fab,97149c72,7adcceee,8c417c7,c124a099,ecb8d19b,8
w3103030:de99 w3103034:c5d0 w3103038:823 w310303c:664e w310302c:0 w3103058:a0b0d08 w310305c:2040b w3103060:4060508 w3103064:400c w3103068:4020304 w310306c:5050403 r3103078:844a3a94 w3103078:f44a6610 w3103080:2040102 w3103050:9431ed5 w3103054:19a13f89 w3103090:320048 w3103094:190000
199,3,7b7bfb,1,84a96a4d,1001,bbeede99,e295c5d0,7b260823,7ccf664e,45990b,1212108,48032,3ac48000,edb1d712,e643c31a,f2c0a829,a3096fab,97149c72,7adcceee,8c417c7,c124a099,ecb8d19b,8
0
---
timing 91
19a,3,7b7bfb,1,dbf8e69,100,733559b2,75ab0548,6ab6508,2eeea353,b0ac5a8b,e727468c,a0aedb35,34622979,800e005b,33d5ad77,69bb2edf,7fde684e,c51671a9,9c6c1044,f9d84317,fdd63e27,f567ab63,c
w3103030:59b2 w3103034:548 w3103038:6508 w310303c:a353 w310302c:0 w3103058:a0b0d08 w310305c:2040b w3103060:4060508 w3103064:400c w3103068:4020304 w310306c:5050403 r3103078:20f645b3 w3103078:f0f66610 w3103080:2040102 w3103050:94320c9 w3103054:19b14051 w3103090:320048 w3103094:190000
19a,3,7b7bfb,1,dbf8e69,100,733559b2,75ab0548,6ab6508,2eeea353,45990b,1212108,48032,34622979,800e005b,33d5ad77,69bb2edf,7fde684e,c51671a9,9c6c1044,f9d84317,fdd63e27,f567ab63,c
0
---
timing 92
320,3,7b7bfb,1,8a9a8bc2,1000,d4ba1fbc,23326b71,242293f4,2d649627,9f0afd60,7504cee2,e8659de2,9595f31b,2c43201f,7e22a912,dd26ccd7,e5abe120,ca231d4a,48e76ecb,377e6f3a,5a38427a,349be226,0
w3103030:1fbc w3103034:6b71 w3103038:93f4 w310303c:9627 w310302c:0 w3103058:c141a10 w310305c:40416 w3103060:406050a w3103064:400c w3103068:6020406 w310306c:5050403 r3103078:a2f361dd w3103078:f2f36610 w3103080:2040102 w3103050:12161a81 w3103054:32127101 w3103090:62008c w3103094:310000
320,3,7b7bfb,1,8a9a8bc2,1000,d4ba1fbc,23326b71,242293f4,2d649627,4a2196,2423190,8c062,9595f31b,2c43201f,7e22a912,dd26ccd7,e5abe120,ca231d4a,48e76ecb,377e6f3a,5a38427a,349be226,0
0
---
timing 93
321,3,7b7bfb,1,1867de2c,1101,d3fa466f,dd191dc0,960a337d,305db314,bdc6b7b1,4d10b9af,fe87c0c3,f1937a01,4162f31d,7686a547,7d4c3b71,9ae48a47,6266f0f8,1ef61b9f,15f4f9ce,6a388cfb,65e2eb33,4
w3103030:466f w3103034:1dc0 w3103038:337d w310303c:b314 w310302c:0 w3103058:d0e1a0e w310305c:30414 w3103060:507050b w3103064:400c w3103068:6020306 w310306c:5050403 r3103078:196585e9 w3103078:f9657610 w3103080:2050103 w3103050:12161c75 w3103054:322271c9 w3103090:62008c w3103094:310000
321,3,7b7bfb,1,1867de2c,1101,d3fa466f,dd191dc0,960a337d,305db314,471994,1c2318e,8c062,f1937a01,4162f31d,7686a547,7d4c3b71,9ae48a47,6266f0f8,1ef61b9f,15f4f9ce,6a388cfb,65e2eb33,4
0
---
timing 94
390,3,7b7bfb,1,44ea4d1,1,e5d2ac94,50bfa75a,94c207fb,7be69de5,fd0e3bb,f63a44ac,b7be89d7,e43ddd9b,6e16fca0,12fee2cc,7e622955,3be6801a,f08ff33f,2d03cadc,6de1fc8a,e4abc2e9,e1e024c9,8
w3103030:ac94 w3103034:a75a w3103038:7fb w310303c:9de5 w310302c:0 w3103058:e101e10 w310305c:30416 w3103060:507050b w3103064:400c w3103068:7020307 w310306c:5050403 r3103078:f3775fd8 w3103078:f3777610 w3103080:2050103 w3103050:1496f541 w3103054:3912c881 w3103090:7000a0 w3103094:380000
390,3,7b7bfb,1,44ea4d1,1,e5d2ac94,50bfa75a,94c207fb,7be69de5,4819d6,1c239d0,a0070,e43ddd9b,6e16fca0,12fee2cc,7e622955,3be6801a,f08ff33f,2d03cadc,6de1fc8a,e4abc2e9,e1e024c9,8
0
---
timing 95
391,3,7b7bfb,1,2dc03942,1100,ad5c46c6,cd09c642,330519e4,ef687370,a1e5c1f5,9a6e5fd3,6834fe5b,6d92c36e,31eeb1a,53b13ca2,d89c990e,8f9542c,7cc1c250,be5c98f8,91617ba4,f1222cb5,5e4d650c,c
w3103030:46c6 w3103034:c642 w3103038:19e4 w310303c:7370 w310302c:0 w3103058:e101e10 w310305c:30416 w3103060:507060b w3103064:400c w3103068:7020307 w310306c:5050403 r3103078:155d1ee5 w3103078:f55d7610 w3103080:2050103 w3103050:1496f735 w3103054:3922c949 w3103090:7000a0 w3103094:380000
391,3,7b7bfb,1,2dc03942,1100,ad5c46c6,cd09c642,330519e4,ef687370,4819d6,1c239d0,a0070,6d92c36e,31eeb1a,53b13ca2,d89c990e,8f9542c,7cc1c250,be5c98f8,91617ba4,f1222cb5,5e4d650c,c
0
---
timing 96
18,6,7b7bfb,1,3a9487f6,0,8e9858,ed32e844,6e538edf,9ce8902c,d219ae5f,167fb796,540bc2dc,6cb0e149,52c55466,f7809986,dd23a9d9,c4c9e182,bda0c347,b8e9bce3,15417265,d00aac64,be39f897,0
w3103030:9858 w3103034:e844 w3103038:8edf w310303c:902c w310302c:0 w3103058:7040001 w310305c:10501 w3103060:2040a07 w3103064:35005 w3103068:2020101 w310306c:5050502 r3103078:ffafc173 w3103078:ffaf6610 w3103080:2030101 w3103050:3012c1 w3103054:1900109 w3103090:20003 w3103094:10000
18,6,7b7bfb,1,3a9487f6,0,8e9858,ed32e844,6e538edf,9ce8902c,420881,a11041,3002,6cb0e149,52c55466,f7809986,dd23a9d9,c4c9e182,bda0c347,b8e9bce3,15417265,d00aac64,be39f897,0
0
---
timing 97
198,6,7b7bfb,1,bedcfefc,1100,7ff245d8,9bfbcd85,37d77ef5,e4a2b861,1d68b6d8,845c7c87,5e92a710,612f1e88,2f2cba52,38bc852c,884ff431,30a67be9,32a18f1b,dd08da09,8bc03cb9,83313e27,dc0a2e33,4
w3103030:45d8 w3103034:cd85 w3103038:7ef5 w310303c:b861 w310302c:0 w3103058:90b0609 w310305c:2020f w3103060:2040a07 w3103064:35005 w3103068:5020304 w310306c:5050502 r3103078:a33bd705 w3103078:f33b6610 w3103080:2030101 w3103050:2913ec1 w3103054:19901189 w3103090:19002b w3103094:c0000
198,6,7b7bfb,1,bedcfefc,1100,7ff245d8,9bfbcd85,37d77ef5,e4a2b861,45994f,1212109,2b019,612f1e88,2f2cba52,38bc852c,884ff431,30a67be9,32a18f1b,dd08da09,8bc03cb9,83313e27,dc0a2e33,4
0
---
timing 98
199,6,7b7bfb,1,416a4001,1001,7881eb77,90e274a3,35806132,d4110837,8510ccca,9fedbae1,2cd4c982,8e27c098,82b58dcf,1f753bc6,87ece182,ca4294da,d4bd3663,5845e342,d4b59e54,c058ef99,88baaadd,8
w3103030:eb77 w3103034:74a3 w3103038:6132 w310303c:837 w310302c:0 w3103058:90b0609 w310305c:2020f w3103060:2040a07 w3103064:35005 w3103068:5020304 w310306c:5050502 r3103078:2c5e1c69 w3103078:fc5e6610 w3103080:2030101 w3103050:2913f89 w3103054:19a01194 w3103090:19002b w3103094:c0000
199,6,7b7bfb,1,416a4001,1001,7881eb77,90e274a3,35806132,d4110837,45994f,1212109,2b019,8e27c098,82b58dcf,1f753bc6,87ece182,ca4294da,d4bd3663,5845e342,d4b59e54,c058ef99,88baaadd,8
0
---
timing 99
19a,6,7b7bfb,1,c99322a5,100,c9e0406b,3d9e265,63c1bd77,e834f100,58512321,e8efa937,d130c0ae,9629e3b0,51fabcb6,50897f88,17946e13,3e02a61a,536fd66c,43f3537a,949b2d72,1f221974,37debf7e,c
w3103030:406b w3103034:e265 w3103038:bd77 w310303c:f100 w310302c:0 w3103058:90b0609 w310305c:2020f w3103060:2040a07 w3103064:35005 w3103068:5020304 w310306c:5050502 r3103078:be4ee967 w3103078:fe4e6610 w3103080:2030101 w3103050:2a14051 w3103054:19b0119f w3103090:19002c w3103094:c0000
19a,6,7b7bfb,1,c99322a5,100,c9e0406b,3d9e265,63c1bd77,e834f100,45994f,1212109,2c019,9629e3b0,51fabcb6,50897f88,17946e13,3e02a61a,536fd66c,43f3537a,949b2d72,1f221974,37debf7e,c
0
---
timing 100
320,6,7b7bfb,1,c8143451,1000,60c8629d,fee9969e,4fb6ec8a,524d498b,cdef5cd0,8fd3d50d,63208dfa,fb951548,69f2dd48,1e335324,ff2820c7,970502a4,d372c48e,ea719c5d,76556caa,ec6c7a67,ad159cb5,0
w3103030:629d w3103034:969e w3103038:ec8a w310303c:498b w310302c:0 w3103058:b140d11 w310305c:4041c w3103060:2040a09 w3103064:35005 w3103068:a020407 w310306c:5050502 r3103078:1100d5f4 w3103078:f1006610 w3103080:2030101 w3103050:5127101 w3103054:32102261 w3103090:310054 w3103094:180000
320,6,7b7bfb,1,c8143451,1000,60c8629d,fee9969e,4fb6ec8a,524d498b,4a229c,24231d1,54031,fb951548,69f2dd48,1e335324,ff2820c7,970502a4,d372c48e,ea719c5d,76556caa,ec6c7a67,ad159cb5,0
0
---
timing 101
321,6,7b7bfb,1,5a3ebdda,1101,35aec806,9293854c,bda33f9d,b30730b4,318933b3,36c7e46f,4cb31bcb,d932d794,5a2e8fc5,bd9dc2a1,c844ab1,ecf67b60,64127609,7610e47b,8fc494e1,717a3556,d31ac9cb,4
w3103030:c806 w3103034:854c w3103038:3f9d w310303c:30b4 w310302c:0 w3103058:b140d11 w310305c:4041c w3103060:2040a09 w3103064:35005 w3103068:a020407 w310306c:5050502 r3103078:e959a781 w3103078:f9597610 w3103080:2030101 w3103050:51271c9 w3103054:3220226c w3103090:310054 w3103094:180000
321,6,7b7bfb,1,5a3ebdda,1101,35aec806,9293854c,bda33f9d,b30730b4,4a229c,24231d1,54031,d932d794,5a2e8fc5,bd9dc2a1,c844ab1,ecf67b60,64127609,7610e47b,8fc494e1,717a3556,d31ac9cb,4
0
---
timing 102
390,6,7b7bfb,1,52f9f809,1,b8ffacc8,b644cce4,28307,594d8037,7cb497fc,ab28c2e7,d1b047b6,c721a0cb,ce20fda9,b8192bc1,dfd42963,8229b64d,983ea973,5dbb1e89,e372e89b,dce9cc2a,3ea9ddb6,8
w3103030:acc8 w3103034:cce4 w3103038:8307 w310303c:8037 w310302c:0 w3103058:c170f14 w310305c:40420 w3103060:2040a09 w3103064:35005 w3103068:b020508 w310306c:5050502 r3103078:8c6fa252 w3103078:fc6f7610 w3103080:2030101 w3103050:5c2c881 w3103054:39102731 w3103090:380060 w3103094:1c0000
390,6,7b7bfb,1,52f9f809,1,b8ffacc8,b644cce4,28307,594d8037,4baae0,2423a14,60038,c721a0cb,ce20fda9,b8192bc1,dfd42963,8229b64d,983ea973,5dbb1e89,e372e89b,dce9cc2a,3ea9ddb6,8
0
---
timing 103
391,6,7b7bfb,1,cdd9b281,1100,6e77e5c4,a7be8625,fdbdcfdc,5fdb72c4,133567c,7132903d,fbb4cec9,63a6714,7f1f25d8,5c0c2799,117b54c6,39a96b06,dc44ee4f,3debc5dc,1b2f248d,e5620009,be850ed2,c
w3103030:e5c4 w3103034:8625 w3103038:cfdc w310303c:72c4 w310302c:0 w3103058:c170f14 w310305c:40420 w3103060:2040a09 w3103064:35005 w3103068:b020508 w310306c:5050502 r3103078:926d4f7b w3103078:f26d7610 w3103080:2030101 w3103050:5c2c949 w3103054:3920273c w3103090:380060 w3103094:1c0000
391,6,7b7bfb,1,cdd9b281,1100,6e77e5c4,a7be8625,fdbdcfdc,5fdb72c4,4baae0,2423a14,60038,63a6714,7f1f25d8,5c0c2799,117b54c6,39a96b06,dc44ee4f,3debc5dc,1b2f248d,e5620009,be850ed2,c
0
---
timing 104
18,7,7b7bfb,1,71a752b1,0,7fa3ec0a,832ae52d,d06559b8,7c33eeb3,3c11764a,d43db1b,b9735103,92cb55e7,b0671861,cd09e303,b082619a,80bbfa3a,31f264b9,fd94f46e,41e40688,9844c439,df17e80b,0
w3103030:ec0a w3103034:e52d w3103038:59b8 w310303c:eeb3 w310302c:0 w3103058:a040001 w310305c:20701 w3103060:3060d0a w3103064:5500c w3103068:2020101 w310306c:5050503 r3103078:4a000bc2 w3103078:fa006610 w3103080:2050102 w3103050:3012c1 w3103054:1900109 w3103090:20003 w3103094:10000
18,7,7b7bfb,1,71a752b1,0,7fa3ec0a,832ae52d,d06559b8,7c33eeb3,420881,1211041,3002,92cb55e7,b0671861,cd09e303,b082619a,80bbfa3a,31f264b9,fd94f46e,41e40688,9844c439,df17e80b,0
0
---
timing 105
198,7,7b7bfb,1,79a5d61,1100,7bbf0ba5,19779675,1b6720e,f9779b98,e38c53a,c476b6fd,f1a01cc0,393bc246,c7041edd,1c73dc23,d4aa1acc,e527284a,6287b5c6,a2cf3283,513bdabd,a093fc3c,a69a353d,4
w3103030:ba5 w3103034:9675 w3103038:720e w310303c:9b98 w310302c:0 w3103058:c0b0609 w310305c:2040f w3103060:3060d0a w3103064:5500c w3103068:5020304 w310306c:5050503 r3103078:39553eed w3103078:f9556610 w3103080:2050102 w3103050:2913ec1 w3103054:19901189 w3103090:19002b w3103094:c0000
198,7,7b7bfb,1,79a5d61,1100,7bbf0ba5,19779675,1b6720e,f9779b98,45994f,1212109,2b019,393bc246,c7041edd,1c73dc23,d4aa1acc,e527284a,6287b5c6,a2cf3283,513bdabd,a093fc3c,a69a353d,4
0
---
timing 106
199,7,7b7bfb,1,f7c45fab,1001,a5600a34,9812c736,e9402055,d1298809,377ff64f,7fa012f7,6b934c7b,95274dd7,314eb835,b5a781de,f91546f5,cefcfe39,674a828c,b16ab74,6dbfc0b7,d4526f79,e4506d80,8
w3103030:a34 w3103034:c736 w3103038:2055 w310303c:8809 w310302c:0 w3103058:c0b0609 w310305c:2040f w3103060:3060d0a w3103064:5500c w3103068:5020304 w310306c:5050503 r3103078:844e80c4 w3103078:f44e6610 w3103080:2050102 w3103050:2913f89 w3103054:19a01194 w3103090:19002b w3103094:c0000
199,7,7b7bfb,1,f7c45fab,1001,a5600a34,9812c736,e9402055,d1298809,45994f,1212109,2b019,95274dd7,314eb835,b5a781de,f91546f5,cefcfe39,674a828c,b16ab74,6dbfc0b7,d4526f79,e4506d80,8
0
---
timing 107
19a,7,7b7bfb,1,f2d8e14e,100,48afdb92,2f6450ca,144a63ba,f242aad8,1cd835ba,f4d94ef9,8e810511,e4916e46,77f9f2d8,a50ea241,3de346c7,c14e482e,f6593245,56135969,eb6c526c,badc2b4a,7beff800,c
w3103030:db92 w3103034:50ca w3103038:63ba w310303c:aad8 w310302c:0 w3103058:c0b0609 w310305c:2040f w3103060:3060d0a w3103064:5500c w3103068:5020304 w310306c:5050503 r3103078:4db31f83 w3103078:fdb36610 w3103080:2050102 w3103050:2a14051 w3103054:19b0119f w3103090:19002c w3103094:c0000
19a,7,7b7bfb,1,f2d8e14e,100,48afdb92,2f6450ca,144a63ba,f242aad8,45994f,1212109,2c019,e4916e46,77f9f2d8,a50ea241,3de346c7,c14e482e,f6593245,56135969,eb6c526c,badc2b4a,7beff800,c
0
---
timing 108
320,7,7b7bfb,1,e6c8cbc7,1000,cedc547b,f92164ec,41017d45,385dad08,db4453b0,32bbca61,1fec7a76,d31cbae8,109435d5,eff4ccf,eb5f1294,84442468,4dea1221,71a17bf3,e084bff4,c4ab70c,958b3dcc,0
w3103030:547b w3103034:64ec w3103038:7d45 w310303c:ad08 w310302c:0 w3103058:e140d11 w310305c:4041c w3103060:3060d0c w3103064:5500c w3103068:a020407 w310306c:5050503 r3103078:e7b91ea0 w3103078:f7b96610 w3103080:2050102 w3103050:5127101 w3103054:32102261 w3103090:310054 w3103094:180000
320,7,7b7bfb,1,e6c8cbc7,1000,cedc547b,f92164ec,41017d45,385dad08,4a229c,24231d1,54031,d31cbae8,109435d5,eff4ccf,eb5f1294,84442468,4dea1221,71a17bf3,e084bff4,c4ab70c,958b3dcc,0
0
---
timing 109
321,7,7b7bfb,1,24ece660,1101,17d129f,a69fb588,7b81a24,22773307,147b7117,aca425ca,2e9a993,9e5455e2,43ccec74,1f3bce9d,97ae7c0e,819515cc,731907bc,3f24e641,998124ce,96a9b94,22cc5ee1,4
w3103030:129f w3103034:b588 w3103038:1a24 w310303c:3307 w310302c:0 w3103058:f140d11 w310305c:4041c w3103060:4070d0d w3103064:5500c w3103068:a020407 w310306c:5050503 r3103078:f420da9 w3103078:ff427610 w3103080:2060103 w3103050:51271c9 w3103054:3220226c w3103090:310054 w3103094:180000
321,7,7b7bfb,1,24ece660,1101,17d129f,a69fb588,7b81a24,22773307,4a229c,24231d1,54031,9e5455e2,43ccec74,1f3bce9d,97ae7c0e,819515cc,731907bc,3f24e641,998124ce,96a9b94,22cc5ee1,4
0
---
timing 110
390,7,7b7bfb,1,94b89bc9,1,74d11743,bf6ed897,d5c938a5,3f371400,b2e33b05,1af5bb92,ebfb0dd,55b31628,ee1f27bb,56d8b6de,d5ebd71b,312948c8,c089828a,4f949ecc,c0eae3e4,5508b580,3b4259bd,8
w3103030:1743 w3103034:d897 w3103038:38a5 w310303c:1400 w310302c:0 w3103058:10170f14 w310305c:40420 w3103060:4070d0d w3103064:5500c w3103068:b020508 w310306c:5050503 r3103078:2fbc6977 w3103078:ffbc7610 w3103080:2060103 w3103050:5c2c881 w3103054:39102731 w3103090:380060 w3103094:1c0000
390,7,7b7bfb,1,94b89bc9,1,74d11743,bf6ed897,d5c938a5,3f371400,4baae0,2423a14,60038,55b31628,ee1f27bb,56d8b6de,d5ebd71b,312948c8,c089828a,4f949ecc,c0eae3e4,5508b580,3b4259bd,8
0
---
timing 111
391,7,7b7bfb,1,73ba96af,1100,81be59c6,7690baf8,b16a1f11,ef27da22,5a7f41e0,3bc36b94,3bc22c65,ebe30680,51d5d86a,593fed8f,e53098a3,48b85b79,13cb95e1,c8dbd36a,b64e77dd,445bc065,82c4a9e,c
w3103030:59c6 w3103034:baf8 w3103038:1f11 w310303c:da22 w310302c:0 w3103058:10170f14 w310305c:40420 w3103060:4070d0d w3103064:5500c w3103068:b020508 w310306c:5050503 r3103078:78606829 w3103078:f8607610 w3103080:2060103 w3103050:5c2c949 w3103054:3920273c w3103090:380060 w3103094:1c0000
391,7,7b7bfb,1,73ba96af,1100,81be59c6,7690baf8,b16a1f11,ef27da22,4baae0,2423a14,60038,ebe30680,51d5d86a,593fed8f,e53098a3,48b85b79,13cb95e1,c8dbd36a,b64e77dd,445bc065,82c4a9e,c
0
---
timing 112
18,0,7b7bfb,1,1ba23dd1,0,21ebda4,a53e8a8b,e7ac3a0c,e50dc372,175bb9bd,bf58557e,da51975a,562f31,5b7ee2cb,4d4b9271,cab72d5e,383aa9db,f018aa34,d13ded12,167c4314,84f71055,dcb12b6c,0
w3103030:bda4 w3103034:8a8b w3103038:3a0c w310303c:c372 w310302c:0 w3103058:c101b0e w310305c:a0314 w3103060:3030408 w3103064:2006 w3103068:6020306 w310306c:4040302 r3103078:3693f32a w3103078:f6936610 w3103080:2010101 w3103050:0 w3103054:0 w3103090:620080 w3103094:310000
18,0,7b7bfb,1,1ba23dd1,0,21ebda4,a53e8a8b,e7ac3a0c,e50dc372,481994,531c18e,80062,562f31,5b7ee2cb,4d4b9271,cab72d5e,383aa9db,f018aa34,d13ded12,167c4314,84f71055,dcb12b6c,0
0
---
timing 113
198,0,7b7bfb,1,46a28e7d,1100,b991fb22,9e5c7a2d,88600d3a,ed587cf2,1ff2f1c,3d90df5c,b1e73bec,ee833ca7,ee0e3bc4,b33cf864,5315b733,5550d5df,56773243,cf5ee892,ed6a2837,e70c6371,d9bc7d3f,4
w3103030:fb22 w3103034:7a2d w3103038:d3a w310303c:7cf2 w310302c:0 w3103058:c101b0e w310305c:a0314 w3103060:3030408 w3103064:2006 w3103068:6020306 w310306c:4040302 r3103078:bd2b737 w3103078:fbd26610 w3103080:2010101 w3103050:0 w3103054:0 w3103090:620080 w3103094:310000
198,0,7b7bfb,1,46a28e7d,1100,b991fb22,9e5c7a2d,88600d3a,ed587cf2,481994,531c18e,80062,ee833ca7,ee0e3bc4,b33cf864,5315b733,5550d5df,56773243,cf5ee892,ed6a2837,e70c6371,d9bc7d3f,4
0
---
timing 114
199,0,7b7bfb,1,e675127e,1001,ffe3d829,94ddaa3a,c6bf57a8,e977c2fc,d897843d,ce042465,1cf13d14,26d5c61f,278e4dcc,4c7b2f39,ddaef2fa,97af687d,7c40c7c9,79e3a92c,bec7cf64,66c7d815,2c550970,8
w3103030:d829 w3103034:aa3a w3103038:57a8 w310303c:c2fc w310302c:0 w3103058:c101b0e w310305c:a0314 w3103060:3030408 w3103064:2006 w3103068:6020306 w310306c:4040302 r3103078:33780c3 w3103078:f3376610 w3103080:2010101 w3103050:0 w3103054:0 w3103090:620080 w3103094:310000
199,0,7b7bfb,1,e675127e,1001,ffe3d829,94ddaa3a,c6bf57a8,e977c2fc,481994,531c18e,80062,26d5c61f,278e4dcc,4c7b2f39,ddaef2fa,97af687d,7c40c7c9,79e3a92c,bec7cf64,66c7d815,2c550970,8
0
---
timing 115
19a,0,7b7bfb,1,57a0f337,100,cbde452f,56a4d2a8,8e8ae93c,1fc1d44f,a9346ef3,6a22a12a,dd1652e2,8c3c5a4a,c5fba150,72fa7c4b,fef52cb1,1bc74715,790bf02a,aeab42e5,1eeb4c41,f851a40d,1cf0df8,c
w3103030:452f w3103034:d2a8 w3103038:e93c w310303c:d44f w310302c:0 w3103058:c101b0e w310305c:a0314 w3103060:3030408 w3103064:2006 w3103068:6020306 w310306c:4040302 r3103078:4fb59a6f w3103078:ffb56610 w3103080:2010101 w3103050:0 w3103054:0 w3103090:620080 w3103094:310000
19a,0,7b7bfb,1,57a0f337,100,cbde452f,56a4d2a8,8e8ae93c,1fc1d44f,481994,531c18e,80062,8c3c5a4a,c5fba150,72fa7c4b,fef52cb1,1bc74715,790bf02a,aeab42e5,1eeb4c41,f851a40d,1cf0df8,c
0
---
timing 116
320,0,7b7bfb,1,59eab33c,1000,b5b4925c,fd87b058,744b05fb,c19d6623,d2818b5e,79b1b453,cdcccf4d,97fb64ab,27479e7b,95061c9f,cdac2fcd,637f4ee,d0c628d2,94950009,8c923f5f,3eee60e2,7e89577a,0
w3103030:925c w3103034:b058 w3103038:5fb w310303c:6623 w310302c:0 w3103058:c101b0e w310305c:a0314 w3103060:3030408 w3103064:2006 w3103068:6020306 w310306c:4040302 r3103078:e6c5edef w3103078:f6c56610 w3103080:2010101 w3103050:0 w3103054:0 w3103090:620080 w3103094:310000
320,0,7b7bfb,1,59eab33c,1000,b5b4925c,fd87b058,744b05fb,c19d6623,481994,531c18e,80062,97fb64ab,27479e7b,95061c9f,cdac2fcd,637f4ee,d0c628d2,94950009,8c923f5f,3eee60e2,7e89577a,0
0
---
timing 117
321,0,7b7bfb,1,ca276a14,1101,59eaaeef,4ca29575,4409a11e,fb73b048,b4fbdaae,d7a5daed,e2971eb6,38acb886,43fcc28e,ea32ab2d,f65319,3dcdec1a,12006cb0,b0b82fd5,44d51d38,644f0f51,4383dae2,4
w3103030:aeef w3103034:9575 w3103038:a11e w310303c:b048 w310302c:0 w3103058:c101b0e w310305c:a0314 w3103060:3030408 w3103064:2006 w3103068:6020306 w310306c:4040302 r3103078:2383dcc5 w3103078:f3837610 w3103080:2010101 w3103050:0 w3103054:0 w3103090:620080 w3103094:310000
321,0,7b7bfb,1,ca276a14,1101,59eaaeef,4ca29575,4409a11e,fb73b048,481994,531c18e,80062,38acb886,43fcc28e,ea32ab2d,f65319,3dcdec1a,12006cb0,b0b82fd5,44d51d38,644f0f51,4383dae2,4
0
---
timing 118
390,0,7b7bfb,1,7bc2433c,1,88bb9b8,928ac541,24915223,332434e7,d1f0ff5f,be7b9249,46592ed6,24992c86,937aad15,8cc1e522,1db28919,f5abeade,6742a84f,bc0f5080,1654e6e,8748360f,27ee813,8
w3103030:b9b8 w3103034:c541 w3103038:5223 w310303c:34e7 w310302c:0 w3103058:c101b0e w310305c:a0314 w3103060:3030408 w3103064:2006 w3103068:6020306 w310306c:4040302 r3103078:71604a2a w3103078:f1607610 w3103080:2010101 w3103050:0 w3103054:0 w3103090:620080 w3103094:310000
390,0,7b7bfb,1,7bc2433c,1,88bb9b8,928ac541,24915223,332434e7,481994,531c18e,80062,24992c86,937aad15,8cc1e522,1db28919,f5abeade,6742a84f,bc0f5080,1654e6e,8748360f,27ee813,8
0
---
timing 119
391,0,7b7bfb,1,131826a7,1100,b4d71b40,cb0aaa5d,cbd7e88c,fd5eaf13,2b26e11b,c0730500,55d70271,e4b188b5,5e930625,3547c109,38f55492,79020774,64ecc211,f44f86c7,12fa13ed,278f7c6b,15ddc378,c
w3103030:1b40 w3103034:aa5d w3103038:e88c w310303c:af13 w310302c:0 w3103058:c101b0e w310305c:a0314 w3103060:3030408 w3103064:2006 w3103068:6020306 w310306c:4040302 r3103078:b97ff62d w3103078:f97f7610 w3103080:2010101 w3103050:0 w3103054:0 w3103090:620080 w3103094:310000
391,0,7b7bfb,1,131826a7,1100,b4d71b40,cb0aaa5d,cbd7e88c,fd5eaf13,481994,531c18e,80062,e4b188b5,5e930625,3547c109,38f55492,79020774,64ecc211,f44f86c7,12fa13ed,278f7c6b,15ddc378,c
0
---
timing 120
18,2,7b7bfb,1,c2594e31,0,e99d057,9d9559c4,1d0d58ee,e674b2ba,870d6712,c97d1fb1,8d896fc1,df14f57a,ef6a842f,8367fc25,808a0238,251dbfc3,c5cacb46,672e7f17,c3c269cb,a3b47d6c,b2a03c9a,2
w3103030:d057 w3103034:59c4 w3103038:58ee w310303c:b2ba w310302c:0 w3103058:81a0031 w310305c:121a12 w3103060:303040c w3103064:200c w3103068:1c000c1e w310306c:5050403 r3103078:32ebef19 w3103078:f2eb6610 w3103080:2010101 w3103050:d02581 w3103054:19012c1 w3103090:fc10096 w3103094:7e00000
18,2,7b7bfb,1,c2594e31,0,e99d057,9d9559c4,1d0d58ee,e674b2ba,870d6712,c97d1fb1,8d896fc1,df14f57a,ef6a842f,8367fc25,808a0238,251dbfc3,c5cacb46,672e7f17,c3c269cb,a3b47d6c,b2a03c9a,2
0
---
timing 121
198,2,7b7bfb,1,5f92f5cb,1100,2fbdcf0a,c570dc40,2066352e,f7243429,d523c6ba,4ca31882,164b87dd,777f3b33,4e98df43,f18c5076,6cb621d9,558622a8,e7ef14bc,6d1cd107,46f5432d,ae82b143,3beaf573,6
w3103030:cf0a w3103034:dc40 w3103038:352e w310303c:3429 w310302c:0 w3103058:8070d02 w310305c:19063a w3103060:3030407 w3103064:200c w3103068:1a010802 w310306c:5050403 r3103078:5b5309ce w3103078:fb536610 w3103080:2010101 w3103050:cd27d81 w3103054:19913ec1 w3103090:7dd00b8 w3103094:3ee0000
198,2,7b7bfb,1,5f92f5cb,1100,2fbdcf0a,c570dc40,2066352e,f7243429,d523c6ba,4ca31882,164b87dd,777f3b33,4e98df43,f18c5076,6cb621d9,558622a8,e7ef14bc,6d1cd107,46f5432d,ae82b143,3beaf573,6
0
---
timing 122
199,2,7b7bfb,1,8fd1a660,1001,27c9c162,ec8e88db,743c428b,8bd6813d,763a1cce,e2dbb424,ee753da6,c3717022,2c55ab55,f8bd5bf0,4c055244,8ee53e18,4544228e,86aa10f9,e7e6a486,39ebb0c6,63a908b,a
w3103030:c162 w3103034:88db w3103038:428b w310303c:813d w310302c:0 w3103058:b340d24 w310305c:5170e w3103060:303040a w3103064:200c w3103068:13010310 w310306c:5050403 r3103078:9492f3c0 w3103078:f4926610 w3103080:2010101 w3103050:cd27f11 w3103054:19a13f89 w3103090:da60153 w3103094:6d30000
199,2,7b7bfb,1,8fd1a660,1001,27c9c162,ec8e88db,743c428b,8bd6813d,763a1cce,e2dbb424,ee753da6,c3717022,2c55ab55,f8bd5bf0,4c055244,8ee53e18,4544228e,86aa10f9,e7e6a486,39ebb0c6,63a908b,a
0
---
timing 123
19a,2,7b7bfb,1,d09cbb51,100,7183d120,8b9b6502,6e35ae74,fddf4f91,9a439881,1134f1b1,94d566f0,27071614,5a32b44e,6300e836,cfbf22ae,40724e72,bd7650f5,d3a1d9a1,6ff39440,bcfcdf64,c9a629a3,e
w3103030:d120 w3103034:6502 w3103038:ae74 w310303c:4f91 w310302c:0 w3103058:13070d31 w310305c:20901 w3103060:3040408 w3103064:200c w3103068:2020306 w310306c:5050403 r3103078:562010dd w3103078:f6206610 w3103080:2020101 w3103050:ce280a1 w3103054:19b14051 w3103090:6f00156 w3103094:3780000
19a,2,7b7bfb,1,d09cbb51,100,7183d120,8b9b6502,6e35ae74,fddf4f91,9a439881,1134f1b1,94d566f0,27071614,5a32b44e,6300e836,cfbf22ae,40724e72,bd7650f5,d3a1d9a1,6ff39440,bcfcdf64,c9a629a3,e
0
---
timing 124
320,2,7b7bfb,1,9873ea63,1000,900233ae,9e265297,32c5c668,b83343af,654b1052,ac9d45f,a5a6c4ee,33088642,e754f960,ac97d2ae,d960ee85,dc879f11,355c4f3c,65c1d887,146e649e,a436df05,4d2860e0,2
w3103030:33ae w3103034:5297 w3103038:c668 w310303c:43af w310302c:0 w3103058:f161a1f w310305c:151312 w3103060:3040409 w3103064:200c w3103068:1020211 w310306c:5050403 r3103078:6f6931f2 w3103078:ff696610 w3103080:2020101 w3103050:1914e201 w3103054:32127101 w3103090:4ee006c w3103094:2770000
320,2,7b7bfb,1,9873ea63,1000,900233ae,9e265297,32c5c668,b83343af,654b1052,ac9d45f,a5a6c4ee,33088642,e754f960,ac97d2ae,d960ee85,dc879f11,355c4f3c,65c1d887,146e649e,a436df05,4d2860e0,2
0
---
timing 125
321,2,7b7bfb,1,a63f0ac3,1101,142d33ba,d25dc699,4c08714b,b5e06f56,81e96521,b608c0b2,a60f3fd5,b686a2d9,773b5bc,cb6384e6,eeb21019,3587069f,c5f61a69,6c6c5615,a8defa8d,a5e6e669,50c903f8,6
w3103030:33ba w3103034:c699 w3103038:714b w310303c:6f56 w310302c:0 w3103058:d121a32 w310305c:c1121 w3103060:3040405 w3103064:200c w3103068:14070c02 w310306c:5050403 r3103078:d76a73a5 w3103078:f76a7610 w3103080:2020101 w3103050:1914e391 w3103054:322271c9 w3103090:fd500f3 w3103094:7ea0000
321,2,7b7bfb,1,a63f0ac3,1101,142d33ba,d25dc699,4c08714b,b5e06f56,81e96521,b608c0b2,a60f3fd5,b686a2d9,773b5bc,cb6384e6,eeb21019,3587069f,c5f61a69,6c6c5615,a8defa8d,a5e6e669,50c903f8,6
0
---
timing 126
390,2,7b7bfb,1,8a355af2,1,344c51a4,f48c4b09,94d54c81,d9d1ec21,3ed464b,21ed8b40,29cf3646,569f3a0,b0e5660c,300796fd,954921e2,1e072eb7,a00abf1,94db61a7,7c0f55c6,74bb134e,194e5b77,a
w3103030:51a4 w3103034:4b09 w3103038:4c81 w310303c:ec21 w310302c:0 w3103058:61a1e00 w310305c:31b0b w3103060:304040b w3103064:200c w3103068:1907080d w310306c:5050403 r3103078:549d5d1a w3103078:f49d7610 w3103080:2020101 w3103050:1c959101 w3103054:3912c881 w3103090:64600f3 w3103094:3230000
390,2,7b7bfb,1,8a355af2,1,344c51a4,f48c4b09,94d54c81,d9d1ec21,3ed464b,21ed8b40,29cf3646,569f3a0,b0e5660c,300796fd,954921e2,1e072eb7,a00abf1,94db61a7,7c0f55c6,74bb134e,194e5b77,a
0
---
timing 127
391,2,7b7bfb,1,d9001eb,1100,2ebd1655,e8337761,6245fe76,d357886c,928a1a03,b622fd3f,7b00b455,19d2ee9c,abb09c61,be7a30bd,fcda9f0b,7a748114,74e77581,d93bb51,87c0d9f6,4a793287,328aefad,e
w3103030:1655 w3103034:7761 w3103038:fe76 w310303c:886c w310302c:0 w3103058:14141e3f w310305c:c0503 w3103060:3040407 w3103064:200c w3103068:8040314 w310306c:5050403 r3103078:fc779fc9 w3103078:fc777610 w3103080:2020101 w3103050:1c959291 w3103054:3922c949 w3103090:455000b w3103094:22a0000
391,2,7b7bfb,1,d9001eb,1100,2ebd1655,e8337761,6245fe76,d357886c,928a1a03,b622fd3f,7b00b455,19d2ee9c,abb09c61,be7a30bd,fcda9f0b,7a748114,74e77581,d93bb51,87c0d9f6,4a793287,328aefad,e
0
---
timing 128
18,3,7b7bfb,1,58207dd1,0,c403acba,92c74166,56e133fa,c5078c61,be892ffd,64a9fb62,d8c0254b,46dcf135,aacda6e3,b67d535c,4f17e377,2ffafd1,7a3e9bab,b1c4b7f5,82590dd8,59990540,4155d40b,2
w3103030:acba w3103034:4166 w3103038:33fa w310303c:8c61 w310302c:0 w3103058:15120022 w310305c:9133d w3103060:4060508 w3103064:400c w3103068:1f04050d w310306c:5050403 r3103078:b6d547cf w3103078:f6d56610 w3103080:2040102 w3103050:902ee1 w3103054:19012c1 w3103090:54b0002 w3103094:2a50000
18,3,7b7bfb,1,58207dd1,0,c403acba,92c74166,56e133fa,c5078c61,be892ffd,64a9fb62,d8c0254b,46dcf135,aacda6e3,b67d535c,4f17e377,2ffafd1,7a3e9bab,b1c4b7f5,82590dd8,59990540,4155d40b,2
0
---
timing 129
198,3,7b7bfb,1,bad0d02,1100,b5b9b991,2ace4d06,b7f8367c,4276554,e6cd1c58,341519ca,bc087a02,b5892655,7c5dc09,2491b81b,9e2248aa,dc29ae1f,cc78284c,4447412d,ea96c99d,2efe44c,b11cb372,6
w3103030:b991 w3103034:4d06 w3103038:367c w310303c:6554 w310302c:0 w3103058:91a0d0a w310305c:80a18 w3103060:4060507 w3103064:400c w3103068:11060307 w310306c:5050403 r3103078:4eaa4ebc w3103078:feaa6610 w3103080:2040102 w3103050:9331ce1 w3103054:19913ec1 w3103090:a020087 w3103094:5010000
198,3,7b7bfb,1,bad0d02,1100,b5b9b991,2ace4d06,b7f8367c,4276554,e6cd1c58,341519ca,bc087a02,b5892655,7c5dc09,2491b81b,9e2248aa,dc29ae1f,cc78284c,4447412d,ea96c99d,2efe44c,b11cb372,6
0
---
timing 130
199,3,7b7bfb,1,112d9d11,1001,454cd798,73762fca,7b711915,dd5ab9d2,b6dffce8,535a7e07,6b9bb2f6,f0de71,c7a33f61,486574c4,5380d4e9,c0b08374,b311df9e,b1a1e539,aea4125d,78498234,9ee75f56,a
w3103030:d798 w3103034:2fca w3103038:1915 w310303c:b9d2 w310302c:0 w3103058:153f0d07 w310305c:61428 w3103060:406050b w3103064:400c w3103068:13060f18 w310306c:5050403 r3103078:b1c7d38d w3103078:f1c76610 w3103080:2040102 w3103050:9431ed5 w3103054:19a13f89 w3103090:2f601bb w3103094:17b0000
199,3,7b7bfb,1,112d9d11,1001,454cd798,73762fca,7b711915,dd5ab9d2,b6dffce8,535a7e07,6b9bb2f6,f0de71,c7a33f61,486574c4,5380d4e9,c0b08374,b311df9e,b1a1e539,aea4125d,78498234,9ee75f56,a
0
---
timing 131
19a,3,7b7bfb,1,c38dbe31,100,7387da67,93c6d79,e62db17f,871cfc69,62b2bbd1,a51059fa,780c4b16,68d0ef1c,df814753,32b5dbc3,322b7d97,ad3c3ba1,65e382cb,f8231d99,e60df92,6d80d558,715256ba,e
w3103030:da67 w3103034:6d79 w3103038:b17f w310303c:fc69 w310302c:0 w3103058:11250d3a w310305c:a0111 w3103060:4060507 w3103064:400c w3103068:f050707 w310306c:5050403 r3103078:6d9600d5 w3103078:fd966610 w3103080:2040102 w3103050:94320c9 w3103054:19b14051 w3103090:b1600c4 w3103094:58b0000
19a,3,7b7bfb,1,c38dbe31,100,7387da67,93c6d79,e62db17f,871cfc69,62b2bbd1,a51059fa,780c4b16,68d0ef1c,df814753,32b5dbc3,322b7d97,ad3c3ba1,65e382cb,f8231d99,e60df92,6d80d558,715256ba,e
0
---
timing 132
320,3,7b7bfb,1,173beda4,1000,3c95d570,b927cc6b,5ae2c94,c6697096,ad757b6,d7946374,7dfa7c26,99b73cf9,ec5a800d,366ef2b9,76202fd,c799af7a,fe265285,98383749,f9fb5129,d3fa9e5e,42f10d2e,2
w3103030:d570 w3103034:cc6b w3103038:2c94 w310303c:7096 w310302c:0 w3103058:122e1a34 w310305c:f0836 w3103060:4060507 w3103064:400c w3103068:1e060a0d w310306c:5050403 r3103078:17552f3 w3103078:f1756610 w3103080:2040102 w3103050:12161a81 w3103054:32127101 w3103090:c2601a7 w3103094:6130000
320,3,7b7bfb,1,173beda4,1000,3c95d570,b927cc6b,5ae2c94,c6697096,ad757b6,d7946374,7dfa7c26,99b73cf9,ec5a800d,366ef2b9,76202fd,c799af7a,fe265285,98383749,f9fb5129,d3fa9e5e,42f10d2e,2
0
---
timing 133
321,3,7b7bfb,1,659ba9df,1101,53ce9c02,f7a178ec,69be4ba7,128bd1a1,dc36af0e,15e09c75,ecd4771a,957ae53e,359de291,21f834e6,695d624a,7b68a181,dcae8fc2,5508b186,1b4525af,b24263a4,90a97a07,6
w3103030:9c02 w3103034:78ec w3103038:4ba7 w310303c:d1a1 w310302c:0 w3103058:a2d1a35 w310305c:b010e w3103060:507050d w3103064:400c w3103068:1c010511 w310306c:5050403 r3103078:4ead05d1 w3103078:fead7610 w3103080:2050103 w3103050:12161c75 w3103054:322271c9 w3103090:71a0147 w3103094:38d0000
321,3,7b7bfb,1,659ba9df,1101,53ce9c02,f7a178ec,69be4ba7,128bd1a1,dc36af0e,15e09c75,ecd4771a,957ae53e,359de291,21f834e6,695d624a,7b68a181,dcae8fc2,5508b186,1b4525af,b24263a4,90a97a07,6
0
---
timing 134
390,3,7b7bfb,1,6f35f0bb,1,2e7863c7,194ccd3f,3266a721,bcebbae7,7b556842,b97b9177,193988fd,89455269,d887fcd5,7f3469ce,77ed2c9a,d424a7d7,b463f678,399a6833,f8a4e64b,f9caa3c6,c11499e7,a
w3103030:63c7 w3103034:cd3f w3103038:a721 w310303c:bae7 w310302c:0 w3103058:92a1e37 w310305c:121702 w3103060:507050e w3103064:400c w3103068:1020d05 w310306c:5050403 r3103078:ebc7eedc w3103078:fbc77610 w3103080:2050103 w3103050:1496f541 w3103054:3912c881 w3103090:8fd0198 w3103094:47e0000
390,3,7b7bfb,1,6f35f0bb,1,2e7863c7,194ccd3f,3266a721,bcebbae7,7b556842,b97b9177,193988fd,89455269,d887fcd5,7f3469ce,77ed2c9a,d424a7d7,b463f678,399a6833,f8a4e64b,f9caa3c6,c11499e7,a
0
---
timing 135
391,3,7b7bfb,1,236beb7,1100,ea9d29b3,86ed4999,22093238,a6765c99,142f8ea3,4e1a3c75,f97f4108,bc6d4f61,395d4332,d78de92f,20aa34b5,e5520ab0,381c767e,f8dc34f1,3f6d04d7,2f560889,55fd1f0c,e
w3103030:29b3 w3103034:4999 w3103038:3238 w310303c:5c99 w310302c:0 w3103058:e1f1e35 w310305c:1c1423 w3103060:5070608 w3103064:400c w3103068:1a010111 w310306c:5050403 r3103078:bf2c552a w3103078:ff2c7610 w3103080:2050103 w3103050:1496f735 w3103054:3922c949 w3103090:10801f4 w3103094:840000
391,3,7b7bfb,1,236beb7,1100,ea9d29b3,86ed4999,22093238,a6765c99,142f8ea3,4e1a3c75,f97f4108,bc6d4f61,395d4332,d78de92f,20aa34b5,e5520ab0,381c767e,f8dc34f1,3f6d04d7,2f560889,55fd1f0c,e
0
---
timing 136
18,6,7b7bfb,1,8187afc1,0,7c3a652a,d9420435,15c97960,f31c61a,a8b58dcf,ab47db99,9b58e9a0,da7dcaa1,f177efbe,38c7dc59,bdfb63cb,28f423eb,635e02c,ac7a6664,f3cc61e0,58bba895,26fd948d,2
w3103030:652a w3103034:435 w3103038:7960 w310303c:c61a w310302c:0 w3103058:102b0019 w310305c:160f0f w3103060:2040a09 w3103064:35005 w3103068:1705010e w310306c:5050502 r3103078:6e647f48 w3103078:fe646610 w3103080:2030101 w3103050:3012c1 w3103054:1900109 w3103090:9a0018e w3103094:4d00000
18,6,7b7bfb,1,8187afc1,0,7c3a652a,d9420435,15c97960,f31c61a,a8b58dcf,ab47db99,9b58e9a0,da7dcaa1,f177efbe,38c7dc59,bdfb63cb,28f423eb,635e02c,ac7a6664,f3cc61e0,58bba895,26fd948d,2
0
---
timing 137
198,6,7b7bfb,1,4770a1e8,1100,d131cee0,ae0355ae,bd4f49e1,f7c60c1f,868df8de,c7d4060e,3238dad5,e4c092d,928721ea,cc28eff1,903193c3,41259644,da845ea2,90cbca83,9f5257ad,d4237596,75224a1e,6
w3103030:cee0 w3103034:55ae w3103038:49e1 w310303c:c1f w310302c:0 w3103058:51b060e w310305c:f081e w3103060:2040a0a w3103064:35005 w3103068:3040f18 w310306c:5050502 r3103078:c7596069 w3103078:f7596610 w3103080:2030101 w3103050:2913ec1 w3103054:19901189 w3103090:ad5018d w3103094:56a0000
198,6,7b7bfb,1,4770a1e8,1100,d131cee0,ae0355ae,bd4f49e1,f7c60c1f,868df8de,c7d4060e,3238dad5,e4c092d,928721ea,cc28eff1,903193c3,41259644,da845ea2,90cbca83,9f5257ad,d4237596,75224a1e,6
0
---
timing 138
199,6,7b7bfb,1,8e9a0d48,1001,3974c9d3,edbf0116,6b7b0930,51e0663e,a83e395b,5fafc58,2b57b54f,f729379e,9347bf11,49370f67,1762280b,a47183e4,ac876ad2,2ebab110,13f3f947,5d8cd515,2a0ae393,a
w3103030:c9d3 w3103034:116 w3103038:930 w310303c:663e w310302c:0 w3103058:143c0618 w310305c:b151b w3103060:2040a0c w3103064:35005 w3103068:5010711 w310306c:5050502 r3103078:12e3dfe7 w3103078:f2e36610 w3103080:2030101 w3103050:2913f89 w3103054:19a01194 w3103090:54f017b w3103094:2a70000
199,6,7b7bfb,1,8e9a0d48,1001,3974c9d3,edbf0116,6b7b0930,51e0663e,a83e395b,5fafc58,2b57b54f,f729379e,9347bf11,49370f67,1762280b,a47183e4,ac876ad2,2ebab110,13f3f947,5d8cd515,2a0ae393,a
0
---
timing 139
19a,6,7b7bfb,1,627bffe1,100,a1357901,22bf0230,1dd7005e,8a493aab,1cfe9d7,ae39b89a,f10cc4f3,ba1c2392,dff0f17c,67c52f05,eea9944d,2b0f75bd,b08d1d9a,51ea58b,a7f17742,4a3e7d3e,3a9dc1e7,e
w3103030:7901 w3103034:230 w3103038:5e w310303c:3aab w310302c:0 w3103058:c1f061a w310305c:1c1317 w3103060:2040a08 w3103064:35005 w3103068:7060d02 w310306c:5050502 r3103078:934fc040 w3103078:f34f6610 w3103080:2030101 w3103050:2a14051 w3103054:19b0119f w3103090:4f300cc w3103094:2790000
19a,6,7b7bfb,1,627bffe1,100,a1357901,22bf0230,1dd7005e,8a493aab,1cfe9d7,ae39b89a,f10cc4f3,ba1c2392,dff0f17c,67c52f05,eea9944d,2b0f75bd,b08d1d9a,51ea58b,a7f17742,4a3e7d3e,3a9dc1e7,e
0
---
timing 140
320,6,7b7bfb,1,909d05d8,1000,91af435f,cc9989f1,951b054a,ad7412da,5b7c85bf,bda3c2f7,3df9d4e4,560134a,504a5afb,e21aa9cd,ec574fe5,a1d07b60,8c5661ff,a6efe1d2,eba3baab,d86ab5ed,9e609272,2
w3103030:435f w3103034:89f1 w3103038:54a w310303c:12da w310302c:0 w3103058:d390d37 w310305c:1b073f w3103060:2040a07 w3103064:35005 w3103068:1603000b w310306c:5050502 r3103078:9a6cf52f w3103078:fa6c6610 w3103080:2030101 w3103050:5127101 w3103054:32102261 w3103090:4e4019d w3103094:2720000
320,6,7b7bfb,1,909d05d8,1000,91af435f,cc9989f1,951b054a,ad7412da,5b7c85bf,bda3c2f7,3df9d4e4,560134a,504a5afb,e21aa9cd,ec574fe5,a1d07b60,8c5661ff,a6efe1d2,eba3baab,d86ab5ed,9e609272,2
0
---
timing 141
321,6,7b7bfb,1,65717c5f,1101,2f4ca7cf,fc9a096e,c2fb3b02,85907503,9bfd200f,fb7cc2a9,a8dc2d9,b4900e9e,9549ffc4,f3b7802,4ce1fa48,8eff7021,216944ed,27e018c0,ed9086bb,bb06fd3,4b43ece7,6
w3103030:a7cf w3103034:96e w3103038:3b02 w310303c:7503 w310302c:0 w3103058:d3a0d29 w310305c:16190f w3103060:2040a0c w3103064:35005 w3103068:7040a w310306c:5050502 r3103078:6c9a4171 w3103078:fc9a7610 w3103080:2030101 w3103050:51271c9 w3103054:3220226c w3103090:2d900dc w3103094:16c0000
321,6,7b7bfb,1,65717c5f,1101,2f4ca7cf,fc9a096e,c2fb3b02,85907503,9bfd200f,fb7cc2a9,a8dc2d9,b4900e9e,9549ffc4,f3b7802,4ce1fa48,8eff7021,216944ed,27e018c0,ed9086bb,bb06fd3,4b43ece7,6
0
---
timing 142
390,6,7b7bfb,1,26f30f0b,1,e885b980,37fa374f,98d8a464,5625fe4f,6828c3dd,38728ddc,48c16871,51828a4,305ac5c7,6a94f0d0,8ad3a178,82c13ac4,e9975ff5,4f452dea,28fd8328,58ee4751,6f399d93,a
w3103030:b980 w3103034:374f w3103038:a464 w310303c:fe4f w310302c:0 w3103058:6110f1c w310305c:10051d w3103060:2040a0c w3103064:35005 w3103068:f010817 w310306c:5050502 r3103078:d1061d0a w3103078:f1067610 w3103080:2030101 w3103050:5c2c881 w3103054:39102731 w3103090:8710016 w3103094:4380000
390,6,7b7bfb,1,26f30f0b,1,e885b980,37fa374f,98d8a464,5625fe4f,6828c3dd,38728ddc,48c16871,51828a4,305ac5c7,6a94f0d0,8ad3a178,82c13ac4,e9975ff5,4f452dea,28fd8328,58ee4751,6f399d93,a
0
---
timing 143
391,6,7b7bfb,1,846cb045,1100,c3232360,ea2cc9ee,3e8a175f,ebd4e6c9,ba824d79,5af82c34,6a33c211,4c973ad8,a4053754,8a35a0c0,c5fa369e,70f33527,e898a703,385f7714,68ba2c81,aedf656,40646c22,e
w3103030:2360 w3103034:c9ee w3103038:175f w310303c:e6c9 w310302c:0 w3103058:a040f34 w310305c:151039 w3103060:2040a0c w3103064:35005 w3103068:15040910 w310306c:5050502 r3103078:28cf4f67 w3103078:f8cf7610 w3103080:2030101 w3103050:5c2c949 w3103054:3920273c w3103090:211013c w3103094:1080000
391,6,7b7bfb,1,846cb045,1100,c3232360,ea2cc9ee,3e8a175f,ebd4e6c9,ba824d79,5af82c34,6a33c211,4c973ad8,a4053754,8a35a0c0,c5fa369e,70f33527,e898a703,385f7714,68ba2c81,aedf656,40646c22,e
0
---
timing 144
18,7,7b7bfb,1,b46adec,0,7fc4b23,cf932747,1d5b0c16,98382f74,a1a6e4dc,eb4d0a28,545c10b7,1975e46f,dc084318,495fd888,3ccdeb92,15da99e8,aa50746b,a353dd0,8b2e8d00,6041d985,4bd61d1e,2
w3103030:4b23 w3103034:2747 w3103038:c16 w310303c:2f74 w310302c:0 w3103058:90d0028 w310305c:161a1c w3103060:3060d0c w3103064:5500c w3103068:13050c08 w310306c:5050503 r3103078:871900fb w3103078:f7196610 w3103080:2050102 w3103050:3012c1 w3103054:1900109 w3103090:b701c1 w3103094:5b0000
18,7,7b7bfb,1,b46adec,0,7fc4b23,cf932747,1d5b0c16,98382f74,a1a6e4dc,eb4d0a28,545c10b7,1975e46f,dc084318,495fd888,3ccdeb92,15da99e8,aa50746b,a353dd0,8b2e8d00,6041d985,4bd61d1e,2
0
---
timing 145
198,7,7b7bfb,1,dbd76923,1100,b3d9805c,8a64a939,7f3eeead,d32d70c0,352be67c,a457a917,2f3e9786,b5422aa1,7b1b4a0e,79e41ee8,4c73ace,60a2e073,1bbf5b9c,93b5f920,6607483,42a6c19f,589096b8,6
w3103030:805c w3103034:a939 w3103038:eead w310303c:70c0 w310302c:0 w3103058:d170617 w310305c:80f3c w3103060:3060d0d w3103064:5500c w3103068:19010c04 w310306c:5050503 r3103078:18b18658 w3103078:f8b16610 w3103080:2050102 w3103050:2913ec1 w3103054:19901189 w3103090:78601e9 w3103094:3c30000
198,7,7b7bfb,1,dbd76923,1100,b3d9805c,8a64a939,7f3eeead,d32d70c0,352be67c,a457a917,2f3e9786,b5422aa1,7b1b4a0e,79e41ee8,4c73ace,60a2e073,1bbf5b9c,93b5f920,6607483,42a6c19f,589096b8,6
0
---
timing 146
199,7,7b7bfb,1,f5d7e2fd,1001,e3a3835d,6c8d24c6,8cc3b406,95742d97,496090bd,3c508499,2f3adacf,40698084,b20a9e75,3ff33de8,1f183e6b,574a524c,26512a08,44cfcdb3,bf9a041a,52f3d305,a85e51ba,a
w3103030:835d w3103034:24c6 w3103038:b406 w310303c:2d97 w310302c:0 w3103058:8010619 w310305c:18013d w3103060:3060d0d w3103064:5500c w3103068:2030212 w310306c:5050503 r3103078:d4adf41c w3103078:f4ad6610 w3103080:2050102 w3103050:2913f89 w3103054:19a01194 w3103090:acf01ad w3103094:5670000
199,7,7b7bfb,1,f5d7e2fd,1001,e3a3835d,6c8d24c6,8cc3b406,95742d97,496090bd,3c508499,2f3adacf,40698084,b20a9e75,3ff33de8,1f183e6b,574a524c,26512a08,44cfcdb3,bf9a041a,52f3d305,a85e51ba,a
0
---
timing 147
19a,7,7b7bfb,1,4ce48c7d,100,d8f6b9a7,597c7dba,780784b2,322444b5,2fc13e73,1bda2d13,c3565f1d,f2b51462,99c1c506,595cf43b,54119083,34b740c5,dafd3288,e8fbe61a,f0c78198,c88d27c,801d8d06,e
w3103030:b9a7 w3103034:7dba w3103038:84b2 w310303c:44b5 w310302c:0 w3103058:d020613 w310305c:171433 w3103060:3060d0d w3103064:5500c w3103068:19060714 w310306c:5050503 r3103078:645ce5f9 w3103078:f45c6610 w3103080:2050102 w3103050:2a14051 w3103054:19b0119f w3103090:f1d0165 w3103094:78e0000
19a,7,7b7bfb,1,4ce48c7d,100,d8f6b9a7,597c7dba,780784b2,322444b5,2fc13e73,1bda2d13,c3565f1d,f2b51462,99c1c506,595cf43b,54119083,34b740c5,dafd3288,e8fbe61a,f0c78198,c88d27c,801d8d06,e
0
---
timing 148
320,7,7b7bfb,1,b2bec49f,1000,79036b34,a5606d4,223ef6a0,e7fc437,a32ea7fb,571a31b0,8700cfed,a472faa,54248dda,b6a3b7e6,bba983b0,1a74076f,c80f00f9,491cd03f,6fc95d4e,56f0bcbd,49b3d0c4,2
w3103030:6b34 w3103034:6d4 w3103038:f6a0 w310303c:c437 w310302c:0 w3103058:e1d0d30 w310305c:e143b w3103060:3060d09 w3103064:5500c w3103068:1f010406 w310306c:5050503 r3103078:9dde1912 w3103078:fdde6610 w3103080:2050102 w3103050:5127101 w3103054:32102261 w3103090:fed000c w3103094:7f60000
320,7,7b7bfb,1,b2bec49f,1000,79036b34,a5606d4,223ef6a0,e7fc437,a32ea7fb,571a31b0,8700cfed,a472faa,54248dda,b6a3b7e6,bba983b0,1a74076f,c80f00f9,491cd03f,6fc95d4e,56f0bcbd,49b3d0c4,2
0
---
timing 149
321,7,7b7bfb,1,bf5c8eed,1101,7b9a3c5f,e59cdf78,29f648bf,64bf328e,c39f64bf,3ba64a4a,b86759d1,3ff6bdc6,746a3a59,46bd2989,b86993c5,66ea2e5f,6a13fa03,7d83ee72,37f66a1d,b5bde290,537dea91,6
w3103030:3c5f w3103034:df78 w3103038:48bf w310303c:328e w310302c:0 w3103058:123e0d0a w310305c:170c3f w3103060:4070d0b w3103064:5500c w3103068:12040c09 w310306c:5050503 r3103078:63ed8dac w3103078:f3ed7610 w3103080:2060103 w3103050:51271c9 w3103054:3220226c w3103090:9d10075 w3103094:4e80000
321,7,7b7bfb,1,bf5c8eed,1101,7b9a3c5f,e59cdf78,29f648bf,64bf328e,c39f64bf,3ba64a4a,b86759d1,3ff6bdc6,746a3a59,46bd2989,b86993c5,66ea2e5f,6a13fa03,7d83ee72,37f66a1d,b5bde290,537dea91,6
0
---
timing 150
390,7,7b7bfb,1,3ed6ff1a,1,a302d48b,b3ff8d25,99bcac2a,10a69ce9,6ce38d73,17f5c13e,7dfb4d2e,47da373f,8ec19d26,d25a823f,c4283a1b,3b3aac1a,d844c8c2,c3590e78,e3ecaf7b,5ad479db,8dc18dc7,a
w3103030:d48b w3103034:8d25 w3103038:ac2a w310303c:9ce9 w310302c:0 w3103058:11070f3e w310305c:f0b33 w3103060:4070d10 w3103064:5500c w3103068:15070104 w310306c:5050503 r3103078:3608dceb w3103078:f6087610 w3103080:2060103 w3103050:5c2c881 w3103054:39102731 w3103090:d2e01b4 w3103094:6970000
390,7,7b7bfb,1,3ed6ff1a,1,a302d48b,b3ff8d25,99bcac2a,10a69ce9,6ce38d73,17f5c13e,7dfb4d2e,47da373f,8ec19d26,d25a823f,c4283a1b,3b3aac1a,d844c8c2,c3590e78,e3ecaf7b,5ad479db,8dc18dc7,a
0
---
timing 151
391,7,7b7bfb,1,c7608387,1100,c66ff59d,428de3f,1a1834bf,efb775ad,1b9f3e14,3c390aba,48b0083a,4e5e4d12,811d14e,7793355,7b4e9617,39166228,71e94264,bd7e0619,b86036f7,70f95174,73c00889,e
w3103030:f59d w3103034:de3f w3103038:34bf w310303c:75ad w310302c:0 w3103058:a3e0f3a w310305c:181214 w3103060:4070d0c w3103064:5500c w3103068:1804070a w310306c:5050503 r3103078:55fab7ef w3103078:f5fa7610 w3103080:2060103 w3103050:5c2c949 w3103054:3920273c w3103090:83a0100 w3103094:41d0000
391,7,7b7bfb,1,c7608387,1100,c66ff59d,428de3f,1a1834bf,efb775ad,1b9f3e14,3c390aba,48b0083a,4e5e4d12,811d14e,7793355,7b4e9617,39166228,71e94264,bd7e0619,b86036f7,70f95174,73c00889,e
0
---
timing 152
18,0,7b7bfb,1,5504a5dd,0,d7c794cf,aa140462,db020f,c6cb68c4,5b9fff55,7096d20f,30433819,6453a7a9,d9bfe94c,88622bfc,a10f47a9,809d0048,c4ce3b2e,aca129eb,1eb29c84,c697b6d5,c8041584,2
w3103030:94cf w3103034:462 w3103038:20f w310303c:68c4 w310302c:0 w3103058:c3f1b0f w310305c:10d15 w3103060:3030408 w3103064:2006 w3103068:1d040f08 w310306c:4040302 r3103078:a5a8fa72 w3103078:f5a86610 w3103080:2010101 w3103050:0 w3103054:0 w3103090:8190033 w3103094:40c0000
18,0,7b7bfb,1,5504a5dd,0,d7c794cf,aa140462,db020f,c6cb68c4,5b9fff55,7096d20f,30433819,6453a7a9,d9bfe94c,88622bfc,a10f47a9,809d0048,c4ce3b2e,aca129eb,1eb29c84,c697b6d5,c8041584,2
0
---
timing 153
198,0,7b7bfb,1,10541d3f,1100,21b63c74,65e9ed7,fcdbcaff,53fa1efd,d80de486,30a5e6cc,76f939de,13aac52f,fddf8b76,8903ee18,f8bf9e9a,3a35bfd4,199a62f7,6d22ef5e,e956c8ab,edb4ed42,a9f8b065,6
w3103030:3c74 w3103034:9ed7 w3103038:caff w310303c:1efd w310302c:0 w3103058:c1b1b0c w310305c:10b06 w3103060:3030408 w3103064:2006 w3103068:12000c1b w310306c:4040302 r3103078:7e8da9ab w3103078:fe8d6610 w3103080:2010101 w3103050:0 w3103054:0 w3103090:9de0193 w3103094:4ef0000
198,0,7b7bfb,1,10541d3f,1100,21b63c74,65e9ed7,fcdbcaff,53fa1efd,d80de486,30a5e6cc,76f939de,13aac52f,fddf8b76,8903ee18,f8bf9e9a,3a35bfd4,199a62f7,6d22ef5e,e956c8ab,edb4ed42,a9f8b065,6
0
---
timing 154
199,0,7b7bfb,1,b3362773,1001,f57f0734,246c564f,f9c284de,22ee1fd,e6b53b4c,3d4ee2ba,2d885f55,ba5cbcee,b10d8d36,eaa970bc,9be60ffc,b39eaeb9,2285baa1,3084a7ed,5e0038fb,e1dfb7a8,edbeb60e,a
w3103030:734 w3103034:564f w3103038:84de w310303c:e1fd w310302c:0 w3103058:c2a1b3a w310305c:1a1d0c w3103060:3030408 w3103064:2006 w3103068:d05070a w310306c:4040302 r3103078:a0f5816e w3103078:f0f56610 w3103080:2010101 w3103050:0 w3103054:0 w3103090:f550085 w3103094:7aa0000
199,0,7b7bfb,1,b3362773,1001,f57f0734,246c564f,f9c284de,22ee1fd,e6b53b4c,3d4ee2ba,2d885f55,ba5cbcee,b10d8d36,eaa970bc,9be60ffc,b39eaeb9,2285baa1,3084a7ed,5e0038fb,e1dfb7a8,edbeb60e,a
0
---
timing 155
19a,0,7b7bfb,1,7beac345,100,8c0b33b4,f6c385d8,74ce7674,d230badb,827cb5e,db515371,a43ec79d,8cda72b9,96b5034b,9801a8ea,e5c7d3d8,cd3c554,2c18be24,5e017545,57dab7a1,f1659a50,f022baca,e
w3103030:33b4 w3103034:85d8 w3103038:7674 w310303c:badb w310302c:0 w3103058:c0f1b31 w310305c:16021e w3103060:3030408 w3103064:2006 w3103068:d01090d w310306c:4040302 r3103078:e59bd7cc w3103078:f59b6610 w3103080:2010101 w3103050:0 w3103054:0 w3103090:79d01ec w3103094:3ce0000
19a,0,7b7bfb,1,7beac345,100,8c0b33b4,f6c385d8,74ce7674,d230badb,827cb5e,db515371,a43ec79d,8cda72b9,96b5034b,9801a8ea,e5c7d3d8,cd3c554,2c18be24,5e017545,57dab7a1,f1659a50,f022baca,e
0
---
timing 156
320,0,7b7bfb,1,6628ac93,1000,181ae04e,478d2abc,2fab51d4,abadcbb3,e8c2bf7e,d0eb0c6c,f4e663c3,afe16129,5e99184a,14ca5dc3,72246c19,d05dffc3,3debe6c5,bef831f7,6a4abce6,69514ea8,8beffe6,2
w3103030:e04e w3103034:2abc w3103038:51d4 w310303c:cbb3 w310302c:0 w3103058:c051b2c w310305c:1163e w3103060:3030408 w3103064:2006 w3103068:1d060711 w310306c:4040302 r3103078:3171b47 w3103078:f3176610 w3103080:2010101 w3103050:0 w3103054:0 w3103090:3c30066 w3103094:1e10000
320,0,7b7bfb,1,6628ac93,1000,181ae04e,478d2abc,2fab51d4,abadcbb3,e8c2bf7e,d0eb0c6c,f4e663c3,afe16129,5e99184a,14ca5dc3,72246c19,d05dffc3,3debe6c5,bef831f7,6a4abce6,69514ea8,8beffe6,2
0
---
timing 157
321,0,7b7bfb,1,eb6c1acc,1101,c635cc6d,f47afbc4,e07c1def,259d3c98,c1677ccd,b207753b,a814e7ff,3867dbcd,92e86288,39ddb9a5,38057a43,7782698b,9108e1bc,ee5fa6f3,9a78e47e,b25914a0,f6838ca4,6
w3103030:cc6d w3103034:fbc4 w3103038:1def w310303c:3c98 w310302c:0 w3103058:c0e1b3b w310305c:40e0d w3103060:3030408 w3103064:2006 w3103068:13030f14 w310306c:4040302 r3103078:c7c22cf7 w3103078:f7c27610 w3103080:2010101 w3103050:0 w3103054:0 w3103090:7ff014e w3103094:3ff0000
321,0,7b7bfb,1,eb6c1acc,1101,c635cc6d,f47afbc4,e07c1def,259d3c98,c1677ccd,b207753b,a814e7ff,3867dbcd,92e86288,39ddb9a5,38057a43,7782698b,9108e1bc,ee5fa6f3,9a78e47e,b25914a0,f6838ca4,6
0
---
timing 158
390,0,7b7bfb,1,875fd5a9,1,8edd9210,7e7ed1e8,b18fd277,4bb3162c,23aa7533,39a67ad3,e895eba8,884156e9,6e059f73,cb9ac6ae,43fbafda,d3598c4f,a0d25a9f,d6b152dd,35ec4895,9d33fdc6,2bacaf6d,a
w3103030:9210 w3103034:d1e8 w3103038:d277 w310303c:162c w310302c:0 w3103058:c141b13 w310305c:130c33 w3103060:3030408 w3103064:2006 w3103068:14050e0b w310306c:4040302 r3103078:2d502cc0 w3103078:fd507610 w3103080:2010101 w3103050:0 w3103054:0 w3103090:ba8015e w3103094:5d40000
390,0,7b7bfb,1,875fd5a9,1,8edd9210,7e7ed1e8,b18fd277,4bb3162c,23aa7533,39a67ad3,e895eba8,884156e9,6e059f73,cb9ac6ae,43fbafda,d3598c4f,a0d25a9f,d6b152dd,35ec4895,9d33fdc6,2bacaf6d,a
0
---
timing 159
391,0,7b7bfb,1,b47a99c9,1100,a1eac247,e8786f7c,e194f006,dfa8cc43,296d7e83,4d4bcd7e,d34923a2,f070d0e8,b994757d,e2a21380,ad55d201,897a7604,448fedd,a8d2f2e6,6f516a22,c4128340,6ed7140,e
w3103030:c247 w3103034:6f7c w3103038:f006 w310303c:cc43 w310302c:0 w3103058:c1a1b3e w310305c:1a1703 w3103060:3030408 w3103064:2006 w3103068:1a030f15 w310306c:4040302 r3103078:45d6ed04 w3103078:f5d67610 w3103080:2010101 w3103050:0 w3103054:0 w3103090:3a20092 w3103094:1d10000
391,0,7b7bfb,1,b47a99c9,1100,a1eac247,e8786f7c,e194f006,dfa8cc43,296d7e83,4d4bcd7e,d34923a2,f070d0e8,b994757d,e2a21380,ad55d201,897a7604,448fedd,a8d2f2e6,6f516a22,c4128340,6ed7140,e
0
---
pll 0
318,2,7b7bfb,1,52e17fd9,0,1c70,42,18,0,822a87dc,9eba409f,cc73abe9,22bbed8,43d283ef,fb9c9161,27a004fd,d278fadc,c1b49f1b,ffbfc2cb,330344ef,436aecf3,1634dd0d,3311b035
r2001010:3e330104 w2001010:fe304104 w2001010:de304104 w2001010:fe304104 r2001010:fe304104 d14 r2001010:fe304104 w2001010:fe304104 r2001800:16493214 w2001800:94493014
318,2,7b7bfb,1,52e17fd9,0,1c70,42,18,0,822a87dc,9eba409f,cc73abe9,22bbed8,43d283ef,fb9c9161,27a004fd,d278fadc,c1b49f1b,ffbfc2cb,330344ef,436aecf3,1634dd0d,3311b035
630
---
pll 1
318,3,7b7bfb,1,12cc16df,1100,1c70,42,18,0,c83edd41,98281a61,bd0558b4,fd4c656d,2faf2cea,580f5876,b2ec7273,8b41e63b,9eaa87fd,5fd4c654,4e93127a,bd56968c,b7bf3ce8,af7a8e6b
r2001010:514753f3 w2001010:d14041f0 w2001010:d14041f0 w2001010:f14041f0 r2001010:f14041f0 d14 r2001010:f14041f0 w2001010:f94041f0 r2001800:693d60e3 w2001800:e83d60e0
318,3,7b7bfb,1,12cc16df,1100,1c70,42,18,0,c83edd41,98281a61,bd0558b4,fd4c656d,2faf2cea,580f5876,b2ec7273,8b41e63b,9eaa87fd,5fd4c654,4e93127a,bd56968c,b7bf3ce8,af7a8e6b
630
---
pll 2
318,6,7b7bfb,1,47a1fca7,1001,1c70,42,18,0,1f492fba,808c46a6,7aeff54e,906bfdc1,2ee2002f,760198b7,4c3396cf,96345e04,12d9b29d,7cbb5a6d,677de7c6,84950c16,80212c26,33c57cdf
r2001010:de7fec86 w2001010:fefa3284 w2001010:defa3284 w2001010:fefa3284 r2001010:fefa3284 d14 r2001010:fefa3284 w2001010:fefa3284 r2001800:e605df96 w2001800:e405dc94
318,6,7b7bfb,1,47a1fca7,1001,1c70,42,18,0,1f492fba,808c46a6,7aeff54e,906bfdc1,2ee2002f,760198b7,4c3396cf,96345e04,12d9b29d,7cbb5a6d,677de7c6,84950c16,80212c26,33c57cdf
f976b4c8
---
system 0
318,2,7b7bfb,1,52e17fd9,0,1c70,42,18,0,822a87dc,9eba409f,cc73abe9,22bbed8,43d283ef,fb9c9161,27a004fd,d278fadc,c1b49f1b,ffbfc2cb,330344ef,436aecf3,1634dd0d,3311b035
r2001540:fff85b54 w2001540:bff85b54 r200180c:8323e658 w200180c:8323e658 w200180c:8322e658 r2001800:16493214 w2001800:16493214 w2001800:16493214 w2001800:1e493214 da r2001010:3e330104 w2001010:fe304104 w2001010:de304104 w2001010:fe304104 r2001010:fe304104 d14 r2001010:fe304104 w2001010:fe304104 r2001800:1e493214 w2001800:9c493014 d64 w3102020:1 w3102024:0 w3102028:0 da r200180c:8322e658 w200180c:8323e658 r2001540:bff85b54 w2001540:fff85b54 r2001800:9c493014 w2001800:dc493014 d5 r200180c:8323e658 w200180c:8323e659 r2001800:dc493014 w2001800:dc493014 w2001800:dc493014 d5 w310300c:8000 da
318,2,7b7bfb,1,52e17fd9,0,1c70,42,18,0,822a87dc,9eba409f,cc73abe9,22bbed8,43d283ef,fb9c9161,27a004fd,d278fadc,c1b49f1b,ffbfc2cb,330344ef,436aecf3,1634dd0d,3311b035
0
---
system 1
318,3,7b7bfb,1,12cc16df,1100,1c70,42,18,0,c83edd41,98281a61,bd0558b4,fd4c656d,2faf2cea,580f5876,b2ec7273,8b41e63b,9eaa87fd,5fd4c654,4e93127a,bd56968c,b7bf3ce8,af7a8e6b
r2001540:808c09a3 w2001540:808c09a3 r200180c:fc57b4af w200180c:fc57b4ae w200180c:fc56b4ae r2001800:693d60e3 w2001800:293d60e3 w2001800:293d60e3 w2001800:293d60e3 da r2001010:514753f3 w2001010:fd65dbf0 w2001010:dd65dbf0 w2001010:fd65dbf0 r2001010:fd65dbf0 d14 r2001010:fd65dbf0 w2001010:fd65dbf0 r2001800:293d60e3 w2001800:a83d60e0 d64 w3102020:1 w3102024:0 w3102028:0 da r200180c:fc56b4ae w200180c:fc57b4ae r2001540:808c09a3 w2001540:c08c09a3 r2001800:a83d60e0 w2001800:e83d60e0 d5 r200180c:fc57b4ae w200180c:fc57b4af r2001800:e83d60e0 w2001800:e83d60e0 w2001800:e83d60e0 d5 w310300c:8000 da
5fd4c650,3,7b7bfb,1,12cc16df,1100,1c70,42,18,0,c83edd41,98281a61,bd0558b4,fd4c656d,2faf2cea,580f5876,b2ec7273,8b41e63b,9eaa87fd,5fd4c654,4e93127a,bd56968c,b7bf3ce8,af7a8e6b
0
---
system 2
318,6,7b7bfb,1,47a1fca7,1001,1c70,42,18,0,1f492fba,808c46a6,7aeff54e,906bfdc1,2ee2002f,760198b7,4c3396cf,96345e04,12d9b29d,7cbb5a6d,677de7c6,84950c16,80212c26,33c57cdf
r2001540:fb4b6d6 w2001540:fb4b6d6 r200180c:736f0bda w200180c:736f0bda w200180c:736e0bda r2001800:e605df96 w2001800:a605df96 w2001800:2605df96 w2001800:2e05df96 da r2001010:de7fec86 w2001010:fefa3284 w2001010:defa3284 w2001010:fefa3284 r2001010:fefa3284 d14 r2001010:fefa3284 w2001010:fefa3284 r2001800:2e05df96 w2001800:ac05dc94 d64 w3102020:1 w3102024:0 w3102028:0 da r200180c:736e0bda w200180c:736f0bda r2001540:fb4b6d6 w2001540:4fb4b6d6 r2001800:ac05dc94 w2001800:ec05dc94 d5 r200180c:736f0bda w200180c:736f0bdb r2001800:ec05dc94 w2001800:ec05dc94 w2001800:ec05dc94 d5 w310300c:8000 da
7cbb5a64,6,7b7bfb,1,47a1fca7,1001,1c70,42,18,0,1f492fba,808c46a6,7aeff54e,906bfdc1,2ee2002f,760198b7,4c3396cf,96345e04,12d9b29d,7cbb5a6d,677de7c6,84950c16,80212c26,33c57cdf
0
---
common 0
318,2,7b7bfb,1,52e17fd9,0,1c70,42,18,0,822a87dc,9eba409f,cc73abe9,22bbed8,43d283ef,fb9c9161,27a004fd,d278fadc,c1b49f1b,ffbfc2cb,330344ef,436aecf3,1634dd0d,3311b035
r3102008:c20479c w3102008:c20609c r3102000:1e678a14 w3102000:1e4a1a14 r3102000:1e4a1a14 w3102000:1e4a16c4 r3102000:1e4a16c4 w3103120:201 r3102000:1e4a16c4 w3102000:1e4a16c4 r3102004:9505acd0 w3102004:950fbcd0
318,2,7b7bfb,1,52e17fd9,0,1c70,42,18,0,822a87dc,9eba409f,cc73abe9,22bbed8,43d283ef,fb9c9161,27a004fd,d278fadc,c1b49f1b,ffbfc2cb,330344ef,436aecf3,1634dd0d,3311b035
0
---
common 1
318,3,7b7bfb,1,12cc16df,1100,1c70,42,18,0,c83edd41,98281a61,bd0558b4,fd4c656d,2faf2cea,580f5876,b2ec7273,8b41e63b,9eaa87fd,5fd4c654,4e93127a,bd56968c,b7bf3ce8,af7a8e6b
r3102008:7354156b w3102008:7354206b r3102000:6113d8e3 w3102000:614b18e3 r3102000:614b18e3 w3102000:614b16c5 r3102004:ea71fe27 w3102004:ea71f6b5 r3102000:614b16c5 w3103120:303 r3102000:614b16c5 w3102000:654b16c5 r3102004:ea71f6b5 w3102004:ea73f6b5
318,3,7b7bfb,1,12cc16df,1100,1c70,42,18,0,c83edd41,98281a61,bd0558b4,fd4c656d,2faf2cea,580f5876,b2ec7273,8b41e63b,9eaa87fd,5fd4c654,4e93127a,bd56968c,b7bf3ce8,af7a8e6b
0
---
common 2
318,6,7b7bfb,1,47a1fca7,1001,1c70,42,18,0,1f492fba,808c46a6,7aeff54e,906bfdc1,2ee2002f,760198b7,4c3396cf,96345e04,12d9b29d,7cbb5a6d,677de7c6,84950c16,80212c26,33c57cdf
r3102008:fc6caa1e w3102008:fc6ca01e r3102000:ee2b6796 w3102000:ee4e0796 r3102000:ee4e0796 w3102000:ee4e0695 r3102000:ee4e0695 w3103120:303 w31033c4:0 r3102000:ee4e0695 w3102000:ee4e0695 r3102004:65494152 w3102004:6549f152
318,6,7b7bfb,1,47a1fca7,1001,1c70,42,18,0,1f492fba,808c46a6,7aeff54e,906bfdc1,2ee2002f,760198b7,4c3396cf,96345e04,12d9b29d,7cbb5a6d,677de7c6,84950c16,80212c26,33c57cdf
0
---
common 3
318,7,7b7bfb,1,dc1729ca,100,1c70,42,18,0,9c51e692,83e960e4,de04cece,1d1598a6,51bbcbc5,1ee0a0fb,cccc33d9,4f2291bb,2e8e6bae,e01b0ac6,db2f30da,ef03922b,3773fb4b,59f628cb
r3102008:91beecf5 w3102008:91bee0f5 r3102000:83f9217d w3102000:834f117d r3102000:834f117d w3102000:834f16b0 r3102000:834f16b0 w3103120:201 r3102000:834f16b0 w3102000:834f16b0 r3102004:89b07b9 w3102004:89f17b9
318,7,7b7bfb,1,dc1729ca,100,1c70,42,18,0,9c51e692,83e960e4,de04cece,1d1598a6,51bbcbc5,1ee0a0fb,cccc33d9,4f2291bb,2e8e6bae,e01b0ac6,db2f30da,ef03922b,3773fb4b,59f628cb
0
---
common 4
318,0,7b7bfb,1,736a9625,1000,1c70,42,18,0,95b5582a,6fc64ccb,7450bc56,aa88e0e,ba9289f3,c4833858,839920ac,ac6791fb,da17b2dc,abbd51c5,ed151405,79009af2,e8e4a976,ac381b26
r3102008:22e992b8 w3102008:22e9a0b8 r3102000:30ae5f30 w3102000:30481f30 r3102000:30481f30 w3102000:30481615 r3102000:30481615 w3103120:303 r3102000:30481615 w3102000:36481615 r3102004:bbcc79f4 w3102004:bbcff9f4
318,0,7b7bfb,1,736a9625,1000,1c70,42,18,0,95b5582a,6fc64ccb,7450bc56,aa88e0e,ba9289f3,c4833858,839920ac,ac6791fb,da17b2dc,abbd51c5,ed151405,79009af2,e8e4a976,ac381b26
0
---
common 5
318,2,7b7bfb,1,5edcccc1,1101,1c70,42,18,0,76980fbe,f33f5a58,63bf9de9,33363eba,e89b0901,4c067f05,d82111e,6b09ffbe,d792c305,3cc008a5,4818fcca,4d276124,c0aac5e6,d73c4c1b
r3102008:ff2cd6ee w3102008:ff2ce0ee r3102000:ed6b1b66 w3102000:ed420b66 r3102000:ed420b66 w3102000:ed4207b1 r3102004:66093da2 w3102004:660936c5 r3102000:ed4207b1 w3103120:303 w31033c4:0 r3102000:ed4207b1 w3102000:ef4207b1 r3102004:660936c5 w3102004:660d36c5
318,2,7b7bfb,1,5edcccc1,1101,1c70,42,18,0,76980fbe,f33f5a58,63bf9de9,33363eba,e89b0901,4c067f05,d82111e,6b09ffbe,d792c305,3cc008a5,4818fcca,4d276124,c0aac5e6,d73c4c1b
0
---
common 6
318,3,7b7bfb,1,cc92d33d,1,1c70,42,18,0,40b2d002,536e95df,32833106,3d90fbac,3170fab2,d293056a,f08db22f,1d74bd1c,4ad5cfbc,79eaa723,f3faa8e8,8ed2305d,ffec3fee,9c8052e3
r3102008:b3e0cb04 w3102008:b3e0e004 r3102000:a1a7068c w3102000:a14b068c r3102000:a14b068c w3102000:a14b0624 r3102000:a14b0624 w3103120:201 w31033c4:0 r3102000:a14b0624 w3102000:a54b0624 r3102004:2ac52048 w3102004:2acfe048
318,3,7b7bfb,1,cc92d33d,1,1c70,42,18,0,40b2d002,536e95df,32833106,3d90fbac,3170fab2,d293056a,f08db22f,1d74bd1c,4ad5cfbc,79eaa723,f3faa8e8,8ed2305d,ffec3fee,9c8052e3
0
---
common 7
318,3,7b7bfb,1,d081a3d4,1100,1c70,42,18,0,300a65cc,1894f5b6,4cdac1b3,eca51b19,aa30b2de,bafcf1aa,df21d0f6,41e10912,be4f5eea,6d6f93e1,e67aad0b,8bdd042,a7cfed95,25b4dfb6
r3102008:6d9de104 w3102008:6d9de004 r3102000:7fda2c8c w3102000:7f4b1c8c r3102000:7f4b1c8c w3102000:7f4b19c1 r3102004:f4b80a48 w3102004:f4b80775 r3102000:7f4b19c1 w3103120:303 r3102000:7f4b19c1 w3102000:7f4b19c1 r3102004:f4b80775 w3102004:f4bb7775
318,3,7b7bfb,1,d081a3d4,1100,1c70,42,18,0,300a65cc,1894f5b6,4cdac1b3,eca51b19,aa30b2de,bafcf1aa,df21d0f6,41e10912,be4f5eea,6d6f93e1,e67aad0b,8bdd042,a7cfed95,25b4dfb6
0
---
channel 0
210,2,7b7bfb,0,52e17fd9,0,1c70,42,18,0,822a87dc,9eba409f,cc73abe9,22bbed8,43d283ef,fb9c9161,27a004fd,d278fadc,c1b49f1b,ffbfc2cb,330344ef,436aecf3,1634dd0d,0
r310200c:84fe7e58 w310200c:84fe7107 r3103108:bd37049c w3103108:bd37039c r3103344:412b3c10 w3103344:412b0c20 r31033c4:5ee6c490 w31033c4:5ee604a0 r3103208:f6b1f59c w3103208:f6b1f59e r3103310:1de47404 w3103310:1de4761e r3103314:94826ec0 w3103314:94826eda r3103318:13a0018c w3103318:13a0079e r310331c:8a7e3848 w310331c:8a7e3e5a r3103320:11cd334 w3103320:11cd73e r3103324:783af5f0 w3103324:783af7fa r3103328:f0d8ecbc w3103328:f0d8eebe r310332c:6ff68778 w310332c:6ff6877a r3103330:e694be24 w3103330:e694be3e r3103390:39a31c84 w3103390:39a31e84 r3103394:b0413740 w3103394:b0413f40 r3103398:2f1f2e0c w3103398:2f1f3e0c r310339c:a63dc0c8 w310339c:a63ddec8 r31033a0:1edbfbb4 w31033a0:1edbffb4 r31033a4:95f99270 w31033a4:95f99e70 r31033a8:c97b53c w31033a8:c97bf3c r31033ac:8bb5aff8 w31033ac:8bb5bff8 r31033b0:25046a4 w31033b0:2505ea4 r3103100:cf7b4b14 w3103100:cb7b4b14 r3103334:5db350e0 w3103334:5db354e8 r3103338:d4514bac w3103338:d4515fac r31033b4:796e7960 w31033b4:796e7d66 r31033b8:f00c102c w31033b8:f00c1c2e r310333c:536f6268 w310333c:576f6268 r31033bc:6f2a0ae8 w31033bc:6f2a0ae8 r3103100:cb7b4b14 w3103100:cf7b4b14 d1 r3103240:92935454 w3103240:92935e54 r3103244:9b14f10 w3103244:9b14f10 r3103248:804f61dc w3103248:804f6fdc r310324c:ff6d1898 w310324c:ff6d1e98 r3103250:760b3344 w3103250:760b3f44 r3103254:ed292a00 w3103254:ed292e00 r3103258:65c7cccc w3103258:65c7cecc r310325c:dce5e788 w310325c:dce5ef88 r3103260:5b839e74 w3103260:5b839e74 r3103264:d2a1b130 w3103264:d2a1bf30 r3103268:497fabfc w3103268:497faffc r310326c:c01a42b8 w310326c:c01a4eb8 r3103270:3f386564 w3103270:3f386f64 r3103274:b7d61c20 w3103274:b7d61e20 r3103278:2ef436ec w3103278:2ef43eec r3103228:bf5e3fbc w3103228:bf5e3fbc r310322c:367cd678 w310322c:367cde78 r3103230:ad1ac924 w3103230:ad1acf24 r3103234:2438e3e0 w3103234:2438efe0 r3103238:9cd69aac w3103238:9cd69eac r310323c:1bf4bd68 w310323c:1bf4bf68 r3103218:da26508c w3103218:da265f8c r310321c:52c44b48 w310321c:52c44f48 r3103280:1cb0c094 w3103280:1cb0c494 r3103108:bd37039c w3103108:bd37039c da r3103108:bd37039c w3103108:bd3703dc r31030c0:3d5dded4 w31030c0:31003087 r70005d4:0 r3103140:5918e754 w3103140:5a7b7bfb r70005d4:0 w3103000:172 w3103000:173 da r3103010:1 r70005d4:0 r3103010:1 r3103018:1 r310308c:181616d8 w310308c:981616d8 da r310308c:981616d8 w310308c:181616d8 da r3102014:7aba0bc0 w3102014:faba0bc0 da r310310c:35d53f58 w310310c:31d53f58
210,2,7b7bfb,0,52e17fd9,0,1c70,42,18,0,822a87dc,9eba409f,cc73abe9,22bbed8,43d283ef,fb9c9161,27a004fd,d278fadc,c1b49f1b,ffbfc2cb,330344ef,436aecf3,1634dd0d,0
1
---
channel 1
2a0,3,7b7bfb,1,12cc16df,1100,1c70,42,18,0,c83edd41,98281a61,bd0558b4,fd4c656d,2faf2cea,580f5876,b2ec7273,8b41e63b,9eaa87fd,5fd4c654,4e93127a,bd56968c,b7bf3ce8,4
r310200c:fb8a2caf w310200c:fb8a214f r3103108:c243566b w3103108:c243536b r3103344:3e5f6ee7 w3103344:3e5f0ec1 r31033c4:21929667 w31033c4:21920641 r3103208:89c5a76b w3103208:89c5a76b r3103310:629026f3 w3103310:62903ef3 r3103314:ebf63c37 w3103314:ebf63c37 r3103318:6cd4537b w3103318:6cd45b7b r310331c:f50a6abf w310331c:f50a7abf r3103320:7e6881c3 w3103320:7e6899d3 r3103324:74ea707 w3103324:74ebf17 r3103328:8facbe4b w3103328:8facbe5b r310332c:1082d58f w310332c:1082dd9f r3103330:99e0ecd3 w3103330:99e0fcd3 r3103390:46d74e73 w3103390:46d75e7f r3103394:cf3565b7 w3103394:cf3575bf r3103398:506b7cfb w3103398:506b7cff r310339c:d949923f w310339c:d949923f r31033a0:61afa943 w31033a0:61afb95f r31033a4:ea8dc087 w31033a4:ea8dd09f r31033a8:73e3e7cb w31033a8:73e3f7df r31033ac:f4c1fd0f w31033ac:f4c1fd1f r31033b0:7d241453 w31033b0:7d24145f r3103100:b00f19e3 w3103100:b00f19e3 r3103334:22c70217 w3103334:22c70e1f r3103338:ab25195b w3103338:ab251d5f r31033b4:61a2b97 w31033b4:61a2b97 r31033b8:8f7842db w31033b8:8f784adf r310333c:2c1b309f w310333c:2c1b309f r31033bc:105e581f w31033bc:1a5e581f r3103100:b00f19e3 w3103100:b40f19e3 d1 r3103240:ede706a3 w3103240:ede707a3 r3103244:76c51de7 w3103244:76c51fe7 r3103248:ff3b332b w3103248:ff3b372b r310324c:80194a6f w310324c:80194f6f r3103250:97f61b3 w3103250:97f67b3 r3103254:925d78f7 w3103254:925d7ff7 r3103258:1ab39e3b w3103258:1ab39f3b r310325c:a391b57f w310325c:a391b77f r3103260:24f7cc83 w3103260:24f7cf83 r3103264:add5e3c7 w3103264:add5e7c7 r3103268:360bf90b w3103268:360bff0b r310326c:bf6e104f w310326c:bf6e174f r3103270:404c3793 w3103270:404c3793 r3103274:c8a24ed7 w3103274:c8a24fd7 r3103278:5180641b w3103278:5180671b r3103228:c02a6d4b w3103228:c02a6f4b r310322c:4908848f w310322c:4908878f r3103230:d26e9bd3 w3103230:d26e9fd3 r3103234:5b4cb117 w3103234:5b4cb717 r3103238:e3a2c85b w3103238:e3a2cf5b r310323c:6480ef9f w310323c:6480ef9f r3103218:a552027b w3103218:a5520a7b r310321c:2db019bf w310321c:2db01bbf r3103280:63c49263 w3103280:63c49363 r3103108:c243536b w3103108:c243532b r31030bc:b9cb751f w31030bc:b9cb7418 r31030c0:42298c23 w31030c0:43000001 r70005d4:0 r3103140:266cb5a3 w3103140:267b7bfb w3103000:52 w3103000:53 r3103010:1 da w3103000:5a0 w3103000:5a1 da r3103010:1 r70005d4:0 r3103010:1 r3103018:1 r310308c:6762442f w310308c:e762442f da r310308c:e762442f w310308c:6762442f da r3102014:5ce5937 w3102014:85ce5937 da r310310c:4aa16daf w310310c:48a16daf r310311c:6639c8bf w310311c:6639c87f
2a0,3,7b7bfb,1,12cc16df,1100,1c70,42,18,0,c83edd41,98281a61,bd0558b4,fd4c656d,2faf2cea,580f5876,b2ec7273,8b41e63b,9eaa87fd,5fd4c654,4e93127a,bd56968c,b7bf3ce8,4
1
---
channel 2
2a1,6,7b7bfb,0,47a1fca7,1001,1c70,42,18,0,1f492fba,808c46a6,7aeff54e,906bfdc1,2ee2002f,760198b7,4c3396cf,96345e04,12d9b29d,7cbb5a6d,677de7c6,84950c16,80212c26,8
r310200c:74b293da w310200c:74b2914f r3103108:4d7be91e w3103108:4d7be31e r3103344:b167d192 w3103344:b16705a0 r31033c4:aeaa2912 w31033c4:aeaa0d20 r3103208:6fd181e w3103208:6fd181e r3103310:eda89986 w3103310:eda89d8e r3103314:64ce8342 w3103314:64ce8f4e r3103318:e3ecec0e w3103318:e3ecec0e r310331c:7a32d5ca w310331c:7a32ddce r3103320:f1503eb6 w3103320:f1503ebe r3103324:88761872 w3103324:88761c7e r3103328:94013e w3103328:940d3e r310332c:9fba6afa w310332c:9fba6efe r3103330:16d853a6 w3103330:16d85fae r3103390:c9eff106 w3103390:c9eff306 r3103394:400ddac2 w3103394:400ddac6 r3103398:df53c38e w3103398:df53c38e r310339c:56712d4a w310339c:56712f4e r31033a0:ee971636 w31033a0:ee971636 r31033a4:65b57ff2 w31033a4:65b57ff6 r31033a8:fcdb58be w31033a8:fcdb5abe r31033ac:7bf9427a w31033ac:7bf9427e r31033b0:f21cab26 w31033b0:f21cab26 r3103100:3f37a696 w3103100:3b37a696 r3103334:adffbd62 w3103334:adffbf62 r3103338:241da62e w3103338:241dae2e r31033b4:892294e2 w31033b4:892296e6 r31033b8:40fdae w31033b8:40ffae r310333c:a3238fea w310333c:ab238fea r31033bc:9f66e76a w31033bc:9f66e76a r3103100:3b37a696 w3103100:3f37a696 d1 r3103240:62dfb9d6 w3103240:62dfbdd6 r3103244:f9fda292 w3103244:f9fdae92 r3103248:70038c5e w3103248:70038c5e r310324c:f21f51a w310324c:f21fd1a r3103250:8647dec6 w3103250:8647dec6 r3103254:1d65c782 w3103254:1d65cf82 r3103258:958b214e w3103258:958b2d4e r310325c:2ca90a0a w310325c:2ca90e0a r3103260:abcf73f6 w3103260:abcf7ff6 r3103264:22ed5cb2 w3103264:22ed5cb2 r3103268:b933467e w3103268:b9334e7e r310326c:3056af3a w310326c:3056af3a r3103270:cf7488e6 w3103270:cf748ce6 r3103274:479af1a2 w3103274:479afda2 r3103278:deb8db6e w3103278:deb8df6e r3103228:4f12d23e w3103228:4f12de3e r310322c:c6303bfa w310322c:c6303ffa r3103230:5d5624a6 w3103230:5d562ca6 r3103234:d4740e62 w3103234:d4740e62 r3103238:6c9a772e w3103238:6c9a7f2e r310323c:ebb850ea w310323c:ebb85cea r3103218:2a6abd0e w3103218:2a6abf0e r310321c:a288a6ca w310321c:a288a7ca r3103280:ecfc2d16 w3103280:ecfc2f16 r3103108:4d7be31e w3103108:4d7be39e r3103060:1ac395f6 r31030bc:36f3ca6a w31030bc:36f3cb69 r310311c:e90177ca w310311c:690177ca r310311c:690177ca w310311c:2a0177ca r31030c0:cd113356 w31030c0:c3000001 r70005d4:0 r3103140:a9540ad6 w3103140:aa7b7bfb r70005d4:0 w3103000:172 w3103000:173 da r3103010:1 r70005d4:0 r3103010:1 r3103018:1 r310308c:e85afb5a w310308c:e85afb5a da r310308c:e85afb5a w310308c:685afb5a da r3102014:8af6e642 w3102014:8af6e642 da r310310c:c599d2da w310310c:c199d2da
2a1,6,7b7bfb,0,47a1fca7,1001,1c70,42,18,0,1f492fba,808c46a6,7aeff54e,906bfdc1,2ee2002f,760198b7,4c3396cf,96345e04,12d9b29d,7cbb5a6d,677de7c6,84950c16,80212c26,8
1
---
channel 3
318,7,7b7bfb,1,dc1729ca,100,1c70,42,18,0,9c51e692,83e960e4,de04cece,1d1598a6,51bbcbc5,1ee0a0fb,cccc33d9,4f2291bb,2e8e6bae,e01b0ac6,db2f30da,ef03922b,3773fb4b,c
r310200c:1960d531 w310200c:1960d18b r3103108:20a9aff5 w3103108:20a9a3f5 r3103344:dcb59779 w3103344:dcb50541 r31033c4:c3786ff9 w31033c4:c3780dc1 r3103208:6b2f5ef5 w3103208:6b2f5ef7 r3103310:807adf6d w3103310:807adf7f r3103314:91cc5a9 w3103314:91cd7bf r3103318:8e3eaae5 w3103318:8e3ebef7 r310331c:17e09321 w310331c:17e09737 r3103320:9c82785d w3103320:9c827e5f r3103324:e5a45e99 w3103324:e5a45e9f r3103328:6d4647d5 w3103328:6d4657d7 r310332c:f2682c11 w310332c:f2683e17 r3103330:7b0a154d w3103330:7b0a175f r3103390:a43db7ed w3103390:a43db7ed r3103394:2ddf9c29 w3103394:2ddf9c29 r3103398:b2818565 w3103398:b281856d r310339c:3ba36ba1 w310339c:3ba36fa9 r31033a0:834550dd w31033a0:834554dd r31033a4:8673919 w31033a4:8673d19 r31033a8:91091e55 w31033a8:91091e5d r31033ac:162b0491 w31033ac:162b0499 r31033b0:9fceedcd w31033b0:9fceedcd r3103100:52e5e07d w3103100:52e5e07d r3103334:c02dfb89 w3103334:c02dff8f r3103338:49cfe0c5 w3103338:49cfe6c7 r31033b4:e4f0d209 w31033b4:e4f0d20f r31033b8:6d92bb45 w31033b8:6d92bb4f r310333c:cef1c901 w310333c:cef1c901 r31033bc:f2b4a181 w31033bc:f2b4a181 r3103100:52e5e07d w3103100:56e5e07d d1 r3103240:f0dff3d w3103240:f0dff3d r3103244:942fe479 w3103244:942fed79 r3103248:1dd1cab5 w3103248:1dd1cfb5 r310324c:62f3b3f1 w310324c:62f3bff1 r3103250:eb95982d w3103250:eb959d2d r3103254:70b78169 w3103254:70b78d69 r3103258:f85967a5 w3103258:f8596fa5 r310325c:417b4ce1 w310325c:417b4de1 r3103260:c61d351d w3103260:c61d3d1d r3103264:4f3f1a59 w3103264:4f3f1f59 r3103268:d4e10095 w3103268:d4e10d95 r310326c:5d84e9d1 w310326c:5d84edd1 r3103270:a2a6ce0d w3103270:a2a6cf0d r3103274:2a48b749 w3103274:2a48bf49 r3103278:b36a9d85 w3103278:b36a9d85 r3103228:22c094d5 w3103228:22c09dd5 r310322c:abe27d11 w310322c:abe27d11 r3103230:3084624d w3103230:30846f4d r3103234:b9a64889 w3103234:b9a64d89 r3103238:14831c5 w3103238:1483dc5 r310323c:866a1601 w310323c:866a1f01 r3103218:47b8fbe5 w3103218:47b8fbe5 r310321c:cf5ae021 w310321c:cf5ae021 r3103280:812e6bfd w3103280:812e6bfd r3103108:20a9a3f5 w3103108:20a9a3b5 da r3103108:20a9a3b5 w3103108:20a9a3f5 r310311c:84d33121 w310311c:a2d33121 r31030c0:a0c375bd w31030c0:a1003087 r70005d4:0 r3103140:c4864c3d w3103140:c67b7bfb r70005d4:0 w3103000:172 w3103000:173 da r3103010:1 r70005d4:0 r3103010:1 r3103018:1 r310308c:8588bdb1 w310308c:8588bdb1 da r310308c:8588bdb1 w310308c:588bdb1 da r3102014:e724a0a9 w3102014:e724a0a9 da r310310c:a84b9431 w310310c:a84b9431
318,7,7b7bfb,1,dc1729ca,100,1c70,42,18,0,9c51e692,83e960e4,de04cece,1d1598a6,51bbcbc5,1ee0a0fb,cccc33d9,4f2291bb,2e8e6bae,e01b0ac6,db2f30da,ef03922b,3773fb4b,c
1
---
channel 4
210,0,7b7bfb,0,736a9625,1000,1c70,42,18,0,95b5582a,6fc64ccb,7450bc56,aa88e0e,ba9289f3,c4833858,839920ac,ac6791fb,da17b2dc,abbd51c5,ed151405,79009af2,e8e4a976,0
r310200c:aa37ab7c w310200c:aa37a107 r3103108:93fed1b8 w3103108:93fed3b8 r3103344:6fe2e934 w3103344:6fe20920 r31033c4:702f11b4 w31033c4:702f01a0 r3103208:d87820b8 w3103208:d87820ba r3103310:332da120 w3103310:332da52c r3103314:ba4bbbe4 w3103314:ba4bbfec r3103318:3d69d4a8 w3103318:3d69d4ac r310331c:a4b7ed6c w310331c:a4b7ed6c r3103320:2fd50610 w3103320:2fd5061c r3103324:56f320d4 w3103324:56f324dc r3103328:de113998 w3103328:de113d9c r310332c:413f525c w310332c:413f565c r3103330:c85d6b00 w3103330:c85d6f0c r3103390:176ac9a0 w3103390:176adfae r3103394:9e88e264 w3103394:9e88fe6e r3103398:1d6fb28 w3103398:1d6ff2e r310339c:88f415ec w310339c:88f41fee r31033a0:30122e90 w31033a0:30123e9e r31033a4:bb304754 w31033a4:bb305f5e r31033a8:225e6018 w31033a8:225e7e1e r31033ac:a57c7adc w31033ac:a57c7ede r31033b0:2c999380 w31033b0:2c999f8e r3103100:e1b29e30 w3103100:e1b29e30 r3103334:737a85c4 w3103334:737a85cc r3103338:fa989e88 w3103338:fa989e88 r31033b4:57a7ac44 w31033b4:57a7ac5c r31033b8:dec5c508 w31033b8:dec5c51c r310333c:7da6b74c w310333c:7da6b74c r31033bc:41e3dfcc w31033bc:41e3dfcc r3103100:e1b29e30 w3103100:e5b29e30 d1 r3103240:bc5a8170 w3103240:bc5a8170 r3103244:27789a34 w3103244:27789a34 r3103248:ae86b4f8 w3103248:ae86b4f8 r310324c:d1a4cdbc w310324c:d1a4cdbc r3103250:58c2e660 w3103250:58c2e660 r3103254:c3e0ff24 w3103254:c3e0ff24 r3103258:4b0e19e8 w3103258:4b0e19e8 r310325c:f22c32ac w310325c:f22c32ac r3103260:754a4b50 w3103260:754a4b50 r3103264:fc686414 w3103264:fc686414 r3103268:67b67ed8 w3103268:67b67ed8 r310326c:eed3979c w310326c:eed3979c r3103270:11f1b040 w3103270:11f1b040 r3103274:991fc904 w3103274:991fc904 r3103278:3de3c8 w3103278:3de3c8 r3103228:9197ea98 w3103228:9197ea98 r310322c:18b5035c w310322c:18b5035c r3103230:83d31c00 w3103230:83d31c00 r3103234:af136c4 w3103234:af136c4 r3103238:b21f4f88 w3103238:b21f4f88 r310323c:353d684c w310323c:353d684c r3103218:f4ef85a8 w3103218:f4ef85a8 r310321c:7c0d9e6c w310321c:7c0d9e6c r3103280:327915b0 w3103280:327915b0 r3103108:93fed3b8 w3103108:93fed3b8 da r3103108:93fed3b8 w3103108:93fed3f8 r31030c0:13940bf0 w31030c0:13000001 r70005d4:10000 r7010250:9d121660 w7010250:9d121660 da r3103140:77d13270 w3103140:767b7bfb r70005d4:10000 w3103000:62 w3103000:63 da r3103010:1 r70005d4:10000 r310310c:1b1cea7c w310310c:1d1cea7c da r3103004:205769f4 w3103004:205769f5 r3103018:3 r7010250:9d121660 w7010250:9d121660 da r3103004:205769f5 w3103004:205769f4 r3103018:1 df r3103010:1 r3103018:1 r310308c:36dfc3fc w310308c:b6dfc3fc da r310308c:b6dfc3fc w310308c:36dfc3fc da r3102014:5473dee4 w3102014:d473dee4 da r310310c:1d1cea7c w310310c:191cea7c
210,0,7b7bfb,0,736a9625,1000,1c70,42,18,0,95b5582a,6fc64ccb,7450bc56,aa88e0e,ba9289f3,c4833858,839920ac,ac6791fb,da17b2dc,abbd51c5,ed151405,79009af2,e8e4a976,0
1
---
channel 5
2a0,2,7b7bfb,1,5edcccc1,1101,1c70,42,18,0,76980fbe,f33f5a58,63bf9de9,33363eba,e89b0901,4c067f05,d82111e,6b09ffbe,d792c305,3cc008a5,4818fcca,4d276124,c0aac5e6,4
r310200c:77f2ef2a w310200c:77f2e14f r3103108:4e3b95ee w3103108:4e3b93ee r3103344:b227ad62 w3103344:b2270d40 r31033c4:adea55e2 w31033c4:adea05c0 r3103208:5bd64ee w3103208:5bd64ee r3103310:eee8e576 w3103310:eee8ed7e r3103314:678effb2 w3103314:678effbe r3103318:e0ac90fe w3103318:e0ac98fe r310331c:7972a93a w310331c:7972a93e r3103320:f2104246 w3103320:f2104a4e r3103324:8b366482 w3103324:8b366c8e r3103328:3d47dce w3103328:3d47dce r310332c:9cfa160a w310332c:9cfa1e0e r3103330:15982f56 w3103330:15982f5e r3103390:caaf8df6 w3103390:caaf8dfe r3103394:434da632 w3103394:434da63e r3103398:dc13bf7e w3103398:dc13bf7e r310339c:553151ba w310339c:553155be r31033a0:edd76ac6 w31033a0:edd76ede r31033a4:66f50302 w31033a4:66f5071e r31033a8:ff9b244e w31033a8:ff9b245e r31033ac:78b93e8a w31033ac:78b93e9e r31033b0:f15cd7d6 w31033b0:f15cd7de r3103100:3c77da66 w3103100:3877da66 r3103334:aebfc192 w3103334:aebfcf96 r3103338:275ddade w3103338:275ddede r31033b4:8a62e812 w31033b4:8a62ec16 r31033b8:300815e w31033b8:300855e r310333c:a063f31a w310333c:ae63f31a r31033bc:9c269b9a w31033bc:9c269b9a r3103100:3877da66 w3103100:3c77da66 d1 r3103240:619fc526 w3103240:619fcd26 r3103244:fabdde62 w3103244:fabdde62 r3103248:7343f0ae w3103248:7343fcae r310324c:c6189ea w310324c:c618dea r3103250:8507a236 w3103250:8507ae36 r3103254:1e25bb72 w3103254:1e25bf72 r3103258:96cb5dbe w3103258:96cb5dbe r310325c:2fe976fa w310325c:2fe97efa r3103260:a88f0f06 w3103260:a88f0f06 r3103264:21ad2042 w3103264:21ad2c42 r3103268:ba733a8e w3103268:ba733e8e r310326c:3316d3ca w310326c:3316dfca r3103270:cc34f416 w3103270:cc34fc16 r3103274:44da8d52 w3103274:44da8d52 r3103278:ddf8a79e w3103278:ddf8af9e r3103228:4c52aece w3103228:4c52aece r310322c:c570470a w310322c:c5704f0a r3103230:5e165856 w3103230:5e165c56 r3103234:d7347292 w3103234:d7347e92 r3103238:6fda0bde w3103238:6fda0fde r310323c:e8f82c1a w310323c:e8f82c1a r3103218:292ac1fe w3103218:292acbfe r310321c:a1c8da3a w310321c:a1c8de3a r3103280:efbc51e6 w3103280:efbc5fe6 r3103108:4e3b93ee w3103108:4e3b932e r31030bc:35b3b69a w31030bc:35b3b698 r31030c0:ce514fa6 w31030c0:c3000001 r70005d4:10000 r7010250:40d75236 w7010250:40d75234 da r3103140:aa147626 w3103140:aa7b7bfb w3103000:52 w3103000:53 r3103010:1 da w3103000:520 w3103000:521 da r3103010:1 r70005d4:10000 r310310c:c6d9ae2a w310310c:c4d9ae2a da r3103004:fd922da2 w3103004:fd922da3 r3103018:3 r7010250:40d75234 w7010250:40d75234 da r3103004:fd922da3 w3103004:fd922da2 r3103018:1 df r3103108:4e3b932e w3103108:4e3b932e r310310c:c4d9ae2a w310310c:c2d9ae2a d1 w3103000:401 r3103010:1 r3103010:1 r3103018:1 r310308c:eb1a87aa w310308c:eb1a87aa da r310308c:eb1a87aa w310308c:6b1a87aa da r3102014:89b69ab2 w3102014:89b69ab2 da r310310c:c2d9ae2a w310310c:c0d9ae2a r310311c:ea410b3a w310311c:ea410b7a
2a0,2,7b7bfb,1,5edcccc1,1101,1c70,42,18,0,76980fbe,f33f5a58,63bf9de9,33363eba,e89b0901,4c067f05,d82111e,6b09ffbe,d792c305,3cc008a5,4818fcca,4d276124,c0aac5e6,4
1
---
channel 6
2a1,3,7b7bfb,0,cc92d33d,1,1c70,42,18,0,40b2d002,536e95df,32833106,3d90fbac,3170fab2,d293056a,f08db22f,1d74bd1c,4ad5cfbc,79eaa723,f3faa8e8,8ed2305d,ffec3fee,8
r310200c:3b3ef2c0 w310200c:3b3ef14f r3103108:2f78804 w3103108:2f78304 r3103344:feebb088 w3103344:feeb04a0 r31033c4:e1264808 w31033c4:e1260c20 r3103208:49717904 w3103208:49717906 r3103310:a224f89c w3103310:a224fa9c r3103314:2b42e258 w3103314:2b42fa5c r3103318:ac608d14 w3103318:ac609f1c r310331c:35beb4d0 w310331c:35bebedc r3103320:bedc5fac w3103320:bedc5fbc r3103324:c7fa7968 w3103324:c7fa7b7c r3103328:4f186024 w3103328:4f187a3c r310332c:d0360be0 w310332c:d0361bfc r3103330:595432bc w3103330:59543abc r3103390:8663901c w3103390:86639a1c r3103394:f81bbd8 w3103394:f81bbdc r3103398:90dfa294 w3103398:90dfaa9c r310339c:19fd4c50 w310339c:19fd4e5c r31033a0:a11b772c w31033a0:a11b7f3c r31033a4:2a391ee8 w31033a4:2a391efc r31033a8:b35739a4 w31033a8:b3573bbc r31033ac:34752360 w31033ac:34752b7c r31033b0:bd90ca3c w31033b0:bd90ca3c r3103100:70bbc78c w3103100:70bbc78c r3103334:e273dc78 w3103334:e273dc78 r3103338:6b91c734 w3103338:6b91c73c r31033b4:c6aef5f8 w31033b4:c6aefffc r31033b8:4fcc9cb4 w31033b8:4fcc9ebc r310333c:ecafeef0 w310333c:ecafeef0 r31033bc:d0ea8670 w31033bc:daea8670 r3103100:70bbc78c w3103100:74bbc78c d1 r3103240:2d53d8cc w3103240:2d53decc r3103244:b671c388 w3103244:b671cf88 r3103248:3f8fed44 w3103248:3f8fef44 r310324c:40ad9400 w310324c:40ad9e00 r3103250:c9cbbfdc w3103250:c9cbbfdc r3103254:52e9a698 w3103254:52e9ae98 r3103258:da074054 w3103258:da074e54 r310325c:63256b10 w310325c:63256f10 r3103260:e44312ec w3103260:e4431eec r3103264:6d613da8 w3103264:6d613fa8 r3103268:f6bf2764 w3103268:f6bf2f64 r310326c:7fdace20 w310326c:7fdace20 r3103270:80f8e9fc w3103270:80f8effc r3103274:81690b8 w3103274:8169eb8 r3103278:9134ba74 w3103278:9134be74 r3103228:9eb324 w3103228:9ebf24 r310322c:89bc5ae0 w310322c:89bc5ee0 r3103230:12da45bc w3103230:12da4fbc r3103234:9bf86f78 w3103234:9bf86f78 r3103238:23161634 w3103238:23161e34 r310323c:a43431f0 w310323c:a4343ff0 r3103218:65e6dc14 w3103218:65e6dc14 r310321c:ed04c7d0 w310321c:ed04cfd0 r3103280:a3704c0c w3103280:a3704e0c r3103108:2f78304 w3103108:2f78384 r3103060:554ff4ec r31030bc:797fab70 w31030bc:797fab7d r310311c:a68d16d0 w310311c:2e8d16d0 r31030c0:829d524c w31030c0:81003087 r70005d4:10000 r7010250:c1b4fdc w7010250:c1b4fdc da r3103140:e6d86bcc w3103140:e67b7bfb r70005d4:10000 w3103000:62 w3103000:63 da r3103010:1 r70005d4:10000 r310310c:8a15b3c0 w310310c:8c15b3c0 da r3103004:b15e3048 w3103004:b15e3049 r3103018:3 r7010250:c1b4fdc w7010250:c1b4fdc da r3103004:b15e3049 w3103004:b15e3048 r3103018:1 df r3103010:1 r3103018:1 r310308c:a7d69a40 w310308c:a7d69a40 da r310308c:a7d69a40 w310308c:27d69a40 da r3102014:c57a8758 w3102014:c57a8758 da r310310c:8c15b3c0 w310310c:8815b3c0
2a1,3,7b7bfb,0,cc92d33d,1,1c70,42,18,0,40b2d002,536e95df,32833106,3d90fbac,3170fab2,d293056a,f08db22f,1d74bd1c,4ad5cfbc,79eaa723,f3faa8e8,8ed2305d,ffec3fee,8
1
---
channel 7
318,3,7b7bfb,1,d081a3d4,1100,1c70,42,18,0,300a65cc,1894f5b6,4cdac1b3,eca51b19,aa30b2de,bafcf1aa,df21d0f6,41e10912,be4f5eea,6d6f93e1,e67aad0b,8bdd042,a7cfed95,c
r310200c:e543d8c0 w310200c:e543d18b r3103108:dc8aa204 w3103108:dc8aa304 r3103344:20969a88 w3103344:20960c80 r31033c4:3f5b6208 w31033c4:3f5b0400 r3103208:970c5304 w3103208:970c5306 r3103310:7c59d29c w3103310:7c59d69e r3103314:f53fc858 w3103314:f53fcc5a r3103318:721da714 w3103318:721da71e r310331c:ebc39ed0 w310331c:ebc39eda r3103320:60a175ac w3103320:60a175ae r3103324:19875368 w3103324:1987576a r3103328:91654a24 w3103328:91654e2e r310332c:e4b21e0 w310332c:e4b25ea r3103330:872918bc w3103330:87291cbe r3103390:581eba1c w3103390:581eba1e r3103394:d1fc91d8 w3103394:d1fc99da r3103398:4ea28894 w3103398:4ea28896 r310339c:c7806650 w310339c:c7806e52 r31033a0:7f665d2c w31033a0:7f665d3e r31033a4:f44434e8 w31033a4:f4443cfa r31033a8:6d2a13a4 w31033a8:6d2a1bb6 r31033ac:ea080960 w31033ac:ea080972 r31033b0:63ede03c w31033b0:63ede83e r3103100:aec6ed8c w3103100:aac6ed8c r3103334:3c0ef678 w3103334:3c0efe7e r3103338:b5eced34 w3103338:b5ecff3e r31033b4:18d3dff8 w31033b4:18d3dff8 r31033b8:91b1b6b4 w31033b8:91b1b6bc r310333c:32d2c4f0 w310333c:3ad2c4f0 r31033bc:e97ac70 w31033bc:1e97ac70 r3103100:aac6ed8c w3103100:aec6ed8c d1 r3103240:f32ef2cc w3103240:f32ef2cc r3103244:680ce988 w3103244:680ce988 r3103248:e1f2c744 w3103248:e1f2c744 r310324c:9ed0be00 w310324c:9ed0be00 r3103250:17b695dc w3103250:17b695dc r3103254:8c948c98 w3103254:8c948c98 r3103258:47a6a54 w3103258:47a6a54 r310325c:bd584110 w310325c:bd584110 r3103260:3a3e38ec w3103260:3a3e38ec r3103264:b31c17a8 w3103264:b31c17a8 r3103268:28c20d64 w3103268:28c20d64 r310326c:a1a7e420 w310326c:a1a7e420 r3103270:5e85c3fc w3103270:5e85c3fc r3103274:d66bbab8 w3103274:d66bbab8 r3103278:4f499074 w3103278:4f499074 r3103228:dee39924 w3103228:dee39924 r310322c:57c170e0 w310322c:57c170e0 r3103230:cca76fbc w3103230:cca76fbc r3103234:45854578 w3103234:45854578 r3103238:fd6b3c34 w3103238:fd6b3c34 r310323c:7a491bf0 w310323c:7a491bf0 r3103218:bb9bf614 w3103218:bb9bff14 r310321c:3379edd0 w310321c:3379edd0 r3103280:7d0d660c w3103280:7d0d6e0c r3103108:dc8aa304 w3103108:dc8aa304 da r3103108:dc8aa304 w3103108:dc8aa3c4 r31030c0:5ce0784c w31030c0:53000001 r70005d4:10000 r7010250:d26665dc w7010250:d26665dc da r3103140:38a541cc w3103140:3a7b7bfb r70005d4:10000 w3103000:62 w3103000:63 da r3103010:1 r70005d4:10000 r310310c:546899c0 w310310c:546899c0 da r3103004:6f231a48 w3103004:6f231a49 r3103018:3 r7010250:d26665dc w7010250:d26665dc da r3103004:6f231a49 w3103004:6f231a48 r3103018:1 df r3103010:1 r3103018:1 r310308c:79abb040 w310308c:f9abb040 da r310308c:f9abb040 w310308c:79abb040 da r3102014:1b07ad58 w3102014:9b07ad58 da r310310c:546899c0 w310310c:506899c0
318,3,7b7bfb,1,d081a3d4,1100,1c70,42,18,0,300a65cc,1894f5b6,4cdac1b3,eca51b19,aa30b2de,bafcf1aa,df21d0f6,41e10912,be4f5eea,6d6f93e1,e67aad0b,8bdd042,a7cfed95,c
1
---
channel 8
210,2,7b7bfb,0,2534c02d,0,1c70,42,18,0,7000368d,597991d1,988a0c48,29b629a9,3dac4e90,3ef2db72,b945990f,b13fdde3,7e957f3f,27af6f59,10efc1e4,59d5d2d4,79cc01a,0
r310200c:1bfdff2a w310200c:1bfdf107 r3103108:223485ee w3103108:223483ee r3103344:de28bd62 w3103344:de280d60 r31033c4:c1e545e2 w31033c4:c1e505e0 r3103208:69b274ee w3103208:69b274ee r3103310:82e7f576 w3103310:82e7fd76 r3103314:b81efb2 w3103314:b81efb6 r3103318:8ca380fe w3103318:8ca388fe r310331c:157db93a w310331c:157db93e r3103320:9e1f5246 w3103320:9e1f5a56 r3103324:e7397482 w3103324:e7397c96 r3103328:6fdb6dce w3103328:6fdb6dde r310332c:f0f5060a w310332c:f0f50e1e r3103330:79973f56 w3103330:79973f56 r3103390:a6a09df6 w3103390:a6a09ff6 r3103394:2f42b632 w3103394:2f42be32 r3103398:b01caf7e w3103398:b01cbf7e r310339c:393e41ba w310339c:393e5bba r31033a0:81d87ac6 w31033a0:81d87ac6 r31033a4:afa1302 w31033a4:afa1b02 r31033a8:9394344e w31033a8:93943e4e r31033ac:14b62e8a w31033ac:14b63e8a r31033b0:9d53c7d6 w31033b0:9d53dfd6 r3103100:5078ca66 w3103100:5078ca66 r3103334:c2b0d192 w3103334:c2b0db9a r3103338:4b52cade w3103338:4b52cade r31033b4:e66df812 w31033b4:e66dfa12 r31033b8:6f0f915e w31033b8:6f0f9b5e r310333c:cc6ce31a w310333c:ce6ce31a r31033bc:f0298b9a w31033bc:fa298b9a r3103100:5078ca66 w3103100:5478ca66 d1 r3103240:d90d526 w3103240:d90df26 r3103244:96b2ce62 w3103244:96b2ce62 r3103248:1f4ce0ae w3103248:1f4ceeae r310324c:606e99ea w310324c:606e9fea r3103250:e908b236 w3103250:e908be36 r3103254:722aab72 w3103254:722aaf72 r3103258:fac44dbe w3103258:fac44fbe r310325c:43e666fa w310325c:43e66efa r3103260:c4801f06 w3103260:c4801f06 r3103264:4da23042 w3103264:4da23e42 r3103268:d67c2a8e w3103268:d67c2e8e r310326c:5f19c3ca w310326c:5f19cfca r3103270:a03be416 w3103270:a03bee16 r3103274:28d59d52 w3103274:28d59f52 r3103278:b1f7b79e w3103278:b1f7bf9e r3103228:205dbece w3103228:205dbece r310322c:a97f570a w310322c:a97f5f0a r3103230:32194856 w3103230:32194e56 r3103234:bb3b6292 w3103234:bb3b6e92 r3103238:3d51bde w3103238:3d51fde r310323c:84f73c1a w310323c:84f73e1a r3103218:4525d1fe w3103218:4525d5fe r310321c:cdc7ca3a w310321c:cdc7cb3a r3103280:83b341e6 w3103280:83b34de6 r3103108:223483ee w3103108:223483ae da r3103108:223483ae w3103108:223483ee r31030c0:a25e5fa6 w31030c0:a1003087 r70005d4:0 r3103140:c61b6626 w3103140:c67b7bfb r70005d4:0 w3103000:172 w3103000:173 da r3103010:100001 r70005d4:0 r3103010:100001
210,2,7b7bfb,0,2534c02d,0,1c70,42,18,0,7000368d,597991d1,988a0c48,29b629a9,3dac4e90,3ef2db72,b945990f,b13fdde3,7e957f3f,27af6f59,10efc1e4,59d5d2d4,79cc01a,0
0
---
channel 9
2a0,3,7b7bfb,1,4580711b,1100,1c70,42,18,0,64d94a35,8aba63ed,e60922ca,b54807bf,dce6e87d,f5668744,6bb92d99,5e7bf098,5d79baf5,886507b3,66baa786,5fedcced,65de18c,4
r310200c:c523fe9c w310200c:c523f14f r3103108:fcea8458 w3103108:fcea8358 r3103344:f6bcd4 w3103344:f60cc0 r31033c4:1f3b4454 w31033c4:1f3b0440 r3103208:b76c7558 w3103208:b76c755a r3103310:5c39f4c0 w3103310:5c39fed8 r3103314:d55fee04 w3103314:d55ffe1c r3103318:527d8148 w3103318:527d9b58 r310331c:cba3b88c w310331c:cba3ba9c r3103320:40c153f0 w3103320:40c15bf8 r3103324:39e77534 w3103324:39e77f3c r3103328:b1056c78 w3103328:b1057e78 r310332c:2e2b07bc w310332c:2e2b1fbc r3103330:a7493ee0 w3103330:a7493ef8 r3103390:787e9c40 w3103390:787e9c50 r3103394:f19cb784 w3103394:f19cbf94 r3103398:6ec2aec8 w3103398:6ec2bed8 r310339c:e7e0400c w310339c:e7e05c1c r31033a0:5f067b70 w31033a0:5f067f70 r31033a4:d42412b4 w31033a4:d4241eb4 r31033a8:4d4a35f8 w31033a8:4d4a3df8 r31033ac:ca682f3c w31033ac:ca683f3c r31033b0:438dc660 w31033b0:438dde70 r3103100:8ea6cbd0 w3103100:8aa6cbd0 r3103334:1c6ed024 w3103334:1c6eda3e r3103338:958ccb68 w3103338:958cdb7a r31033b4:38b3f9a4 w31033b4:38b3fdae r31033b8:b1d190e8 w31033b8:b1d19cea r310333c:12b2e2ac w310333c:1ab2e2ac r31033bc:2ef78a2c w31033bc:3ef78a2c r3103100:8aa6cbd0 w3103100:8ea6cbd0 d1 r3103240:d34ed490 w3103240:d34edc90 r3103244:486ccfd4 w3103244:486ccfd4 r3103248:c192e118 w3103248:c192e918 r310324c:beb0985c w310324c:beb0985c r3103250:37d6b380 w3103250:37d6bb80 r3103254:acf4aac4 w3103254:acf4aac4 r3103258:241a4c08 w3103258:241a4c08 r310325c:9d38674c w310325c:9d386f4c r3103260:1a5e1eb0 w3103260:1a5e1eb0 r3103264:937c31f4 w3103264:937c39f4 r3103268:8a22b38 w3103268:8a22b38 r310326c:81c7c27c w310326c:81c7ca7c r3103270:7ee5e5a0 w3103270:7ee5eda0 r3103274:f60b9ce4 w3103274:f60b9ce4 r3103278:6f29b628 w3103278:6f29be28 r3103228:fe83bf78 w3103228:fe83bf78 r310322c:77a156bc w310322c:77a15ebc r3103230:ecc749e0 w3103230:ecc749e0 r3103234:65e56324 w3103234:65e56b24 r3103238:dd0b1a68 w3103238:dd0b1a68 r310323c:5a293dac w310323c:5a293dac r3103218:9bfbd048 w3103218:9bfbd648 r310321c:1319cb8c w310321c:1319cf8c r3103280:5d6d4050 w3103280:5d6d4a50 r3103108:fcea8358 w3103108:fcea8318 r31030bc:8762a72c w31030bc:8762a628 r31030c0:7c805e10 w31030c0:73000001 r70005d4:0 r3103140:18c56790 w3103140:1a7b7bfb w3103000:52 w3103000:53 r3103010:100001 da w3103000:5a0 w3103000:5a1 da r3103010:100001 r70005d4:0 r3103010:100001
2a0,3,7b7bfb,1,4580711b,1100,1c70,42,18,0,64d94a35,8aba63ed,e60922ca,b54807bf,dce6e87d,f5668744,6bb92d99,5e7bf098,5d79baf5,886507b3,66baa786,5fedcced,65de18c,4
0
---
channel 10
2a1,6,7b7bfb,0,81854f8a,1001,1c70,42,18,0,d6f18134,740a7798,568cec2b,8ed72d0d,88126eb0,625c4cbc,7a9abd2a,d5a32d77,47128af,28cf032c,261b0d40,7349547b,ac3f03de,8
r310200c:d06abbc7 w310200c:d06ab14f r3103108:e9a3c103 w3103108:e9a3c303 r3103344:15bff98f w3103344:15bf0da1 r31033c4:a72010f w31033c4:a720521 r3103208:a2253003 w3103208:a2253003 r3103310:4970b19b w3103310:4970b79f r3103314:c016ab5f w3103314:c016bf5f r3103318:4734c413 w3103318:4734d61f r310331c:deeafdd7 w310331c:deeaffdf r3103320:558816ab w3103320:558816bf r3103324:2cae306f w3103324:2cae367f r3103328:a44c2923 w3103328:a44c3f3f r310332c:3b6242e7 w310332c:3b6256ff r3103330:b2007bbb w3103330:b2007fbf r3103390:6d37d91b w3103390:6d37df1b r3103394:e4d5f2df w3103394:e4d5fedf r3103398:7b8beb93 w3103398:7b8bef9b r310339c:f2a90557 w310339c:f2a90f5f r31033a0:4a4f3e2b w31033a0:4a4f3e3b r31033a4:c16d57ef w31033a4:c16d5fff r31033a8:580370a3 w31033a8:58037ebb r31033ac:df216a67 w31033ac:df216e7f r31033b0:56c4833b w31033b0:56c48f3b r3103100:9bef8e8b w3103100:9bef8e8b r3103334:927957f w3103334:927977f r3103338:80c58e33 w3103338:80c59e3f r31033b4:2dfabcff w31033b4:2dfabcff r31033b8:a498d5b3 w31033b8:a498ddb7 r310333c:7fba7f7 w310333c:17fba7f7 r31033bc:3bbecf77 w31033bc:3bbecf77 r3103100:9bef8e8b w3103100:9fef8e8b d1 r3103240:c60791cb w3103240:c60795cb r3103244:5d258a8f w3103244:5d258e8f r3103248:d4dba443 w3103248:d4dba443 r310324c:abf9dd07 w310324c:abf9dd07 r3103250:229ff6db w3103250:229ff6db r3103254:b9bdef9f w3103254:b9bdef9f r3103258:31530953 w3103258:31530d53 r310325c:88712217 w310325c:88712617 r3103260:f175beb w3103260:f175feb r3103264:863574af w3103264:863574af r3103268:1deb6e63 w3103268:1deb6e63 r310326c:948e8727 w310326c:948e8727 r3103270:6baca0fb w3103270:6baca4fb r3103274:e342d9bf w3103274:e342ddbf r3103278:7a60f373 w3103278:7a60f773 r3103228:ebcafa23 w3103228:ebcafe23 r310322c:62e813e7 w310322c:62e817e7 r3103230:f98e0cbb w3103230:f98e0cbb r3103234:70ac267f w3103234:70ac267f r3103238:c8425f33 w3103238:c8425f33 r310323c:4f6078f7 w310323c:4f607cf7 r3103218:8eb29513 w3103218:8eb29513 r310321c:6508ed7 w310321c:6508fd7 r3103280:4824050b w3103280:4824050b r3103108:e9a3c303 w3103108:e9a3c383 r3103060:be1bbdeb r31030bc:922be277 w31030bc:922be379 r310311c:4dd95fd7 w310311c:4dd95fd7 r310311c:4dd95fd7 w310311c:2ad95fd7 r31030c0:69c91b4b w31030c0:63000001 r70005d4:0 r3103140:d8c22cb w3103140:e7b7bfb r70005d4:0 w3103000:172 w3103000:173 da r3103010:100001 r70005d4:0 r3103010:100001
2a1,6,7b7bfb,0,81854f8a,1001,1c70,42,18,0,d6f18134,740a7798,568cec2b,8ed72d0d,88126eb0,625c4cbc,7a9abd2a,d5a32d77,47128af,28cf032c,261b0d40,7349547b,ac3f03de,8
0
---
channel 11
318,7,7b7bfb,1,250c67f3,100,1c70,42,18,0,c4f718fd,7d69e938,fbc1af89,814e3e5d,4ac8ea44,f8067ba4,d316bd42,cfde65a9,2dfa36f4,ca486abc,2abf6c2a,ae176990,42b95460,c
r310200c:c4885c60 w310200c:c488518b r3103108:fd4126a4 w3103108:fd4123a4 r3103344:15d1e28 w3103344:15d0c00 r31033c4:1e90e6a8 w31033c4:1e900480 r3103208:b6c7d7a4 w3103208:b6c7d7a6 r3103310:5d92563c w3103310:5d92563c r3103314:d4f44cf8 w3103314:d4f44cf8 r3103318:53d623b4 w3103318:53d623b4 r310331c:ca081a70 w310331c:ca081a70 r3103320:416af10c w3103320:416af10c r3103324:384cd7c8 w3103324:384cd7c8 r3103328:b0aece84 w3103328:b0aece84 r310332c:2f80a540 w310332c:2f80a540 r3103330:a6e29c1c w3103330:a6e29c1c r3103390:79d53ebc w3103390:79d53ebc r3103394:f0371578 w3103394:f037177c r3103398:6f690c34 w3103398:6f691e3c r310339c:e64be2f0 w310339c:e64bf2fc r31033a0:5eadd98c w31033a0:5eaddb8c r31033a4:d58fb048 w31033a4:d58fb24c r31033a8:4ce19704 w31033a8:4ce1970c r31033ac:cbc38dc0 w31033ac:cbc39fcc r31033b0:4226649c w31033b0:4226769c r3103100:8f0d692c w3103100:8b0d692c r3103334:1dc572d8 w3103334:1dc57eda r3103338:94276994 w3103338:94276f96 r31033b4:39185b58 w31033b4:39185b5e r31033b8:b07a3214 w31033b8:b07a3216 r310333c:13194050 w310333c:1f194050 r31033bc:2f5c28d0 w31033bc:2f5c28d0 r3103100:8b0d692c w3103100:8f0d692c d1 r3103240:d2e5766c w3103240:d2e5766c r3103244:49c76d28 w3103244:49c76f28 r3103248:c03943e4 w3103248:c03943e4 r310324c:bf1b3aa0 w310324c:bf1b3aa0 r3103250:367d117c w3103250:367d137c r3103254:ad5f0838 w3103254:ad5f0a38 r3103258:25b1eef4 w3103258:25b1eef4 r310325c:9c93c5b0 w310325c:9c93c7b0 r3103260:1bf5bc4c w3103260:1bf5be4c r3103264:92d79308 w3103264:92d79308 r3103268:90989c4 w3103268:9098bc4 r310326c:806c6080 w310326c:806c6280 r3103270:7f4e475c w3103270:7f4e475c r3103274:f7a03e18 w3103274:f7a03e18 r3103278:6e8214d4 w3103278:6e8216d4 r3103228:ff281d84 w3103228:ff281f84 r310322c:760af440 w310322c:760af640 r3103230:ed6ceb1c w3103230:ed6ceb1c r3103234:644ec1d8 w3103234:644ec3d8 r3103238:dca0b894 w3103238:dca0ba94 r310323c:5b829f50 w310323c:5b829f50 r3103218:9a5072b4 w3103218:9a507ab4 r310321c:12b26970 w310321c:12b26d70 r3103280:5cc6e2ac w3103280:5cc6e6ac r3103108:fd4123a4 w3103108:fd4123a4 da r3103108:fd4123a4 w3103108:fd4123e4 r310311c:593bb870 w310311c:2a3bb870 r31030c0:7d2bfcec w31030c0:71003087 r70005d4:0 r3103140:196ec56c w3103140:1a7b7bfb r70005d4:0 w3103000:172 w3103000:173 da r3103010:100001 r70005d4:0 r3103010:100001
318,7,7b7bfb,1,250c67f3,100,1c70,42,18,0,c4f718fd,7d69e938,fbc1af89,814e3e5d,4ac8ea44,f8067ba4,d316bd42,cfde65a9,2dfa36f4,ca486abc,2abf6c2a,ae176990,42b95460,c
0
---
channel 12
210,0,7b7bfb,0,7f041728,1000,1c70,42,18,0,d802db89,db54e35f,75bd5125,16b4aa27,20cbf68a,60e04456,8ce66d9,c95d61b,f3c0a0e5,a658d453,36539dc5,306e7b43,2c80a15f,0
r310200c:12f2d5aa w310200c:12f2d107 r3103108:2b3baf6e w3103108:2b3ba36e r3103344:d72797e2 w3103344:d72707e0 r31033c4:c8ea6f62 w31033c4:c8ea0f60 r3103208:60bd5e6e w3103208:60bd5e6e r3103310:8be8dff6 w3103310:8be8dffe r3103314:28ec532 w3103314:28ec73e r3103318:85acaa7e w3103318:85acae7e r310331c:1c7293ba w310331c:1c7297be r3103320:971078c6 w3103320:97107ede r3103324:ee365e02 w3103324:ee365e1e r3103328:66d4474e w3103328:66d4475e r310332c:f9fa2c8a w310332c:f9fa2e9e r3103330:709815d6 w3103330:709817de r3103390:afafb776 w3103390:afafbf7e r3103394:264d9cb2 w3103394:264d9cba r3103398:b91385fe w3103398:b9138dfe r310339c:30316b3a w310339c:30316b3a r31033a0:88d75046 w31033a0:88d7584e r31033a4:3f53982 w31033a4:3f5398a r31033a8:9a9b1ece w31033a8:9a9b1ece r31033ac:1db9040a w31033ac:1db90c0a r31033b0:945ced56 w31033b0:945ced5e r3103100:5977e0e6 w3103100:5977e0e6 r3103334:cbbffb12 w3103334:cbbfff12 r3103338:425de05e w3103338:425dfc5e r31033b4:ef62d292 w31033b4:ef62de92 r31033b8:6600bbde w31033b8:6600bfde r310333c:c563c99a w310333c:dd63c99a r31033bc:f926a11a w31033bc:fd26a11a r3103100:5977e0e6 w3103100:5d77e0e6 d1 r3103240:49fffa6 w3103240:49fffa6 r3103244:9fbde4e2 w3103244:9fbdece2 r3103248:1643ca2e w3103248:1643ce2e r310324c:6961b36a w310324c:6961bf6a r3103250:e00798b6 w3103250:e0079cb6 r3103254:7b2581f2 w3103254:7b258df2 r3103258:f3cb673e w3103258:f3cb6f3e r310325c:4ae94c7a w310325c:4ae94c7a r3103260:cd8f3586 w3103260:cd8f3d86 r3103264:44ad1ac2 w3103264:44ad1ec2 r3103268:df73000e w3103268:df730c0e r310326c:5616e94a w310326c:5616ed4a r3103270:a934ce96 w3103270:a934ce96 r3103274:21dab7d2 w3103274:21dabfd2 r3103278:b8f89d1e w3103278:b8f89d1e r3103228:2952944e w3103228:29529c4e r310322c:a0707d8a w310322c:a0707d8a r3103230:3b1662d6 w3103230:3b166ed6 r3103234:b2344812 w3103234:b2344c12 r3103238:ada315e w3103238:ada3d5e r310323c:8df8169a w310323c:8df81e9a r3103218:4c2afb7e w3103218:4c2aff7e r310321c:c4c8e0ba w310321c:c4c8edba r3103280:8abc6b66 w3103280:8abc6b66 r3103108:2b3ba36e w3103108:2b3ba32e da r3103108:2b3ba32e w3103108:2b3ba3ee r31030c0:ab517526 w31030c0:a3000001 r70005d4:10000 r7010250:25d768b6 w7010250:25d768b4 da r3103140:cf144ca6 w3103140:ce7b7bfb r70005d4:10000 w3103000:62 w3103000:63 da r3103010:100001 r70005d4:10000 r310310c:a3d994aa w310310c:a5d994aa da r3103004:98921722 w3103004:98921723 r3103018:3 r7010250:25d768b4 w7010250:25d768b4 da r3103004:98921723 w3103004:98921722 r3103018:1 df r3103010:100001
210,0,7b7bfb,0,7f041728,1000,1c70,42,18,0,d802db89,db54e35f,75bd5125,16b4aa27,20cbf68a,60e04456,8ce66d9,c95d61b,f3c0a0e5,a658d453,36539dc5,306e7b43,2c80a15f,0
0
---
channel 13
2a0,2,7b7bfb,1,bb459fdf,1101,1c70,42,18,0,48993a14,e9fff41d,c6601970,98e7486,7d37e306,11fcd94,858e74df,fe52bf9f,a9513dba,518a6b5c,d546c5d9,3256822a,75d70c1a,4
r310200c:dd765620 w310200c:dd76514f r3103108:e4bf2ce4 w3103108:e4bf23e4 r3103344:18a31468 w3103344:18a30440 r31033c4:76eece8 w31033c4:76e0cc0 r3103208:af39dde4 w3103208:af39dde6 r3103310:446c5c7c w3103310:446c5c7c r3103314:cd0a46b8 w3103314:cd0a56bc r3103318:4a2829f4 w3103318:4a283df4 r310331c:d3f61030 w310331c:d3f61434 r3103320:5894fb4c w3103320:5894ff5c r3103324:21b2dd88 w3103324:21b2dd9c r3103328:a950c4c4 w3103328:a950d4d4 r310332c:367eaf00 w310332c:367ebf14 r3103330:bf1c965c w3103330:bf1c965c r3103390:602b34fc w3103390:602b34fe r3103394:e9c91f38 w3103394:e9c91f3a r3103398:76970674 w3103398:76970676 r310339c:ffb5e8b0 w310339c:ffb5ecb2 r31033a0:4753d3cc w31033a0:4753d7ce r31033a4:cc71ba08 w31033a4:cc71be0a r31033a8:551f9d44 w31033a8:551f9d46 r31033ac:d23d8780 w31033ac:d23d8782 r31033b0:5bd86edc w31033b0:5bd86ede r3103100:96f3636c w3103100:92f3636c r3103334:43b7898 w3103334:43b7c9e r3103338:8dd963d4 w3103338:8dd96fde r31033b4:20e65118 w31033b4:20e65b1a r31033b8:a9843854 w31033b8:a9843a5e r310333c:ae74a10 w310333c:ee74a10 r31033bc:36a22290 w31033bc:3ea22290 r3103100:92f3636c w3103100:96f3636c d1 r3103240:cb1b7c2c w3103240:cb1b7d2c r3103244:50396768 w3103244:50396f68 r3103248:d9c749a4 w3103248:d9c74da4 r310324c:a6e530e0 w310324c:a6e53de0 r3103250:2f831b3c w3103250:2f831f3c r3103254:b4a10278 w3103254:b4a10f78 r3103258:3c4fe4b4 w3103258:3c4fedb4 r310325c:856dcff0 w310325c:856dcff0 r3103260:20bb60c w3103260:20bbf0c r3103264:8b299948 w3103264:8b299d48 r3103268:10f78384 w3103268:10f78f84 r310326c:99926ac0 w310326c:99926fc0 r3103270:66b04d1c w3103270:66b04d1c r3103274:ee5e3458 w3103274:ee5e3d58 r3103278:777c1e94 w3103278:777c1f94 r3103228:e6d617c4 w3103228:e6d61fc4 r310322c:6ff4fe00 w310322c:6ff4ff00 r3103230:f492e15c w3103230:f492ed5c r3103234:7db0cb98 w3103234:7db0cf98 r3103238:c55eb2d4 w3103238:c55ebfd4 r310323c:427c9510 w310323c:427c9d10 r3103218:83ae78f4 w3103218:83ae79f4 r310321c:b4c6330 w310321c:b4c6730 r3103280:4538e8ec w3103280:4538ecec r3103108:e4bf23e4 w3103108:e4bf2324 r31030bc:9f370f90 w31030bc:9f370e90 r31030c0:64d5f6ac w31030c0:63000001 r70005d4:10000 r7010250:ea53eb3c w7010250:ea53eb3c da r3103140:90cf2c w3103140:27b7bfb w3103000:52 w3103000:53 r3103010:100001 da w3103000:520 w3103000:521 da r3103010:100001 r70005d4:10000 r310310c:6c5d1720 w310310c:6c5d1720 da r3103004:571694a8 w3103004:571694a9 r3103018:3 r7010250:ea53eb3c w7010250:ea53eb3c da r3103004:571694a9 w3103004:571694a8 r3103018:1 df r3103108:e4bf2324 w3103108:e4bf2324 r310310c:6c5d1720 w310310c:6a5d1720 d1 w3103000:401 r3103010:100001 r3103010:100001
2a0,2,7b7bfb,1,bb459fdf,1101,1c70,42,18,0,48993a14,e9fff41d,c6601970,98e7486,7d37e306,11fcd94,858e74df,fe52bf9f,a9513dba,518a6b5c,d546c5d9,3256822a,75d70c1a,4
0
---
channel 14
2a1,3,7b7bfb,0,33183edb,1,1c70,42,18,0,b388d258,9d741646,d1f36a09,1b6b9500,5224ba81,e7b9bcee,f20e59d3,312bf0cc,38f727a6,761296a7,c700e7a1,c56fc969,d8bf5b4d,8
r310200c:5f422bce w310200c:5f42214f r3103108:668b510a w3103108:668b530a r3103344:9a976986 w3103344:9a970da0 r31033c4:855a9106 w31033c4:855a0520 r3103208:2d0da00a w3103208:2d0da00a r3103310:c6582192 w3103310:c658339a r3103314:4f3e3b56 w3103314:4f3e3b5e r3103318:c81c541a w3103318:c81c561a r310331c:51c26dde w310331c:51c27fde r3103320:daa086a2 w3103320:daa096ba r3103324:a386a066 w3103324:a386b27e r3103328:2b64b92a w3103328:2b64bb3a r310332c:b44ad2ee w310332c:b44ad2fe r3103330:3d28ebb2 w3103330:3d28fbba r3103390:e21f4912 w3103390:e21f4d1a r3103394:6bfd62d6 w3103394:6bfd6ede r3103398:f4a37b9a w3103398:f4a37f9a r310339c:7d81955e w310339c:7d819d5e r31033a0:c567ae22 w31033a0:c567ae2a r31033a4:4e45c7e6 w31033a4:4e45cfee r31033a8:d72be0aa w31033a8:d72becaa r31033ac:5009fa6e w31033ac:5009fe6e r31033b0:d9ec1332 w31033b0:d9ec1f3a r3103100:14c71e82 w3103100:10c71e82 r3103334:860f0576 w3103334:860f1f7e r3103338:fed1e3a w3103338:fed1e3e r31033b4:a2d22cf6 w31033b4:a2d22cf6 r31033b8:2bb045ba w31033b8:2bb04dbe r310333c:88d337fe w310333c:9ed337fe r31033bc:b4965f7e w31033bc:bc965f7e r3103100:10c71e82 w3103100:14c71e82 d1 r3103240:492f01c2 w3103240:492f0bc2 r3103244:d20d1a86 w3103244:d20d1a86 r3103248:5bf3344a w3103248:5bf33e4a r310324c:24d14d0e w310324c:24d14f0e r3103250:adb766d2 w3103250:adb76ed2 r3103254:36957f96 w3103254:36957f96 r3103258:be7b995a w3103258:be7b9b5a r310325c:759b21e w310325c:759ba1e r3103260:803fcbe2 w3103260:803fcbe2 r3103264:91de4a6 w3103264:91deea6 r3103268:92c3fe6a w3103268:92c3fe6a r310326c:1ba6172e w310326c:1ba61f2e r3103270:e48430f2 w3103270:e4843af2 r3103274:6c6a49b6 w3103274:6c6a4bb6 r3103278:f548637a w3103278:f5486b7a r3103228:64e26a2a w3103228:64e26a2a r310322c:edc083ee w310322c:edc08bee r3103230:76a69cb2 w3103230:76a69eb2 r3103234:ff84b676 w3103234:ff84be76 r3103238:476acf3a w3103238:476acf3a r310323c:c048e8fe w310323c:c048eafe r3103218:19a051a w3103218:19a051a r310321c:89781ede w310321c:89781fde r3103280:c70c9502 w3103280:c70c9f02 r3103108:668b530a w3103108:668b538a r3103060:31332de2 r31030bc:1d03727e w31030bc:1d037379 r310311c:c2f1cfde w310311c:4af1cfde r31030c0:e6e18b42 w31030c0:e1003087 r70005d4:10000 r7010250:686796d2 w7010250:686796d0 da r3103140:82a4b2c2 w3103140:827b7bfb r70005d4:10000 w3103000:62 w3103000:63 da r3103010:100001 r70005d4:10000 r310310c:ee696ace w310310c:ec696ace da r3103004:d522e946 w3103004:d522e947 r3103018:3 r7010250:686796d0 w7010250:686796d0 da r3103004:d522e947 w3103004:d522e946 r3103018:1 df r3103010:100001
2a1,3,7b7bfb,0,33183edb,1,1c70,42,18,0,b388d258,9d741646,d1f36a09,1b6b9500,5224ba81,e7b9bcee,f20e59d3,312bf0cc,38f727a6,761296a7,c700e7a1,c56fc969,d8bf5b4d,8
0
---
channel 15
318,3,7b7bfb,1,caa1718e,1100,1c70,42,18,0,c71f4e8f,7f1d3b6,8e63257f,d67641ff,fdde2a2b,51465aaf,be3f744f,3139f0b,c4c6f4b4,11d68d6a,b52c46b1,80925cb7,bd8c88f7,c
r310200c:4a60ce52 w310200c:4a60c18b r3103108:73a9b496 w3103108:73a9b396 r3103344:8fb58c1a w3103344:8fb50c00 r31033c4:9078749a w31033c4:90780480 r3103208:382f4596 w3103208:382f4596 r3103310:d37ac40e w3103310:d37ace0e r3103314:5a1cdeca w3103314:5a1cdece r3103318:dd3eb186 w3103318:dd3ebf8e r310331c:44e08842 w310331c:44e08e4e r3103320:cf82633e w3103320:cf826f3e r3103324:b6a445fa w3103324:b6a44ffe r3103328:3e465cb6 w3103328:3e465ebe r310332c:a1683772 w310332c:a1683f7e r3103330:280a0e2e w3103330:280a0e2e r3103390:f73dac8e w3103390:f73dbe9e r3103394:7edf874a w3103394:7edf975e r3103398:e1819e06 w3103398:e1819e1e r310339c:68a370c2 w310339c:68a376de r31033a0:d0454bbe w31033a0:d0455fbe r31033a4:5b67227a w31033a4:5b67367e r31033a8:c2090536 w31033a8:c209173e r31033ac:452b1ff2 w31033ac:452b1ffe r31033b0:cccef6ae w31033b0:cccef6be r3103100:1e5fb1e w3103100:1e5fb1e r3103334:932de0ea w3103334:932de4fa r3103338:1acffba6 w3103338:1acfffbe r31033b4:b7f0c96a w31033b4:b7f0db7a r31033b8:3e92a026 w31033b8:3e92b236 r310333c:9df1d262 w310333c:9df1d262 r31033bc:a1b4bae2 w31033bc:b3b4bae2 r3103100:1e5fb1e w3103100:5e5fb1e d1 r3103240:5c0de45e w3103240:5c0def5e r3103244:c72fff1a w3103244:c72fff1a r3103248:4ed1d1d6 w3103248:4ed1dbd6 r310324c:31f3a892 w310324c:31f3ab92 r3103250:b895834e w3103250:b8958b4e r3103254:23b79a0a w3103254:23b79b0a r3103258:ab597cc6 w3103258:ab597fc6 r310325c:127b5782 w310325c:127b5f82 r3103260:951d2e7e w3103260:951d2f7e r3103264:1c3f013a w3103264:1c3f0b3a r3103268:87e11bf6 w3103268:87e11bf6 r310326c:e84f2b2 w310326c:e84fbb2 r3103270:f1a6d56e w3103270:f1a6df6e r3103274:7948ac2a w3103274:7948af2a r3103278:e06a86e6 w3103278:e06a8fe6 r3103228:71c08fb6 w3103228:71c08fb6 r310322c:f8e26672 w310322c:f8e26f72 r3103230:6384792e w3103230:63847b2e r3103234:eaa653ea w3103234:eaa65bea r3103238:52482aa6 w3103238:52482ba6 r310323c:d56a0d62 w310323c:d56a0f62 r3103218:14b8e086 w3103218:14b8e186 r310321c:9c5afb42 w310321c:9c5aff42 r3103280:d22e709e w3103280:d22e749e r3103108:73a9b396 w3103108:73a9b396 da r3103108:73a9b396 w3103108:73a9b3d6 r31030c0:f3c36ede w31030c0:f3000001 r70005d4:10000 r7010250:7d45734e w7010250:7d45734c da r3103140:9786575e w3103140:967b7bfb r70005d4:10000 w3103000:62 w3103000:63 da r3103010:100001 r70005d4:10000 r310310c:fb4b8f52 w310310c:fd4b8f52 da r3103004:c0000cda w3103004:c0000cdb r3103018:3 r7010250:7d45734c w7010250:7d45734c da r3103004:c0000cdb w3103004:c0000cda r3103018:1 df r3103010:100001
318,3,7b7bfb,1,caa1718e,1100,1c70,42,18,0,c71f4e8f,7f1d3b6,8e63257f,d67641ff,fdde2a2b,51465aaf,be3f744f,3139f0b,c4c6f4b4,11d68d6a,b52c46b1,80925cb7,bd8c88f7,c
0
---
channel 16
210,2,7b7bfb,0,255d4b38,0,1c70,42,18,0,bce80083,306dcb3d,e008364f,d6cfbf25,d02fc873,8a6145f9,1a28f9fb,47e6893b,c10f3ee2,55deee50,a50b9c2e,8b162cd0,b48ba882,0
r310200c:e6a24032 w310200c:e6a24107 r3103108:df6b3af6 w3103108:df6b33f6 r3103344:2377027a w3103344:23770260 r31033c4:3cbafafa w31033c4:3cba0ae0 r3103208:94edcbf6 w3103208:94edcbf6 r3103310:7fb84a6e w3103310:7fb84a6e r3103314:f6de50aa w3103314:f6de50ae r3103318:71fc3fe6 w3103318:71fc3fe6 r310331c:e8220622 w310331c:e8220626 r3103320:6340ed5e w3103320:6340ed5e r3103324:1a66cb9a w3103324:1a66cb9e r3103328:9284d2d6 w3103328:9284d2d6 r310332c:daab912 w310332c:daab916 r3103330:84c8804e w3103330:84c8804e r3103390:5bff22ee w3103390:5bff3afe r3103394:d21d092a w3103394:d21d1b3a r3103398:4d431066 w3103398:4d431a76 r310339c:c461fea2 w310339c:c461feb2 r31033a0:7c87c5de w31033a0:7c87dfde r31033a4:f7a5ac1a w31033a4:f7a5be1a r31033a8:6ecb8b56 w31033a8:6ecb9b56 r31033ac:e9e99192 w31033ac:e9e99b92 r31033b0:600c78ce w31033b0:600c7ade r3103100:ad27757e w3103100:a927757e r3103334:3fef6e8a w3103334:3fef6e9e r3103338:b60d75c6 w3103338:b60d7dd6 r31033b4:1b32470a w31033b4:1b32471a r31033b8:92502e46 w31033b8:92502e56 r310333c:31335c02 w310333c:3d335c02 r31033bc:d763482 w31033bc:f763482 r3103100:a927757e w3103100:ad27757e d1 r3103240:f0cf6a3e w3103240:f0cf6a3e r3103244:6bed717a w3103244:6bed737a r3103248:e2135fb6 w3103248:e2135fb6 r310324c:9d3126f2 w310324c:9d3126f2 r3103250:14570d2e w3103250:14570f2e r3103254:8f75146a w3103254:8f75166a r3103258:79bf2a6 w3103258:79bf2a6 r310325c:beb9d9e2 w310325c:beb9dbe2 r3103260:39dfa01e w3103260:39dfa21e r3103264:b0fd8f5a w3103264:b0fd8f5a r3103268:2b239596 w3103268:2b239796 r310326c:a2467cd2 w310326c:a2467ed2 r3103270:5d645b0e w3103270:5d645b0e r3103274:d58a224a w3103274:d58a224a r3103278:4ca80886 w3103278:4ca80a86 r3103228:dd0201d6 w3103228:dd0203d6 r310322c:5420e812 w310322c:5420ea12 r3103230:cf46f74e w3103230:cf46f74e r3103234:4664dd8a w3103234:4664df8a r3103238:fe8aa4c6 w3103238:fe8aa6c6 r310323c:79a88302 w310323c:79a88302 r3103218:b87a6ee6 w3103218:b87a6ee6 r310321c:30987522 w310321c:30987d22 r3103280:7eecfefe w3103280:7eecfffe r3103108:df6b33f6 w3103108:df6b33b6 da r3103108:df6b33b6 w3103108:df6b33f6 r31030c0:5f01e0be w31030c0:51003087 r70005d4:0 r3103140:3b44d93e w3103140:3a7b7bfb r70005d4:0 w3103000:172 w3103000:173 da r3103010:400001 r70005d4:0 r3103010:400001 r3103018:1 r310308c:7a4a28b2 w310308c:fa4a28b2 da r310308c:fa4a28b2 w310308c:7a4a28b2 da r3102014:18e635aa w3102014:98e635aa da r310310c:57890132 w310310c:51890132
210,2,7b7bfb,0,255d4b38,0,1c70,42,18,0,bce80083,306dcb3d,e008364f,d6cfbf25,d02fc873,8a6145f9,1a28f9fb,47e6893b,c10f3ee2,55deee50,a50b9c2e,8b162cd0,b48ba882,0
0
---
channel 17
2a0,3,7b7bfb,1,65c1d4b4,1100,1c70,42,18,0,f945e4b6,3083d49e,5532e8ba,e706437b,2f5ae757,a0233784,3b07f9a,86d3f7d9,c4b88787,b25cae74,2001b19,da3c3591,5764a5b4,4
r310200c:7118884b w310200c:7118814f r3103108:48d1f28f w3103108:48d1f38f r3103344:b4cdca03 w3103344:b4cd0a01 r31033c4:ab003283 w31033c4:ab000281 r3103208:357038f w3103208:357038f r3103310:e8028217 w3103310:e802821f r3103314:616498d3 w3103314:61649adb r3103318:e646f79f w3103318:e646f79f r310331c:7f98ce5b w310331c:7f98ce5b r3103320:f4fa2527 w3103320:f4fa272f r3103324:8ddc03e3 w3103324:8ddc03eb r3103328:53e1aaf w3103328:53e1aaf r310332c:9a10716b w310332c:9a10736b r3103330:13724837 w3103330:13724a3f r3103390:cc45ea97 w3103390:cc45fa97 r3103394:45a7c153 w3103394:45a7d357 r3103398:daf9d81f w3103398:daf9da1f r310339c:53db36db w310339c:53db36df r31033a0:eb3d0da7 w31033a0:eb3d1fb7 r31033a4:601f6463 w31033a4:601f7677 r31033a8:f971432f w31033a8:f971533f r31033ac:7e5359eb w31033ac:7e535bff r31033b0:f7b6b0b7 w31033b0:f7b6b2b7 r3103100:3a9dbd07 w3103100:3a9dbd07 r3103334:a855a6f3 w3103334:a855befb r3103338:21b7bdbf w3103338:21b7bdbf r31033b4:8c888f73 w31033b4:8c888f7f r31033b8:5eae63f w31033b8:5eae63f r310333c:a689947b w310333c:be89947b r31033bc:9accfcfb w31033bc:9eccfcfb r3103100:3a9dbd07 w3103100:3e9dbd07 d1 r3103240:6775a247 w3103240:6775a347 r3103244:fc57b903 w3103244:fc57b903 r3103248:75a997cf w3103248:75a997cf r310324c:a8bee8b w310324c:a8bef8b r3103250:83edc557 w3103250:83edc557 r3103254:18cfdc13 w3103254:18cfdd13 r3103258:90213adf w3103258:90213bdf r310325c:2903119b w310325c:2903119b r3103260:ae656867 w3103260:ae656967 r3103264:27474723 w3103264:27474723 r3103268:bc995def w3103268:bc995def r310326c:35fcb4ab w310326c:35fcb5ab r3103270:cade9377 w3103270:cade9377 r3103274:4230ea33 w3103274:4230eb33 r3103278:db12c0ff w3103278:db12c1ff r3103228:4ab8c9af w3103228:4ab8c9af r310322c:c39a206b w310322c:c39a216b r3103230:58fc3f37 w3103230:58fc3f37 r3103234:d1de15f3 w3103234:d1de15f3 r3103238:69306cbf w3103238:69306dbf r310323c:ee124b7b w310323c:ee124b7b r3103218:2fc0a69f w3103218:2fc0af9f r310321c:a722bd5b w310321c:a722bf5b r3103280:e9563687 w3103280:e9563787 r3103108:48d1f38f w3103108:48d1f30f r31030bc:3359d1fb w31030bc:3359d0f8 r31030c0:c8bb28c7 w31030c0:c3000001 r70005d4:0 r3103140:acfe1147 w3103140:ae7b7bfb w3103000:52 w3103000:53 r3103010:400001 da w3103000:5a0 w3103000:5a1 da r3103010:400001 r70005d4:0 r3103010:400001 r3103018:1 r310308c:edf0e0cb w310308c:edf0e0cb da r310308c:edf0e0cb w310308c:6df0e0cb da r3102014:8f5cfdd3 w3102014:8f5cfdd3 da r310310c:c033c94b w310310c:c033c94b r310311c:ecab6c5b w310311c:ecab6c5b
2a0,3,7b7bfb,1,65c1d4b4,1100,1c70,42,18,0,f945e4b6,3083d49e,5532e8ba,e706437b,2f5ae757,a0233784,3b07f9a,86d3f7d9,c4b88787,b25cae74,2001b19,da3c3591,5764a5b4,4
0
---
channel 18
2a1,6,7b7bfb,0,14c25b99,1001,1c70,42,18,0,c4905c09,9b576d64,b406dd29,ff6b17a4,42408ea4,23fd7e36,5822d7b0,da2f6b1d,108ed79c,264a6630,d8d8d5ed,6a806097,559d3b5b,8
r310200c:320cf58c w310200c:320cf14f r3103108:bc58f48 w3103108:bc58348 r3103344:f7d9b7c4 w3103344:f7d905e0 r31033c4:e8144f44 w31033c4:e8140d60 r3103208:40437e48 w3103208:40437e4a r3103310:ab16ffd0 w3103310:ab16ffd6 r3103314:2270e514 w3103314:2270ef16 r3103318:a5528a58 w3103318:a5528e5e r310331c:3c8cb39c w310331c:3c8cbf9e r3103320:b7ee58e0 w3103320:b7ee5ef6 r3103324:cec87e24 w3103324:cec87e36 r3103328:462a6768 w3103328:462a6f7e r310332c:d9040cac w310332c:d9040ebe r3103330:506635f0 w3103330:50663ff6 r3103390:8f519750 w3103390:8f51975a r3103394:6b3bc94 w3103394:6b3be9e r3103398:99eda5d8 w3103398:99edb7da r310339c:10cf4b1c w310339c:10cf5b1e r31033a0:a8297060 w31033a0:a829726a r31033a4:230b19a4 w31033a4:230b1bae r31033a8:ba653ee8 w31033a8:ba653eea r31033ac:3d47242c w31033ac:3d47362e r31033b0:b4a2cd70 w31033b0:b4a2df7a r3103100:7989c0c0 w3103100:7989c0c0 r3103334:eb41db34 w3103334:eb41db3e r3103338:62a3c078 w3103338:62a3c07a r31033b4:cf9cf2b4 w31033b4:cf9cf2b6 r31033b8:46fe9bf8 w31033b8:46fe9bfa r310333c:e59de9bc w310333c:e59de9bc r31033bc:d9d8813c w31033bc:d9d8813c r3103100:7989c0c0 w3103100:7d89c0c0 d1 r3103240:2461df80 w3103240:2461df80 r3103244:bf43c4c4 w3103244:bf43cec4 r3103248:36bdea08 w3103248:36bdee08 r310324c:499f934c w310324c:499f9f4c r3103250:c0f9b890 w3103250:c0f9be90 r3103254:5bdba1d4 w3103254:5bdbafd4 r3103258:d3354718 w3103258:d3354f18 r310325c:6a176c5c w310325c:6a176e5c r3103260:ed7115a0 w3103260:ed711fa0 r3103264:64533ae4 w3103264:64533ee4 r3103268:ff8d2028 w3103268:ff8d2e28 r310326c:76e8c96c w310326c:76e8cf6c r3103270:89caeeb0 w3103270:89caeeb0 r3103274:12497f4 w3103274:1249ff4 r3103278:9806bd38 w3103278:9806bf38 r3103228:9acb468 w3103228:9acbe68 r310322c:808e5dac w310322c:808e5fac r3103230:1be842f0 w3103230:1be84ef0 r3103234:92ca6834 w3103234:92ca6e34 r3103238:2a241178 w3103238:2a241f78 r310323c:ad0636bc w310323c:ad063ebc r3103218:6cd4db58 w3103218:6cd4df58 r310321c:e436c09c w310321c:e436c59c r3103280:aa424b40 w3103280:aa424f40 r3103108:bc58348 w3103108:bc58388 r3103060:5c7df3a0 r31030bc:704dac3c w31030bc:704dad3b r310311c:afbf119c w310311c:2fbf119c r310311c:2fbf119c w310311c:2abf119c r31030c0:8baf5500 w31030c0:83000001 r70005d4:0 r3103140:efea6c80 w3103140:ee7b7bfb r70005d4:0 w3103000:172 w3103000:173 da r3103010:400001 r70005d4:0 r3103010:400001 r3103018:1 r310308c:aee49d0c w310308c:aee49d0c da r310308c:aee49d0c w310308c:2ee49d0c da r3102014:cc488014 w3102014:cc488014 da r310310c:8327b48c w310310c:8127b48c
2a1,6,7b7bfb,0,14c25b99,1001,1c70,42,18,0,c4905c09,9b576d64,b406dd29,ff6b17a4,42408ea4,23fd7e36,5822d7b0,da2f6b1d,108ed79c,264a6630,d8d8d5ed,6a806097,559d3b5b,8
0
---
channel 19
318,7,7b7bfb,1,3423bf15,100,1c70,42,18,0,b6ae4b1d,17bac194,7b24b13f,a8d3ae7c,93194fb9,960c93f3,4f4f0eaf,a268a445,e2ed2a3c,5ad73fc6,ce12e6b1,738617b6,93891386,c
r310200c:ffe7120f w310200c:ffe7118b r3103108:c62e68cb w3103108:c62e63cb r3103344:3a325047 w3103344:3a320441 r31033c4:25ffa8c7 w31033c4:25ff0cc1 r3103208:8da899cb w3103208:8da899cb r3103310:66fd1853 w3103310:66fd1c5f r3103314:ef9b0297 w3103314:ef9b0e9f r3103318:68b96ddb w3103318:68b96ddf r310331c:f167541f w310331c:f1675c1f r3103320:7a05bf63 w3103320:7a05bf6f r3103324:32399a7 w3103324:3239daf r3103328:8bc180eb w3103328:8bc18cef r310332c:14efeb2f w310332c:14efef2f r3103330:9d8dd273 w3103330:9d8dde7f r3103390:42ba70d3 w3103390:42ba76d3 r3103394:cb585b17 w3103394:cb585f17 r3103398:5406425b w3103398:5406565b r310339c:dd24ac9f w310339c:dd24be9f r31033a0:65c297e3 w31033a0:65c297f3 r31033a4:eee0fe27 w31033a4:eee0fe37 r31033a8:778ed96b w31033a8:778edf7b r31033ac:f0acc3af w31033ac:f0acd7bf r31033b0:79492af3 w31033b0:79493ef3 r3103100:b4622743 w3103100:b0622743 r3103334:26aa3cb7 w3103334:26aa3cb7 r3103338:af4827fb w3103338:af482ffb r31033b4:2771537 w31033b4:2771537 r31033b8:8b157c7b w31033b8:8b157c7b r310333c:28760e3f w310333c:2c760e3f r31033bc:143366bf w31033bc:143366bf r3103100:b0622743 w3103100:b4622743 d1 r3103240:e98a3803 w3103240:e98a3b03 r3103244:72a82347 w3103244:72a82b47 r3103248:fb560d8b w3103248:fb560f8b r310324c:847474cf w310324c:84747fcf r3103250:d125f13 w3103250:d125f13 r3103254:96304657 w3103254:96304f57 r3103258:1edea09b w3103258:1edeab9b r310325c:a7fc8bdf w310325c:a7fc8bdf r3103260:209af223 w3103260:209afb23 r3103264:a9b8dd67 w3103264:a9b8df67 r3103268:3266c7ab w3103268:3266cfab r310326c:bb032eef w310326c:bb032fef r3103270:44210933 w3103270:44210b33 r3103274:cccf7077 w3103274:cccf7b77 r3103278:55ed5abb w3103278:55ed5bbb r3103228:c44753eb w3103228:c4475beb r310322c:4d65ba2f w310322c:4d65bb2f r3103230:d603a573 w3103230:d603af73 r3103234:5f218fb7 w3103234:5f218fb7 r3103238:e7cff6fb w3103238:e7cffffb r310323c:60edd13f w310323c:60eddb3f r3103218:a13f3cdb w3103218:a13f3ddb r310321c:29dd271f w310321c:29dd271f r3103280:67a9acc3 w3103280:67a9aec3 r3103108:c62e63cb w3103108:c62e638b da r3103108:c62e638b w3103108:c62e63cb r310311c:6254f61f w310311c:2254f61f r31030c0:4644b283 w31030c0:41003087 r70005d4:0 r3103140:22018b03 w3103140:227b7bfb r70005d4:0 w3103000:172 w3103000:173 da r3103010:400001 r70005d4:0 r3103010:400001 r3103018:1 r310308c:630f7a8f w310308c:e30f7a8f da r310308c:e30f7a8f w310308c:630f7a8f da r3102014:1a36797 w3102014:81a36797 da r310310c:4ecc530f w310310c:48cc530f
318,7,7b7bfb,1,3423bf15,100,1c70,42,18,0,b6ae4b1d,17bac194,7b24b13f,a8d3ae7c,93194fb9,960c93f3,4f4f0eaf,a268a445,e2ed2a3c,5ad73fc6,ce12e6b1,738617b6,93891386,c
0
---
channel 20
210,0,7b7bfb,0,156199d0,1000,1c70,42,18,0,97323b35,2c20b8f7,f7ae9466,af0e4600,adb3f6a0,294ede10,66f9ddcf,f2ff5cd5,757fc9f0,d825e197,c83ef048,be0bbbcd,70ab92ef,0
r310200c:729b86e3 w310200c:729b8107 r3103108:4b52fc27 w3103108:4b52f327 r3103344:b74ec4ab w3103344:b74e04a1 r31033c4:a8833c2b w31033c4:a8830c21 r3103208:d40d27 w3103208:d40d27 r3103310:eb818cbf w3103310:eb819ebf r3103314:62e7967b w3103314:62e79e7f r3103318:e5c5f937 w3103318:e5c5fb3f r310331c:7c1bc0f3 w310331c:7c1bdaff r3103320:f7792b8f w3103320:f7793b9f r3103324:8e5f0d4b w3103324:8e5f1f5f r3103328:6bd1407 w3103328:6bd1e1f r310332c:99937fc3 w310332c:99937fdf r3103330:10f1469f w3103330:10f15e9f r3103390:cfc6e43f w3103390:cfc6fc3f r3103394:4624cffb w3103394:4624dfff r3103398:d97ad6b7 w3103398:d97adebf r310339c:50583873 w310339c:5058387f r31033a0:e8be030f w31033a0:e8be1b1f r31033a4:639c6acb w31033a4:639c7adf r31033a8:faf24d87 w31033a8:faf25d9f r31033ac:7dd05743 w31033ac:7dd05f5f r31033b0:f435be1f w31033b0:f435be1f r3103100:391eb3af w3103100:391eb3af r3103334:abd6a85b w3103334:abd6be5f r3103338:2234b317 w3103338:2234b717 r31033b4:8f0b81db w31033b4:8f0b81df r31033b8:669e897 w31033b8:669e897 r310333c:a50a9ad3 w310333c:b70a9ad3 r31033bc:994ff253 w31033bc:994ff253 r3103100:391eb3af w3103100:3d1eb3af d1 r3103240:64f6acef w3103240:64f6acef r3103244:ffd4b7ab w3103244:ffd4b7ab r3103248:762a9967 w3103248:762a9d67 r310324c:908e023 w310324c:908e423 r3103250:806ecbff w3103250:806ecfff r3103254:1b4cd2bb w3103254:1b4cd6bb r3103258:93a23477 w3103258:93a23477 r310325c:2a801f33 w310325c:2a801f33 r3103260:ade666cf w3103260:ade666cf r3103264:24c4498b w3103264:24c44d8b r3103268:bf1a5347 w3103268:bf1a5747 r310326c:367fba03 w310326c:367fbe03 r3103270:c95d9ddf w3103270:c95d9ddf r3103274:41b3e49b w3103274:41b3e49b r3103278:d891ce57 w3103278:d891ce57 r3103228:493bc707 w3103228:493bc707 r310322c:c0192ec3 w310322c:c0192ec3 r3103230:5b7f319f w3103230:5b7f359f r3103234:d25d1b5b w3103234:d25d1f5b r3103238:6ab36217 w3103238:6ab36617 r310323c:ed9145d3 w310323c:ed9145d3 r3103218:2c43a837 w3103218:2c43a837 r310321c:a4a1b3f3 w310321c:a4a1b3f3 r3103280:ead5382f w3103280:ead53f2f r3103108:4b52f327 w3103108:4b52f327 da r3103108:4b52f327 w3103108:4b52f3e7 r31030c0:cb38266f w31030c0:c3000001 r70005d4:10000 r7010250:45be3bff w7010250:45be3bfd da r3103140:af7d1fef w3103140:ae7b7bfb r70005d4:10000 w3103000:62 w3103000:63 da r3103010:400001 r70005d4:10000 r310310c:c3b0c7e3 w310310c:c5b0c7e3 da r3103004:f8fb446b w3103004:f8fb446b r3103018:3 r7010250:45be3bfd w7010250:45be3bfc da r3103004:f8fb446b w3103004:f8fb446a r3103018:1 df r3103010:400001 r3103018:1 r310308c:ee73ee63 w310308c:ee73ee63 da r310308c:ee73ee63 w310308c:6e73ee63 da r3102014:8cdff37b w3102014:8cdff37b da r310310c:c5b0c7e3 w310310c:c1b0c7e3
210,0,7b7bfb,0,156199d0,1000,1c70,42,18,0,97323b35,2c20b8f7,f7ae9466,af0e4600,adb3f6a0,294ede10,66f9ddcf,f2ff5cd5,757fc9f0,d825e197,c83ef048,be0bbbcd,70ab92ef,0
0
---
channel 21
2a0,2,7b7bfb,1,6bc9947a,1101,1c70,42,18,0,84250764,909e4060,8cd272e0,8ee24acb,cabf5f78,96bee1c3,4414ca7c,cd00057b,cdc00154,f7853c88,e09a37d7,ac30337b,c3208fad,4
r310200c:1ff12ee0 w310200c:1ff1214f r3103108:26385424 w3103108:26385324 r3103344:da246ca8 w3103344:da240c80 r31033c4:c5e99428 w31033c4:c5e90400 r3103208:6dbea524 w3103208:6dbea526 r3103310:86eb24bc w3103310:86eb36be r3103314:f8d3e78 w3103314:f8d3e7a r3103318:88af5134 w3103318:88af573e r310331c:117168f0 w310331c:11717efa r3103320:9a13838c w3103320:9a13979e r3103324:e335a548 w3103324:e335b75a r3103328:6bd7bc04 w3103328:6bd7be1e r310332c:f4f9d7c0 w310332c:f4f9d7da r3103330:7d9bee9c w3103330:7d9bfe9e r3103390:a2ac4c3c w3103390:a2ac4e3c r3103394:2b4e67f8 w3103394:2b4e6ffc r3103398:b4107eb4 w3103398:b4107eb4 r310339c:3d329070 w310339c:3d329e74 r31033a0:85d4ab0c w31033a0:85d4af1c r31033a4:ef6c2c8 w31033a4:ef6cedc r31033a8:9798e584 w31033a8:9798ef94 r31033ac:10baff40 w31033ac:10baff54 r31033b0:995f161c w31033b0:995f1e1c r3103100:54741bac w3103100:50741bac r3103334:c6bc0058 w3103334:c6bc0058 r3103338:4f5e1b14 w3103338:4f5e1b14 r31033b4:e26129d8 w31033b4:e2612fdc r31033b8:6b034094 w31033b8:6b034694 r310333c:c86032d0 w310333c:c86032d0 r31033bc:f4255a50 w31033bc:f6255a50 r3103100:50741bac w3103100:54741bac d1 r3103240:99c04ec w3103240:99c0dec r3103244:92be1fa8 w3103244:92be1fa8 r3103248:1b403164 w3103248:1b403d64 r310324c:64624820 w310324c:64624d20 r3103250:ed0463fc w3103250:ed046ffc r3103254:76267ab8 w3103254:76267fb8 r3103258:fec89c74 w3103258:fec89d74 r310325c:47eab730 w310325c:47eabf30 r3103260:c08ccecc w3103260:c08ccfcc r3103264:49aee188 w3103264:49aeed88 r3103268:d270fb44 w3103268:d270ff44 r310326c:5b151200 w310326c:5b151f00 r3103270:a43735dc w3103270:a4373ddc r3103274:2cd94c98 w3103274:2cd94d98 r3103278:b5fb6654 w3103278:b5fb6f54 r3103228:24516f04 w3103228:24516f04 r310322c:ad7386c0 w310322c:ad738fc0 r3103230:3615999c w3103230:36159d9c r3103234:bf37b358 w3103234:bf37bf58 r3103238:7d9ca14 w3103238:7d9cf14 r310323c:80fbedd0 w310323c:80fbedd0 r3103218:41290034 w3103218:41290734 r310321c:c9cb1bf0 w310321c:c9cb1ff0 r3103280:87bf902c w3103280:87bf932c r3103108:26385324 w3103108:26385324 r31030bc:5db07750 w31030bc:5db07650 r31030c0:a6528e6c w31030c0:a3000001 r70005d4:10000 r7010250:28d493fc w7010250:28d493fc da r3103140:c217b7ec w3103140:c27b7bfb w3103000:52 w3103000:53 r3103010:400001 da w3103000:520 w3103000:521 da r3103010:400001 r70005d4:10000 r310310c:aeda6fe0 w310310c:acda6fe0 da r3103004:9591ec68 w3103004:9591ec69 r3103018:3 r7010250:28d493fc w7010250:28d493fc da r3103004:9591ec69 w3103004:9591ec68 r3103018:1 df r3103108:26385324 w3103108:26385324 r310310c:acda6fe0 w310310c:aada6fe0 d1 w3103000:401 r3103010:400001 r3103010:400001 r3103018:1 r310308c:83194660 w310308c:83194660 da r310308c:83194660 w310308c:3194660 da r3102014:e1b55b78 w3102014:e1b55b78 da r310310c:aada6fe0 w310310c:a8da6fe0 r310311c:8242caf0 w310311c:8242ca70
2a0,2,7b7bfb,1,6bc9947a,1101,1c70,42,18,0,84250764,909e4060,8cd272e0,8ee24acb,cabf5f78,96bee1c3,4414ca7c,cd00057b,cdc00154,f7853c88,e09a37d7,ac30337b,c3208fad,4
0
---
channel 22
2a1,3,7b7bfb,0,e98f559d,1,1c70,42,18,0,d9621895,7e8db475,eb85403c,90d85d37,b91396c7,5a7188d0,e21516ca,1d15f88e,1780c658,5afa301f,25d795f5,2c3f6b5a,6434192d,8
r310200c:ce6fbf1a w310200c:ce6fb14f r3103108:f7a6c5de w3103108:f7a6c3de r3103344:bbafd52 w3103344:bba0d60 r31033c4:147705d2 w31033c4:147705e0 r3103208:bc2034de w3103208:bc2034de r3103310:5775b546 w3103310:5775b55e r3103314:de13af82 w3103314:de13bf9a r3103318:5931c0ce w3103318:5931d4de r310331c:c0eff90a w310331c:c0effd1a r3103320:4b8d1276 w3103320:4b8d167e r3103324:32ab34b2 w3103324:32ab34ba r3103328:ba492dfe w3103328:ba493dfe r310332c:2567463a w310332c:2567563a r3103330:ac057f66 w3103330:ac057f7e r3103390:7332ddc6 w3103390:7332dfc6 r3103394:fad0f602 w3103394:fad0fe06 r3103398:658eef4e w3103398:658eef4e r310339c:ecac018a w310339c:ecac0b8e r31033a0:544a3af6 w31033a0:544a3af6 r31033a4:df685332 w31033a4:df685b36 r31033a8:4606747e w31033a8:46067e7e r31033ac:c1246eba w31033ac:c1246ebe r31033b0:48c187e6 w31033b0:48c18fe6 r3103100:85ea8a56 w3103100:81ea8a56 r3103334:172291a2 w3103334:17229faa r3103338:9ec08aee w3103338:9ec09eee r31033b4:33ffb822 w31033b4:33ffbe26 r31033b8:ba9dd16e w31033b8:ba9dd76e r310333c:19fea32a w310333c:1ffea32a r31033bc:25bbcbaa w31033bc:27bbcbaa r3103100:81ea8a56 w3103100:85ea8a56 d1 r3103240:d8029516 w3103240:d8029f16 r3103244:43208e52 w3103244:43208f52 r3103248:cadea09e w3103248:cadeaf9e r310324c:b5fcd9da w310324c:b5fcdfda r3103250:3c9af206 w3103250:3c9aff06 r3103254:a7b8eb42 w3103254:a7b8ef42 r3103258:2f560d8e w3103258:2f560f8e r310325c:967426ca w310325c:96742fca r3103260:11125f36 w3103260:11125f36 r3103264:98307072 w3103264:98307f72 r3103268:3ee6abe w3103268:3ee6fbe r310326c:8a8b83fa w310326c:8a8b8ffa r3103270:75a9a426 w3103270:75a9af26 r3103274:fd47dd62 w3103274:fd47df62 r3103278:6465f7ae w3103278:6465ffae r3103228:f5cffefe w3103228:f5cffffe r310322c:7ced173a w310322c:7ced1f3a r3103230:e78b0866 w3103230:e78b0f66 r3103234:6ea922a2 w3103234:6ea92fa2 r3103238:d6475bee w3103238:d6475fee r310323c:51657c2a w310323c:51657f2a r3103218:90b791ce w3103218:90b795ce r310321c:18558a0a w310321c:18558f0a r3103280:562101d6 w3103280:562109d6 r3103108:f7a6c3de w3103108:f7a6c39e r3103060:a01eb936 r31030bc:8c2ee6aa w31030bc:8c2ee7bc r310311c:53dc5b0a w310311c:5bdc5b0a r31030c0:77cc1f96 w31030c0:71003087 r70005d4:10000 r7010250:f94a0206 w7010250:f94a0204 da r3103140:13892616 w3103140:127b7bfb r70005d4:10000 w3103000:62 w3103000:63 da r3103010:400001 r70005d4:10000 r310310c:7f44fe1a w310310c:7d44fe1a da r3103004:440f7d92 w3103004:440f7d93 r3103018:3 r7010250:f94a0204 w7010250:f94a0204 da r3103004:440f7d93 w3103004:440f7d92 r3103018:1 df r3103010:400001 r3103018:1 r310308c:5287d79a w310308c:d287d79a da r310308c:d287d79a w310308c:5287d79a da r3102014:302bca82 w3102014:b02bca82 da r310310c:7d44fe1a w310310c:7944fe1a
2a1,3,7b7bfb,0,e98f559d,1,1c70,42,18,0,d9621895,7e8db475,eb85403c,90d85d37,b91396c7,5a7188d0,e21516ca,1d15f88e,1780c658,5afa301f,25d795f5,2c3f6b5a,6434192d,8
0
---
channel 23
318,3,7b7bfb,1,8bfb2fcf,1100,1c70,42,18,0,2ebc1293,1fc64186,d2e270f9,47b4370d,4d704815,6e42800f,d9476dc2,453377d,aff15e4c,7f89b8c2,5ef39b37,f3b83b29,4e2b2fd5,c
r310200c:9f86a3c6 w310200c:9f86a18b r3103108:a64fd902 w3103108:a64fd302 r3103344:5a53e18e w3103344:5a530580 r31033c4:459e190e w31033c4:459e0d00 r3103208:edc92802 w3103208:edc92802 r3103310:69ca99a w3103310:69cbb9a r3103314:8ffab35e w3103314:8ffab35e r3103318:8d8dc12 w3103318:8d8de1a r310331c:9106e5d6 w310331c:9106f7de r3103320:1a640eaa w3103320:1a641eaa r3103324:6342286e w3103324:63423a6e r3103328:eba03122 w3103328:eba0332a r310332c:748e5ae6 w310332c:748e5aee r3103330:fdec63ba w3103330:fdec73ba r3103390:22dbc11a w3103390:22dbc51a r3103394:ab39eade w3103394:ab39eede r3103398:3467f392 w3103398:3467f79a r310339c:bd451d56 w310339c:bd451d5e r31033a0:5a3262a w31033a0:5a3263a r31033a4:8e814fee w31033a4:8e814ffe r31033a8:17ef68a2 w31033a8:17ef6cba r31033ac:90cd7266 w31033ac:90cd767e r31033b0:19289b3a w31033b0:19289f3a r3103100:d403968a w3103100:d003968a r3103334:46cb8d7e w3103334:46cb9d7e r3103338:cf299632 w3103338:cf299636 r31033b4:6216a4fe w31033b4:6216b6fe r31033b8:eb74cdb2 w31033b8:eb74dfb6 r310333c:4817bff6 w310333c:5817bff6 r31033bc:7452d776 w31033bc:7652d776 r3103100:d003968a w3103100:d403968a d1 r3103240:89eb89ca w3103240:89eb8bca r3103244:12c9928e w3103244:12c9938e r3103248:9b37bc42 w3103248:9b37bf42 r310324c:e415c506 w310324c:e415c706 r3103250:6d73eeda w3103250:6d73efda r3103254:f651f79e w3103254:f651f79e r3103258:7ebf1152 w3103258:7ebf1352 r310325c:c79d3a16 w310325c:c79d3b16 r3103260:40fb43ea w3103260:40fb43ea r3103264:c9d96cae w3103264:c9d96fae r3103268:52077662 w3103268:52077762 r310326c:db629f26 w310326c:db629f26 r3103270:2440b8fa w3103270:2440bbfa r3103274:acaec1be w3103274:acaec3be r3103278:358ceb72 w3103278:358ceb72 r3103228:a426e222 w3103228:a426e322 r310322c:2d040be6 w310322c:2d040be6 r3103230:b66214ba w3103230:b66217ba r3103234:3f403e7e w3103234:3f403f7e r3103238:87ae4732 w3103238:87ae4732 r310323c:8c60f6 w310323c:8c63f6 r3103218:c15e8d12 w3103218:c15e8f12 r310321c:49bc96d6 w310321c:49bc9fd6 r3103280:7c81d0a w3103280:7c81d0a r3103108:a64fd302 w3103108:a64fd302 da r3103108:a64fd302 w3103108:a64fd3c2 r31030c0:2625034a w31030c0:23000001 r70005d4:10000 r7010250:a8a31eda w7010250:a8a31ed8 da r3103140:42603aca w3103140:427b7bfb r70005d4:10000 w3103000:62 w3103000:63 da r3103010:400001 r70005d4:10000 r310310c:2eade2c6 w310310c:2cade2c6 da r3103004:15e6614e w3103004:15e6614f r3103018:3 r7010250:a8a31ed8 w7010250:a8a31ed8 da r3103004:15e6614f w3103004:15e6614e r3103018:1 df r3103010:400001 r3103018:1 r310308c:36ecb46 w310308c:836ecb46 da r310308c:836ecb46 w310308c:36ecb46 da r3102014:61c2d65e w3102014:e1c2d65e da r310310c:2cade2c6 w310310c:28ade2c6
318,3,7b7bfb,1,8bfb2fcf,1100,1c70,42,18,0,2ebc1293,1fc64186,d2e270f9,47b4370d,4d704815,6e42800f,d9476dc2,453377d,aff15e4c,7f89b8c2,5ef39b37,f3b83b29,4e2b2fd5,c
0
---
capacity 0
318,2,7b7bfb,1,52e17fd9,0,1c70,42,18,0,822a87dc,9eba409f,cc73abe9,22bbed8,43d283ef,fb9c9161,27a004fd,d278fadc,c1b49f1b,ffbfc2cb,330344ef,436aecf3,1634dd0d,3311b035
r3102000:10d2 r3102004:0
318,2,7b7bfb,1,52e17fd9,0,1c70,42,18,0,822a87dc,9eba409f,cc73abe9,22bbed8,43d283ef,fb9c9161,27a004fd,d278fadc,c1b49f1b,ffbfc2cb,330344ef,436aecf3,1634dd0d,3311b035
0
---
capacity 1
318,3,7b7bfb,1,12cc16df,1100,1c70,42,18,0,c83edd41,98281a61,bd0558b4,fd4c656d,2faf2cea,580f5876,b2ec7273,8b41e63b,9eaa87fd,5fd4c654,4e93127a,bd56968c,b7bf3ce8,af7a8e6b
r3102000:10d0
318,3,7b7bfb,1,12cc16df,1100,1c70,42,18,0,c83edd41,98281a61,bd0558b4,fd4c656d,2faf2cea,580f5876,b2ec7273,8b41e63b,9eaa87fd,5fd4c654,4e93127a,bd56968c,b7bf3ce8,af7a8e6b
80000000
---
capacity 2
318,6,7b7bfb,1,47a1fca7,1001,1c70,42,18,0,1f492fba,808c46a6,7aeff54e,906bfdc1,2ee2002f,760198b7,4c3396cf,96345e04,12d9b29d,7cbb5a6d,677de7c6,84950c16,80212c26,33c57cdf
r3102000:10d1 r3102004:0
318,6,7b7bfb,1,47a1fca7,1001,1c70,42,18,0,1f492fba,808c46a6,7aeff54e,906bfdc1,2ee2002f,760198b7,4c3396cf,96345e04,12d9b29d,7cbb5a6d,677de7c6,84950c16,80212c26,33c57cdf
0
---
capacity 3
318,7,7b7bfb,1,dc1729ca,100,1c70,42,18,0,9c51e692,83e960e4,de04cece,1d1598a6,51bbcbc5,1ee0a0fb,cccc33d9,4f2291bb,2e8e6bae,e01b0ac6,db2f30da,ef03922b,3773fb4b,59f628cb
r3102000:10d3 r3102004:9d1
318,7,7b7bfb,1,dc1729ca,100,1c70,42,18,0,9c51e692,83e960e4,de04cece,1d1598a6,51bbcbc5,1ee0a0fb,cccc33d9,4f2291bb,2e8e6bae,e01b0ac6,db2f30da,ef03922b,3773fb4b,59f628cb
80000100
---
capacity 4
318,0,7b7bfb,1,736a9625,1000,1c70,42,18,0,95b5582a,6fc64ccb,7450bc56,aa88e0e,ba9289f3,c4833858,839920ac,ac6791fb,da17b2dc,abbd51c5,ed151405,79009af2,e8e4a976,ac381b26
r3102000:8c1 r3102004:0
318,0,7b7bfb,1,736a9625,1000,1c70,42,18,0,95b5582a,6fc64ccb,7450bc56,aa88e0e,ba9289f3,c4833858,839920ac,ac6791fb,da17b2dc,abbd51c5,ed151405,79009af2,e8e4a976,ac381b26
80
---
capacity 5
318,2,7b7bfb,1,5edcccc1,1101,1c70,42,18,0,76980fbe,f33f5a58,63bf9de9,33363eba,e89b0901,4c067f05,d82111e,6b09ffbe,d792c305,3cc008a5,4818fcca,4d276124,c0aac5e6,d73c4c1b
r3102000:9e1 r3102004:9d1
318,2,7b7bfb,1,5edcccc1,1101,1c70,42,18,0,76980fbe,f33f5a58,63bf9de9,33363eba,e89b0901,4c067f05,d82111e,6b09ffbe,d792c305,3cc008a5,4818fcca,4d276124,c0aac5e6,d73c4c1b
300
---
capacity 6
318,3,7b7bfb,1,cc92d33d,1,1c70,42,18,0,40b2d002,536e95df,32833106,3d90fbac,3170fab2,d293056a,f08db22f,1d74bd1c,4ad5cfbc,79eaa723,f3faa8e8,8ed2305d,ffec3fee,9c8052e3
r3102000:8b0
318,3,7b7bfb,1,cc92d33d,1,1c70,42,18,0,40b2d002,536e95df,32833106,3d90fbac,3170fab2,d293056a,f08db22f,1d74bd1c,4ad5cfbc,79eaa723,f3faa8e8,8ed2305d,ffec3fee,9c8052e3
20
---
capacity 7
318,3,7b7bfb,1,d081a3d4,1100,1c70,42,18,0,300a65cc,1894f5b6,4cdac1b3,eca51b19,aa30b2de,bafcf1aa,df21d0f6,41e10912,be4f5eea,6d6f93e1,e67aad0b,8bdd042,a7cfed95,25b4dfb6
r3102000:8b2 r3102004:9d1
318,3,7b7bfb,1,d081a3d4,1100,1c70,42,18,0,300a65cc,1894f5b6,4cdac1b3,eca51b19,aa30b2de,bafcf1aa,df21d0f6,41e10912,be4f5eea,6d6f93e1,e67aad0b,8bdd042,a7cfed95,25b4dfb6
120
---
dqs 0
318,2,7b7bfb,1,52e17fd9,0,1c70,42,18,0,822a87dc,9eba409f,cc73abe9,22bbed8,43d283ef,fb9c9161,27a004fd,d278fadc,c1b49f1b,ffbfc2cb,330344ef,436aecf3,1634dd0d,3311b035
r3103010:0
318,2,7b7bfb,1,52e17fd9,1000,1c70,42,18,0,822a87dc,9eba409f,cc73abe9,22bbed8,43d283ef,fb9c9161,27a004fd,d278fadc,c1b49f1b,ffbfc2cb,330344ef,436aecf3,1634dd0d,3311b035
1
---
dqs 1
318,3,7b7bfb,1,12cc16df,1100,1c70,42,18,0,c83edd41,98281a61,bd0558b4,fd4c656d,2faf2cea,580f5876,b2ec7273,8b41e63b,9eaa87fd,5fd4c654,4e93127a,bd56968c,b7bf3ce8,af7a8e6b
r3103010:400000 r3103348:2000000 r31033c8:1000000
318,3,7b7bfb,1,12cc16df,101,1c70,42,18,0,c83edd41,98281a61,bd0558b4,fd4c656d,2faf2cea,580f5876,b2ec7273,8b41e63b,9eaa87fd,5fd4c654,4e93127a,bd56968c,b7bf3ce8,af7a8e6b
1
---
dqs 2
318,6,7b7bfb,1,47a1fca7,1001,1c70,42,18,0,1f492fba,808c46a6,7aeff54e,906bfdc1,2ee2002f,760198b7,4c3396cf,96345e04,12d9b29d,7cbb5a6d,677de7c6,84950c16,80212c26,33c57cdf
r3103010:400000 r3103348:2000000 r31033c8:2000000
318,6,7b7bfb,1,47a1fca7,0,1c70,42,18,0,1f492fba,808c46a6,7aeff54e,906bfdc1,2ee2002f,760198b7,4c3396cf,96345e04,12d9b29d,7cbb5a6d,677de7c6,84950c16,80212c26,33c57cdf
1
---
dqs 3
318,7,7b7bfb,1,dc1729ca,100,1c70,42,18,0,9c51e692,83e960e4,de04cece,1d1598a6,51bbcbc5,1ee0a0fb,cccc33d9,4f2291bb,2e8e6bae,e01b0ac6,db2f30da,ef03922b,3773fb4b,59f628cb
r3103010:400000 r3103348:0 r31033c8:3000000
318,7,7b7bfb,1,dc1729ca,1101,1c70,42,18,0,9c51e692,83e960e4,de04cece,1d1598a6,51bbcbc5,1ee0a0fb,cccc33d9,4f2291bb,2e8e6bae,e01b0ac6,db2f30da,ef03922b,3773fb4b,59f628cb
1
---
dqs 4
318,0,7b7bfb,1,736a9625,1000,1c70,42,18,0,95b5582a,6fc64ccb,7450bc56,aa88e0e,ba9289f3,c4833858,839920ac,ac6791fb,da17b2dc,abbd51c5,ed151405,79009af2,e8e4a976,ac381b26
r3103010:400000 r3103348:1000000 r31033c8:0
318,0,7b7bfb,1,736a9625,1000,1c70,42,18,0,95b5582a,6fc64ccb,7450bc56,aa88e0e,ba9289f3,c4833858,839920ac,ac6791fb,da17b2dc,abbd51c5,ed151405,79009af2,e8e4a976,ac381b26
0
---
dqs 5
318,2,7b7bfb,1,5edcccc1,1101,1c70,42,18,0,76980fbe,f33f5a58,63bf9de9,33363eba,e89b0901,4c067f05,d82111e,6b09ffbe,d792c305,3cc008a5,4818fcca,4d276124,c0aac5e6,d73c4c1b
r3103010:400000 r3103348:3000000 r31033c8:1000000
318,2,7b7bfb,1,5edcccc1,1101,1c70,42,18,0,76980fbe,f33f5a58,63bf9de9,33363eba,e89b0901,4c067f05,d82111e,6b09ffbe,d792c305,3cc008a5,4818fcca,4d276124,c0aac5e6,d73c4c1b
0
---
dqs 6
318,3,7b7bfb,1,cc92d33d,1,1c70,42,18,0,40b2d002,536e95df,32833106,3d90fbac,3170fab2,d293056a,f08db22f,1d74bd1c,4ad5cfbc,79eaa723,f3faa8e8,8ed2305d,ffec3fee,9c8052e3
r3103010:400000 r3103348:2000000 r31033c8:2000000
318,3,7b7bfb,1,cc92d33d,0,1c70,42,18,0,40b2d002,536e95df,32833106,3d90fbac,3170fab2,d293056a,f08db22f,1d74bd1c,4ad5cfbc,79eaa723,f3faa8e8,8ed2305d,ffec3fee,9c8052e3
1
---
dqs 7
318,3,7b7bfb,1,d081a3d4,1100,1c70,42,18,0,300a65cc,1894f5b6,4cdac1b3,eca51b19,aa30b2de,bafcf1aa,df21d0f6,41e10912,be4f5eea,6d6f93e1,e67aad0b,8bdd042,a7cfed95,25b4dfb6
r3103010:400000 r3103348:0 r31033c8:3000000
318,3,7b7bfb,1,d081a3d4,1101,1c70,42,18,0,300a65cc,1894f5b6,4cdac1b3,eca51b19,aa30b2de,bafcf1aa,df21d0f6,41e10912,be4f5eea,6d6f93e1,e67aad0b,8bdd042,a7cfed95,25b4dfb6
1
---
memory 0
318,2,7b7bfb,1,52e17fd9,0,1c70,42,18,0,822a87dc,9eba409f,cc73abe9,22bbed8,43d283ef,fb9c9161,27a004fd,d278fadc,c1b49f1b,ffbfc2cb,330344ef,436aecf3,1634dd0d,3311b035
w40000000:1234567 w48000000:fedcba98 w40000004:1234568 w48000004:fedcba99 w40000008:1234569 w48000008:fedcba9a w4000000c:123456a w4800000c:fedcba9b r48000000:fedcba98 r40000000:1234567 r48000004:fedcba99 r40000004:1234568 r48000008:fedcba9a r40000008:1234569 r4800000c:fedcba9b r4000000c:123456a
318,2,7b7bfb,1,52e17fd9,0,1c70,42,18,0,822a87dc,9eba409f,cc73abe9,22bbed8,43d283ef,fb9c9161,27a004fd,d278fadc,c1b49f1b,ffbfc2cb,330344ef,436aecf3,1634dd0d,3311b035
0
---
memory 1
318,3,7b7bfb,1,12cc16df,1100,1c70,42,18,0,c83edd41,98281a61,bd0558b4,fd4c656d,2faf2cea,580f5876,b2ec7273,8b41e63b,9eaa87fd,5fd4c654,4e93127a,bd56968c,b7bf3ce8,af7a8e6b
w40000000:1234567 w48000000:fedcba98 w40000004:1234568 w48000004:fedcba99 w40000008:1234569 w48000008:fedcba9a w4000000c:123456a w4800000c:fedcba9b r48000000:fedcba98 r40000000:1234567 r48000004:fedcba98
318,3,7b7bfb,1,12cc16df,1100,1c70,42,18,0,c83edd41,98281a61,bd0558b4,fd4c656d,2faf2cea,580f5876,b2ec7273,8b41e63b,9eaa87fd,5fd4c654,4e93127a,bd56968c,b7bf3ce8,af7a8e6b
1
---
memory 2
318,6,7b7bfb,1,47a1fca7,1001,1c70,42,18,0,1f492fba,808c46a6,7aeff54e,906bfdc1,2ee2002f,760198b7,4c3396cf,96345e04,12d9b29d,7cbb5a6d,677de7c6,84950c16,80212c26,33c57cdf
w40000000:1234567 w48000000:fedcba98 w40000004:1234568 w48000004:fedcba99 w40000008:1234569 w48000008:fedcba9a w4000000c:123456a w4800000c:fedcba9b r48000000:fedcba98 r40000000:1234567 r48000004:fedcba99 r40000004:1234569
318,6,7b7bfb,1,47a1fca7,1001,1c70,42,18,0,1f492fba,808c46a6,7aeff54e,906bfdc1,2ee2002f,760198b7,4c3396cf,96345e04,12d9b29d,7cbb5a6d,677de7c6,84950c16,80212c26,33c57cdf
1
---
vref 0
318,2,7b7bfb,1,52e17fd9,0,1c70,42,18,0,822a87dc,9eba409f,cc73abe9,22bbed8,43d283ef,fb9c9161,27a004fd,d278fadc,c1b49f1b,ffbfc2cb,330344ef,436aecf3,1634dd0d,0
r3103110:acf3d604 w3103110:fb9c9161 r3103114:2b91c8c0 w3103114:2b91c8fd
318,2,7b7bfb,1,52e17fd9,0,1c70,42,18,0,822a87dc,9eba409f,cc73abe9,22bbed8,43d283ef,fb9c9161,27a004fd,d278fadc,c1b49f1b,ffbfc2cb,330344ef,436aecf3,1634dd0d,0
0
---
vref 1
318,3,7b7bfb,1,12cc16df,1100,1c70,42,18,0,c83edd41,98281a61,bd0558b4,fd4c656d,2faf2cea,580f5876,b2ec7273,8b41e63b,9eaa87fd,5fd4c654,4e93127a,bd56968c,b7bf3ce8,10000
r3103110:d38784f3 w3103110:d88fd8f6
318,3,7b7bfb,1,12cc16df,1100,1c70,42,18,0,c83edd41,98281a61,bd0558b4,fd4c656d,2faf2cea,580f5876,b2ec7273,8b41e63b,9eaa87fd,5fd4c654,4e93127a,bd56968c,b7bf3ce8,10000
0
---
vref 2
318,6,7b7bfb,1,47a1fca7,1001,1c70,42,18,0,1f492fba,808c46a6,7aeff54e,906bfdc1,2ee2002f,760198b7,4c3396cf,96345e04,12d9b29d,7cbb5a6d,677de7c6,84950c16,80212c26,20000

318,6,7b7bfb,1,47a1fca7,1001,1c70,42,18,0,1f492fba,808c46a6,7aeff54e,906bfdc1,2ee2002f,760198b7,4c3396cf,96345e04,12d9b29d,7cbb5a6d,677de7c6,84950c16,80212c26,20000
0
---
vref 3
318,7,7b7bfb,1,dc1729ca,100,1c70,42,18,0,9c51e692,83e960e4,de04cece,1d1598a6,51bbcbc5,1ee0a0fb,cccc33d9,4f2291bb,2e8e6bae,e01b0ac6,db2f30da,ef03922b,3773fb4b,30000

318,7,7b7bfb,1,dc1729ca,100,1c70,42,18,0,9c51e692,83e960e4,de04cece,1d1598a6,51bbcbc5,1ee0a0fb,cccc33d9,4f2291bb,2e8e6bae,e01b0ac6,db2f30da,ef03922b,3773fb4b,30000
0
---
vref 4
318,0,7b7bfb,1,736a9625,1000,1c70,42,18,0,95b5582a,6fc64ccb,7450bc56,aa88e0e,ba9289f3,c4833858,839920ac,ac6791fb,da17b2dc,abbd51c5,ed151405,79009af2,e8e4a976,0
r3103110:823a0320 w3103110:c4833858 r3103114:5581de4 w3103114:5581dac
318,0,7b7bfb,1,736a9625,1000,1c70,42,18,0,95b5582a,6fc64ccb,7450bc56,aa88e0e,ba9289f3,c4833858,839920ac,ac6791fb,da17b2dc,abbd51c5,ed151405,79009af2,e8e4a976,0
0
---
vref 5
318,2,7b7bfb,1,5edcccc1,1101,1c70,42,18,0,76980fbe,f33f5a58,63bf9de9,33363eba,e89b0901,4c067f05,d82111e,6b09ffbe,d792c305,3cc008a5,4818fcca,4d276124,c0aac5e6,10000
r3103110:5fff4776 w3103110:4c867f05
318,2,7b7bfb,1,5edcccc1,1101,1c70,42,18,0,76980fbe,f33f5a58,63bf9de9,33363eba,e89b0901,4c067f05,d82111e,6b09ffbe,d792c305,3cc008a5,4818fcca,4d276124,c0aac5e6,10000
0
---
vref 6
318,3,7b7bfb,1,cc92d33d,1,1c70,42,18,0,40b2d002,536e95df,32833106,3d90fbac,3170fab2,d293056a,f08db22f,1d74bd1c,4ad5cfbc,79eaa723,f3faa8e8,8ed2305d,ffec3fee,20000

318,3,7b7bfb,1,cc92d33d,1,1c70,42,18,0,40b2d002,536e95df,32833106,3d90fbac,3170fab2,d293056a,f08db22f,1d74bd1c,4ad5cfbc,79eaa723,f3faa8e8,8ed2305d,ffec3fee,20000
0
---
vref 7
318,3,7b7bfb,1,d081a3d4,1100,1c70,42,18,0,300a65cc,1894f5b6,4cdac1b3,eca51b19,aa30b2de,bafcf1aa,df21d0f6,41e10912,be4f5eea,6d6f93e1,e67aad0b,8bdd042,a7cfed95,30000

318,3,7b7bfb,1,d081a3d4,1100,1c70,42,18,0,300a65cc,1894f5b6,4cdac1b3,eca51b19,aa30b2de,bafcf1aa,df21d0f6,41e10912,be4f5eea,6d6f93e1,e67aad0b,8bdd042,a7cfed95,30000
0
---
remap 0
318,2,7b7bfb,1,52e17fd9,0,1c70,42,18,0,822a87dc,9eba409f,cc73abe9,22bbed8,43d283ef,fb9c9161,27a004fd,d278fadc,c1b49f1b,ffbfc2cb,330344ef,436aecf3,1634dd0d,0
r3006228:0
318,2,7b7bfb,1,52e17fd9,0,1c70,42,18,0,822a87dc,9eba409f,cc73abe9,22bbed8,43d283ef,fb9c9161,27a004fd,d278fadc,c1b49f1b,ffbfc2cb,330344ef,436aecf3,1634dd0d,0
0
---
remap 1
318,2,7b7bfb,1,12cc16df,1100,1c70,42,18,0,c83edd41,98281a61,bd0558b4,fd4c656d,2faf2cea,580f5876,b2ec7273,8b41e63b,9eaa87fd,5fd4c654,4e93127a,bd56968c,b7bf3ce8,0
r3006228:100
318,2,7b7bfb,1,12cc16df,1100,1c70,42,18,0,c83edd41,98281a61,bd0558b4,fd4c656d,2faf2cea,580f5876,b2ec7273,8b41e63b,9eaa87fd,5fd4c654,4e93127a,bd56968c,b7bf3ce8,0
0
---
remap 2
318,2,7b7bfb,1,47a1fca7,1001,1c70,42,18,0,1f492fba,808c46a6,7aeff54e,906bfdc1,2ee2002f,760198b7,4c3396cf,96345e04,12d9b29d,7cbb5a6d,677de7c6,84950c16,80212c26,0
r3006228:200
318,2,7b7bfb,1,47a1fca7,1001,1c70,42,18,0,1f492fba,808c46a6,7aeff54e,906bfdc1,2ee2002f,760198b7,4c3396cf,96345e04,12d9b29d,7cbb5a6d,677de7c6,84950c16,80212c26,0
0
---
remap 3
318,2,7b7bfb,1,dc1729ca,100,1c70,42,18,0,9c51e692,83e960e4,de04cece,1d1598a6,51bbcbc5,1ee0a0fb,cccc33d9,4f2291bb,2e8e6bae,e01b0ac6,db2f30da,ef03922b,3773fb4b,0
r3006228:300
318,2,7b7bfb,1,dc1729ca,100,1c70,42,18,0,9c51e692,83e960e4,de04cece,1d1598a6,51bbcbc5,1ee0a0fb,cccc33d9,4f2291bb,2e8e6bae,e01b0ac6,db2f30da,ef03922b,3773fb4b,0
0
---
remap 4
318,2,7b7bfb,1,736a9625,1000,1c70,42,18,0,95b5582a,6fc64ccb,7450bc56,aa88e0e,ba9289f3,c4833858,839920ac,ac6791fb,da17b2dc,abbd51c5,ed151405,79009af2,e8e4a976,0
r3006228:400
318,2,7b7bfb,1,736a9625,1000,1c70,42,18,0,95b5582a,6fc64ccb,7450bc56,aa88e0e,ba9289f3,c4833858,839920ac,ac6791fb,da17b2dc,abbd51c5,ed151405,79009af2,e8e4a976,0
0
---
remap 5
318,2,7b7bfb,1,5edcccc1,1101,1c70,42,18,0,76980fbe,f33f5a58,63bf9de9,33363eba,e89b0901,4c067f05,d82111e,6b09ffbe,d792c305,3cc008a5,4818fcca,4d276124,c0aac5e6,0
r3006228:500
318,2,7b7bfb,1,5edcccc1,1101,1c70,42,18,0,76980fbe,f33f5a58,63bf9de9,33363eba,e89b0901,4c067f05,d82111e,6b09ffbe,d792c305,3cc008a5,4818fcca,4d276124,c0aac5e6,0
0
---
remap 6
318,2,7b7bfb,1,cc92d33d,1,1c70,42,18,0,40b2d002,536e95df,32833106,3d90fbac,3170fab2,d293056a,f08db22f,1d74bd1c,4ad5cfbc,79eaa723,f3faa8e8,8ed2305d,ffec3fee,0
r3006228:600
318,2,7b7bfb,1,cc92d33d,1,1c70,42,18,0,40b2d002,536e95df,32833106,3d90fbac,3170fab2,d293056a,f08db22f,1d74bd1c,4ad5cfbc,79eaa723,f3faa8e8,8ed2305d,ffec3fee,0
0
---
remap 7
318,2,7b7bfb,1,d081a3d4,1100,1c70,42,18,0,300a65cc,1894f5b6,4cdac1b3,eca51b19,aa30b2de,bafcf1aa,df21d0f6,41e10912,be4f5eea,6d6f93e1,e67aad0b,8bdd042,a7cfed95,0
r3006228:700
318,2,7b7bfb,1,d081a3d4,1100,1c70,42,18,0,300a65cc,1894f5b6,4cdac1b3,eca51b19,aa30b2de,bafcf1aa,df21d0f6,41e10912,be4f5eea,6d6f93e1,e67aad0b,8bdd042,a7cfed95,0
0
---
remap 8
318,2,7b7bfb,1,2534c02d,0,1c70,42,18,0,7000368d,597991d1,988a0c48,29b629a9,3dac4e90,3ef2db72,b945990f,b13fdde3,7e957f3f,27af6f59,10efc1e4,59d5d2d4,79cc01a,0
r3006228:800
318,2,7b7bfb,1,2534c02d,0,1c70,42,18,0,7000368d,597991d1,988a0c48,29b629a9,3dac4e90,3ef2db72,b945990f,b13fdde3,7e957f3f,27af6f59,10efc1e4,59d5d2d4,79cc01a,0
0
---
remap 9
318,2,7b7bfb,1,4580711b,1100,1c70,42,18,0,64d94a35,8aba63ed,e60922ca,b54807bf,dce6e87d,f5668744,6bb92d99,5e7bf098,5d79baf5,886507b3,66baa786,5fedcced,65de18c,0
r3006228:900
318,2,7b7bfb,1,4580711b,1100,1c70,42,18,0,64d94a35,8aba63ed,e60922ca,b54807bf,dce6e87d,f5668744,6bb92d99,5e7bf098,5d79baf5,886507b3,66baa786,5fedcced,65de18c,0
0
---
remap 10
318,2,7b7bfb,1,81854f8a,1001,1c70,42,18,0,d6f18134,740a7798,568cec2b,8ed72d0d,88126eb0,625c4cbc,7a9abd2a,d5a32d77,47128af,28cf032c,261b0d40,7349547b,ac3f03de,0
r3006228:a00
318,2,7b7bfb,1,81854f8a,1001,1c70,42,18,0,d6f18134,740a7798,568cec2b,8ed72d0d,88126eb0,625c4cbc,7a9abd2a,d5a32d77,47128af,28cf032c,261b0d40,7349547b,ac3f03de,0
0
---
remap 11
318,2,7b7bfb,1,250c67f3,100,1c70,42,18,0,c4f718fd,7d69e938,fbc1af89,814e3e5d,4ac8ea44,f8067ba4,d316bd42,cfde65a9,2dfa36f4,ca486abc,2abf6c2a,ae176990,42b95460,0
r3006228:b00
318,2,7b7bfb,1,250c67f3,100,1c70,42,18,0,c4f718fd,7d69e938,fbc1af89,814e3e5d,4ac8ea44,f8067ba4,d316bd42,cfde65a9,2dfa36f4,ca486abc,2abf6c2a,ae176990,42b95460,0
0
---
remap 12
318,2,7b7bfb,1,7f041728,1000,1c70,42,18,0,d802db89,db54e35f,75bd5125,16b4aa27,20cbf68a,60e04456,8ce66d9,c95d61b,f3c0a0e5,a658d453,36539dc5,306e7b43,2c80a15f,0
r3006228:c00
318,2,7b7bfb,1,7f041728,1000,1c70,42,18,0,d802db89,db54e35f,75bd5125,16b4aa27,20cbf68a,60e04456,8ce66d9,c95d61b,f3c0a0e5,a658d453,36539dc5,306e7b43,2c80a15f,0
0
---
remap 13
318,2,7b7bfb,1,bb459fdf,1101,1c70,42,18,0,48993a14,e9fff41d,c6601970,98e7486,7d37e306,11fcd94,858e74df,fe52bf9f,a9513dba,518a6b5c,d546c5d9,3256822a,75d70c1a,0
r3006228:d00 w3102500:12d3a860 w3102504:1062082b w3102508:185 w310250c:236a8034 w3102500:12d3a861
318,2,7b7bfb,1,bb459fdf,1101,1c70,42,18,0,48993a14,e9fff41d,c6601970,98e7486,7d37e306,11fcd94,858e74df,fe52bf9f,a9513dba,518a6b5c,d546c5d9,3256822a,75d70c1a,0
0
---
remap 14
318,2,7b7bfb,1,33183edb,1,1c70,42,18,0,b388d258,9d741646,d1f36a09,1b6b9500,5224ba81,e7b9bcee,f20e59d3,312bf0cc,38f727a6,761296a7,c700e7a1,c56fc969,d8bf5b4d,0
r3006228:e00 w3102500:12d3a860 w3102504:1062082b w3102508:185 w310250c:236a8034 w3102500:12d3a861
318,2,7b7bfb,1,33183edb,1,1c70,42,18,0,b388d258,9d741646,d1f36a09,1b6b9500,5224ba81,e7b9bcee,f20e59d3,312bf0cc,38f727a6,761296a7,c700e7a1,c56fc969,d8bf5b4d,0
0
---
remap 15
318,2,7b7bfb,1,caa1718e,1100,1c70,42,18,0,c71f4e8f,7f1d3b6,8e63257f,d67641ff,fdde2a2b,51465aaf,be3f744f,3139f0b,c4c6f4b4,11d68d6a,b52c46b1,80925cb7,bd8c88f7,0
r3006228:f00
318,2,7b7bfb,1,caa1718e,1100,1c70,42,18,0,c71f4e8f,7f1d3b6,8e63257f,d67641ff,fdde2a2b,51465aaf,be3f744f,3139f0b,c4c6f4b4,11d68d6a,b52c46b1,80925cb7,bd8c88f7,0
0
---
remap 16
318,3,7b7bfb,1,255d4b38,0,1c70,42,18,0,bce80083,306dcb3d,e008364f,d6cfbf25,d02fc873,8a6145f9,1a28f9fb,47e6893b,c10f3ee2,55deee50,a50b9c2e,8b162cd0,b48ba882,0
r3006228:0 w3102500:10753080 w3102504:6613432 w3102508:125 w310250c:2cb9d235 w3102500:10753081
318,3,7b7bfb,1,255d4b38,0,1c70,42,18,0,bce80083,306dcb3d,e008364f,d6cfbf25,d02fc873,8a6145f9,1a28f9fb,47e6893b,c10f3ee2,55deee50,a50b9c2e,8b162cd0,b48ba882,0
0
---
remap 17
318,3,7b7bfb,1,65c1d4b4,1100,1c70,42,18,0,f945e4b6,3083d49e,5532e8ba,e706437b,2f5ae757,a0233784,3b07f9a,86d3f7d9,c4b88787,b25cae74,2001b19,da3c3591,5764a5b4,0
r3006228:100 w3102500:10753080 w3102504:6613432 w3102508:125 w310250c:2cb9d235 w3102500:10753081
318,3,7b7bfb,1,65c1d4b4,1100,1c70,42,18,0,f945e4b6,3083d49e,5532e8ba,e706437b,2f5ae757,a0233784,3b07f9a,86d3f7d9,c4b88787,b25cae74,2001b19,da3c3591,5764a5b4,0
0
---
remap 18
318,3,7b7bfb,1,14c25b99,1001,1c70,42,18,0,c4905c09,9b576d64,b406dd29,ff6b17a4,42408ea4,23fd7e36,5822d7b0,da2f6b1d,108ed79c,264a6630,d8d8d5ed,6a806097,559d3b5b,0
r3006228:200 w3102500:10753080 w3102504:6613432 w3102508:125 w310250c:2cb9d235 w3102500:10753081
318,3,7b7bfb,1,14c25b99,1001,1c70,42,18,0,c4905c09,9b576d64,b406dd29,ff6b17a4,42408ea4,23fd7e36,5822d7b0,da2f6b1d,108ed79c,264a6630,d8d8d5ed,6a806097,559d3b5b,0
0
---
remap 19
318,3,7b7bfb,1,3423bf15,100,1c70,42,18,0,b6ae4b1d,17bac194,7b24b13f,a8d3ae7c,93194fb9,960c93f3,4f4f0eaf,a268a445,e2ed2a3c,5ad73fc6,ce12e6b1,738617b6,93891386,0
r3006228:300 w3102500:10753080 w3102504:6613432 w3102508:125 w310250c:2cb9d235 w3102500:10753081
318,3,7b7bfb,1,3423bf15,100,1c70,42,18,0,b6ae4b1d,17bac194,7b24b13f,a8d3ae7c,93194fb9,960c93f3,4f4f0eaf,a268a445,e2ed2a3c,5ad73fc6,ce12e6b1,738617b6,93891386,0
0
---
remap 20
318,3,7b7bfb,1,156199d0,1000,1c70,42,18,0,97323b35,2c20b8f7,f7ae9466,af0e4600,adb3f6a0,294ede10,66f9ddcf,f2ff5cd5,757fc9f0,d825e197,c83ef048,be0bbbcd,70ab92ef,0
r3006228:400 w3102500:10753080 w3102504:6613432 w3102508:125 w310250c:2cb9d235 w3102500:10753081
318,3,7b7bfb,1,156199d0,1000,1c70,42,18,0,97323b35,2c20b8f7,f7ae9466,af0e4600,adb3f6a0,294ede10,66f9ddcf,f2ff5cd5,757fc9f0,d825e197,c83ef048,be0bbbcd,70ab92ef,0
0
---
remap 21
318,3,7b7bfb,1,6bc9947a,1101,1c70,42,18,0,84250764,909e4060,8cd272e0,8ee24acb,cabf5f78,96bee1c3,4414ca7c,cd00057b,cdc00154,f7853c88,e09a37d7,ac30337b,c3208fad,0
r3006228:500 w3102500:10753080 w3102504:6613432 w3102508:125 w310250c:2cb9d235 w3102500:10753081
318,3,7b7bfb,1,6bc9947a,1101,1c70,42,18,0,84250764,909e4060,8cd272e0,8ee24acb,cabf5f78,96bee1c3,4414ca7c,cd00057b,cdc00154,f7853c88,e09a37d7,ac30337b,c3208fad,0
0
---
remap 22
318,3,7b7bfb,1,e98f559d,1,1c70,42,18,0,d9621895,7e8db475,eb85403c,90d85d37,b91396c7,5a7188d0,e21516ca,1d15f88e,1780c658,5afa301f,25d795f5,2c3f6b5a,6434192d,0
r3006228:600 w3102500:10753080 w3102504:6613432 w3102508:125 w310250c:2cb9d235 w3102500:10753081
318,3,7b7bfb,1,e98f559d,1,1c70,42,18,0,d9621895,7e8db475,eb85403c,90d85d37,b91396c7,5a7188d0,e21516ca,1d15f88e,1780c658,5afa301f,25d795f5,2c3f6b5a,6434192d,0
0
---
remap 23
318,3,7b7bfb,1,8bfb2fcf,1100,1c70,42,18,0,2ebc1293,1fc64186,d2e270f9,47b4370d,4d704815,6e42800f,d9476dc2,453377d,aff15e4c,7f89b8c2,5ef39b37,f3b83b29,4e2b2fd5,0
r3006228:700 w3102500:10753080 w3102504:6613432 w3102508:125 w310250c:2cb9d235 w3102500:10753081
318,3,7b7bfb,1,8bfb2fcf,1100,1c70,42,18,0,2ebc1293,1fc64186,d2e270f9,47b4370d,4d704815,6e42800f,d9476dc2,453377d,aff15e4c,7f89b8c2,5ef39b37,f3b83b29,4e2b2fd5,0
0
---
remap 24
318,3,7b7bfb,1,c299f156,0,1c70,42,18,0,8827eceb,83897c06,f8463cd1,ff4216b2,bc80e8f7,8a0a6424,c89b21ee,ef809273,dd445446,20d9c108,f26c4573,7e75117b,7580005,0
r3006228:800 w3102500:1071a480 w3102504:14613432 w3102508:31c5 w310250c:2cb9d235 w3102500:1071a481
318,3,7b7bfb,1,c299f156,0,1c70,42,18,0,8827eceb,83897c06,f8463cd1,ff4216b2,bc80e8f7,8a0a6424,c89b21ee,ef809273,dd445446,20d9c108,f26c4573,7e75117b,7580005,0
0
---
remap 25
318,3,7b7bfb,1,5edf44c0,1100,1c70,42,18,0,508dbe22,e85a1ee9,ac6289f7,6562001d,ec9c82d7,34bfeafc,18939cb8,d15b2fad,57429306,c23facbc,bce46bd,b2c2aa23,e2fc885b,0
r3006228:900 w3102500:14c41c20 w3102504:662b492 w3102508:122 w310250c:2cb9d235 w3102500:14c41c21
318,3,7b7bfb,1,5edf44c0,1100,1c70,42,18,0,508dbe22,e85a1ee9,ac6289f7,6562001d,ec9c82d7,34bfeafc,18939cb8,d15b2fad,57429306,c23facbc,bce46bd,b2c2aa23,e2fc885b,0
0
---
remap 26
318,3,7b7bfb,1,31cd3165,1001,1c70,42,18,0,6dd09a35,ce5b14fe,fec20c5f,5f3f506f,eabd3264,d78f14bf,d1135800,cbda00f7,d0abfa9,93087555,5a2f44b,8ed26f47,c613eb19,0
r3006228:a00 w3102500:189389a0 w3102504:83304b3 w3102508:148 w310250c:28b8cad5 w3102500:189389a1
318,3,7b7bfb,1,31cd3165,1001,1c70,42,18,0,6dd09a35,ce5b14fe,fec20c5f,5f3f506f,eabd3264,d78f14bf,d1135800,cbda00f7,d0abfa9,93087555,5a2f44b,8ed26f47,c613eb19,0
0
---
remap 27
318,3,7b7bfb,1,5b3ce9b3,100,1c70,42,18,0,93310674,d4c6eb9c,b07502e,5a357cb1,6b0d4ff7,f0896d2,f8d2074a,792c309b,482aa70a,ba6a185b,d131eea3,adb183df,8e655463,0
r3006228:b00 w3102500:10753080 w3102504:6613432 w3102508:125 w310250c:2cb9d235 w3102500:10753081
318,3,7b7bfb,1,5b3ce9b3,100,1c70,42,18,0,93310674,d4c6eb9c,b07502e,5a357cb1,6b0d4ff7,f0896d2,f8d2074a,792c309b,482aa70a,ba6a185b,d131eea3,adb183df,8e655463,0
0
---
remap 28
318,3,7b7bfb,1,676b1b69,1000,1c70,42,18,0,61790134,333824fe,9974d75b,2dc5fd3d,3af27f80,3f9931ee,221c4e00,c28753f8,162a01de,404b6eaf,baa1c6f1,6210b784,87e355b2,0
r3006228:c00 w3102500:1071a420 w3102504:1462b492 w3102508:31c2 w310250c:2cb9d235 w3102500:1071a421
318,3,7b7bfb,1,676b1b69,1000,1c70,42,18,0,61790134,333824fe,9974d75b,2dc5fd3d,3af27f80,3f9931ee,221c4e00,c28753f8,162a01de,404b6eaf,baa1c6f1,6210b784,87e355b2,0
0
---
remap 29
318,3,7b7bfb,1,254a9493,1101,1c70,42,18,0,75a3adb3,74761899,f3a3c571,c5521660,2cbc408c,b49c83dc,649dda6e,bb61a9cd,59885afc,6efacd5b,81c1e7ff,ccce240c,1c26ffa8,0
r3006228:d00 w3102500:0 w3102504:0 w3102508:0 w310250c:0 w3102500:1
318,3,7b7bfb,1,254a9493,1101,1c70,42,18,0,75a3adb3,74761899,f3a3c571,c5521660,2cbc408c,b49c83dc,649dda6e,bb61a9cd,59885afc,6efacd5b,81c1e7ff,ccce240c,1c26ffa8,0
0
---
remap 30
318,3,7b7bfb,1,94c662cd,1,1c70,42,18,0,d8dcb35f,31db6e32,e88b7591,f71ab247,8a0ac984,ec89b7a6,5bd21b6a,7796668d,c6bdf0d,a9d93650,80e6b5d0,36eafa28,9a1f7aa5,0
r3006228:e00 w3102500:0 w3102504:0 w3102508:0 w310250c:0 w3102500:1
318,3,7b7bfb,1,94c662cd,1,1c70,42,18,0,d8dcb35f,31db6e32,e88b7591,f71ab247,8a0ac984,ec89b7a6,5bd21b6a,7796668d,c6bdf0d,a9d93650,80e6b5d0,36eafa28,9a1f7aa5,0
0
---
remap 31
318,3,7b7bfb,1,25ee8c4c,1100,1c70,42,18,0,ad219146,9dafe6be,5bb58492,2b7087bd,8dee318d,b666dafe,a931c942,9b9ae91b,2eb749c1,6263f0db,4af52599,9e145325,6dda2c18,0
r3006228:f00 w3102500:10753080 w3102504:6613432 w3102508:125 w310250c:2cb9d235 w3102500:10753081
318,3,7b7bfb,1,25ee8c4c,1100,1c70,42,18,0,ad219146,9dafe6be,5bb58492,2b7087bd,8dee318d,b666dafe,a931c942,9b9ae91b,2eb749c1,6263f0db,4af52599,9e145325,6dda2c18,0
0
---
remap 32
318,3,7b7bfb,1,faa30751,0,1c70,42,18,0,b6dc0914,74cff6a6,ef2843ff,b8065be4,b24c01be,bc218121,d1798f84,3703cba3,b067e045,13fa4bdc,e990d3ba,9a4d6177,bd387424,c0000
r3006228:0 w3102500:12720860 w3102504:1ae93221 w3102508:5519e8 w310250c:174ac2d3 w3102500:12720861
318,3,7b7bfb,1,faa30751,0,1c70,42,18,0,b6dc0914,74cff6a6,ef2843ff,b8065be4,b24c01be,bc218121,d1798f84,3703cba3,b067e045,13fa4bdc,e990d3ba,9a4d6177,bd387424,c0000
0
---
remap 33
318,3,7b7bfb,1,f5bffffb,1100,1c70,42,18,0,5002635,df327560,32a7cae9,bb5e253d,c54e6f4a,3a457647,641a7dc4,54a4f9d4,1b9ef96,b6bc4b02,200764ca,ce84821d,d1553cfd,c0000
r3006228:100 w3102500:12720860 w3102504:1ae93221 w3102508:5519e8 w310250c:174ac2d3 w3102500:12720861
318,3,7b7bfb,1,f5bffffb,1100,1c70,42,18,0,5002635,df327560,32a7cae9,bb5e253d,c54e6f4a,3a457647,641a7dc4,54a4f9d4,1b9ef96,b6bc4b02,200764ca,ce84821d,d1553cfd,c0000
0
---
remap 34
318,3,7b7bfb,1,e0cb1e6b,1001,1c70,42,18,0,97611f4e,595fd6ff,94aa3bff,ca6cddbf,1bc1ea75,f39b3ce8,8205da,4fed9189,862745e6,c4b0bf71,920a9cfc,55aed055,4af099ef,c0000
r3006228:200 w3102500:12720860 w3102504:1ae93221 w3102508:5519e8 w310250c:174ac2d3 w3102500:12720861
318,3,7b7bfb,1,e0cb1e6b,1001,1c70,42,18,0,97611f4e,595fd6ff,94aa3bff,ca6cddbf,1bc1ea75,f39b3ce8,8205da,4fed9189,862745e6,c4b0bf71,920a9cfc,55aed055,4af099ef,c0000
0
---
remap 35
318,3,7b7bfb,1,b5ef5e70,100,1c70,42,18,0,fa6bb9c4,e6aefc3c,7aaf4542,44a9fde,8e2e7270,f12b0e59,86e1a812,d22d48a9,79e1d9f5,e82e7b3,f40b4328,ce6b7bae,425b1d24,c0000
r3006228:300 w3102500:12720860 w3102504:1ae93221 w3102508:5519e8 w310250c:174ac2d3 w3102500:12720861
318,3,7b7bfb,1,b5ef5e70,100,1c70,42,18,0,fa6bb9c4,e6aefc3c,7aaf4542,44a9fde,8e2e7270,f12b0e59,86e1a812,d22d48a9,79e1d9f5,e82e7b3,f40b4328,ce6b7bae,425b1d24,c0000
0
---
remap 36
318,3,7b7bfb,1,3f19711e,1000,1c70,42,18,0,9eabcba1,94cf6aba,c42e1ca0,f8e76873,ba241696,a86517e0,6cdf1fd1,7b867235,c360fa34,4f199094,f4fb23c6,2347f2d3,6caf8dfe,c0000
r3006228:400 w3102500:12720860 w3102504:1ae93221 w3102508:5519e8 w310250c:174ac2d3 w3102500:12720861
318,3,7b7bfb,1,3f19711e,1000,1c70,42,18,0,9eabcba1,94cf6aba,c42e1ca0,f8e76873,ba241696,a86517e0,6cdf1fd1,7b867235,c360fa34,4f199094,f4fb23c6,2347f2d3,6caf8dfe,c0000
0
---
remap 37
318,3,7b7bfb,1,2169c619,1101,1c70,42,18,0,b71e4512,d0cd69f3,15bf60ec,e1648ed3,a96a46ac,629567d6,ba7037af,46ccd0fa,60cd6687,32254d5b,f8530c3c,14b6a7d8,4ca84809,c0000
r3006228:500 w3102500:12720860 w3102504:1ae93221 w3102508:5519e8 w310250c:174ac2d3 w3102500:12720861
318,3,7b7bfb,1,2169c619,1101,1c70,42,18,0,b71e4512,d0cd69f3,15bf60ec,e1648ed3,a96a46ac,629567d6,ba7037af,46ccd0fa,60cd6687,32254d5b,f8530c3c,14b6a7d8,4ca84809,c0000
0
---
remap 38
318,3,7b7bfb,1,4792c102,1,1c70,42,18,0,3aa0c8cd,75934e8d,733611da,8c17507a,ec99dba,19fbf155,3a47d860,809126a8,7f7f9721,f4d4abc8,4c7c1dfc,900be24c,eaa35419,c0000
r3006228:600 w3102500:12720860 w3102504:1ae93221 w3102508:5519e8 w310250c:174ac2d3 w3102500:12720861
318,3,7b7bfb,1,4792c102,1,1c70,42,18,0,3aa0c8cd,75934e8d,733611da,8c17507a,ec99dba,19fbf155,3a47d860,809126a8,7f7f9721,f4d4abc8,4c7c1dfc,900be24c,eaa35419,c0000
0
---
remap 39
318,3,7b7bfb,1,ef2bcaab,1100,1c70,42,18,0,fdaec44e,63563e6e,cb6e16b3,d25713cb,99a3bb57,3f6d6d0f,69553455,7b685e0f,b6a8d5cf,460c3c3d,a3597161,8ac1dbca,b0583de6,c0000
r3006228:700 w3102500:12720860 w3102504:1ae93221 w3102508:5519e8 w310250c:174ac2d3 w3102500:12720861
318,3,7b7bfb,1,ef2bcaab,1100,1c70,42,18,0,fdaec44e,63563e6e,cb6e16b3,d25713cb,99a3bb57,3f6d6d0f,69553455,7b685e0f,b6a8d5cf,460c3c3d,a3597161,8ac1dbca,b0583de6,c0000
0
---
remap 40
318,3,7b7bfb,1,d3c17334,0,1c70,42,18,0,f2df6035,3677a4a5,ebd05eb7,f148f456,50e3b412,7e7185c5,31b7ab97,65c8459f,6abea298,9dfe8107,cfc98abd,2b6cd554,a13614ae,c0000
r3006228:800 w3102500:12720860 w3102504:1ae93221 w3102508:5519e8 w310250c:174ac2d3 w3102500:12720861
318,3,7b7bfb,1,d3c17334,0,1c70,42,18,0,f2df6035,3677a4a5,ebd05eb7,f148f456,50e3b412,7e7185c5,31b7ab97,65c8459f,6abea298,9dfe8107,cfc98abd,2b6cd554,a13614ae,c0000
0
---
remap 41
318,3,7b7bfb,1,7b32fabb,1100,1c70,42,18,0,d53d50bd,aa84b6d2,946dd889,9ead6bde,4c81e71b,b30eb5b3,77087fcd,e6faae7c,6bc33fa0,c076d94a,a9dec607,299ea215,5ccc3f84,c0000
r3006228:900 w3102500:12720860 w3102504:1ae93221 w3102508:5519e8 w310250c:174ac2d3 w3102500:12720861
318,3,7b7bfb,1,7b32fabb,1100,1c70,42,18,0,d53d50bd,aa84b6d2,946dd889,9ead6bde,4c81e71b,b30eb5b3,77087fcd,e6faae7c,6bc33fa0,c076d94a,a9dec607,299ea215,5ccc3f84,c0000
0
---
remap 42
318,3,7b7bfb,1,7d27934,1001,1c70,42,18,0,a7637e08,de1c372f,cfd8984b,b8d9f935,464f6b5b,4936248,7a772101,8cc8a0f8,590cbabc,3d19e971,6fbc57bb,e1bb0b42,7f9a4d3,c0000
r3006228:a00 w3102500:12720860 w3102504:1ae93221 w3102508:5519e8 w310250c:174ac2d3 w3102500:12720861
318,3,7b7bfb,1,7d27934,1001,1c70,42,18,0,a7637e08,de1c372f,cfd8984b,b8d9f935,464f6b5b,4936248,7a772101,8cc8a0f8,590cbabc,3d19e971,6fbc57bb,e1bb0b42,7f9a4d3,c0000
0
---
remap 43
318,3,7b7bfb,1,3dadf2e8,100,1c70,42,18,0,900e5836,190f2327,561b1172,aa7a21d4,f684ad17,3e54521d,a05468eb,9fcfd575,c37a3d3,274e5a9b,84c72b83,fb16e776,87d7bcc3,c0000
r3006228:b00 w3102500:12720860 w3102504:1ae93221 w3102508:5519e8 w310250c:174ac2d3 w3102500:12720861
318,3,7b7bfb,1,3dadf2e8,100,1c70,42,18,0,900e5836,190f2327,561b1172,aa7a21d4,f684ad17,3e54521d,a05468eb,9fcfd575,c37a3d3,274e5a9b,84c72b83,fb16e776,87d7bcc3,c0000
0
---
remap 44
318,3,7b7bfb,1,e559dbb2,1000,1c70,42,18,0,4882cb35,326a54f5,c702a3d5,1d0661d2,898f0eb2,1cbbcddf,55a2de53,c11a1089,df74079a,dba61532,8c842b9e,fdcf5506,4ac206e6,c0000
r3006228:c00 w3102500:12720860 w3102504:1ae93221 w3102508:5519e8 w310250c:174ac2d3 w3102500:12720861
318,3,7b7bfb,1,e559dbb2,1000,1c70,42,18,0,4882cb35,326a54f5,c702a3d5,1d0661d2,898f0eb2,1cbbcddf,55a2de53,c11a1089,df74079a,dba61532,8c842b9e,fdcf5506,4ac206e6,c0000
0
---
remap 45
318,3,7b7bfb,1,d2447cb9,1101,1c70,42,18,0,bed9c258,998cd50d,8bd5502c,b8ddc6d8,4c534788,23c208e,c0ba7e05,a571b2ac,1ed4c8fd,bcd4f2ea,21d6a44c,7b1059e0,f7aea06b,c0000
r3006228:d00 w3102500:12720860 w3102504:1ae93221 w3102508:5519e8 w310250c:174ac2d3 w3102500:12720861
318,3,7b7bfb,1,d2447cb9,1101,1c70,42,18,0,bed9c258,998cd50d,8bd5502c,b8ddc6d8,4c534788,23c208e,c0ba7e05,a571b2ac,1ed4c8fd,bcd4f2ea,21d6a44c,7b1059e0,f7aea06b,c0000
0
---
remap 46
318,3,7b7bfb,1,3d776476,1,1c70,42,18,0,2e70cb69,2a164769,35b48ae6,665c7567,d7d4cac3,289da082,8efd0f56,681aa4cf,b3a52817,1e0a5fa1,b7476720,86f956de,f2a3bc78,c0000
r3006228:e00 w3102500:12720860 w3102504:1ae93221 w3102508:5519e8 w310250c:174ac2d3 w3102500:12720861
318,3,7b7bfb,1,3d776476,1,1c70,42,18,0,2e70cb69,2a164769,35b48ae6,665c7567,d7d4cac3,289da082,8efd0f56,681aa4cf,b3a52817,1e0a5fa1,b7476720,86f956de,f2a3bc78,c0000
0
---
remap 47
318,3,7b7bfb,1,b602ef1b,1100,1c70,42,18,0,a1c484b3,2ebad8d7,4fea6a7a,195917fa,b3dee3c6,5cbdee96,4b3ed3ff,c49f5b17,49afd50,4dc32b3d,54fbf74f,e2c3fe42,6bc822d,c0000
r3006228:f00 w3102500:12720860 w3102504:1ae93221 w3102508:5519e8 w310250c:174ac2d3 w3102500:12720861
318,3,7b7bfb,1,b602ef1b,1100,1c70,42,18,0,a1c484b3,2ebad8d7,4fea6a7a,195917fa,b3dee3c6,5cbdee96,4b3ed3ff,c49f5b17,49afd50,4dc32b3d,54fbf74f,e2c3fe42,6bc822d,c0000
0
---
remap 48
318,6,7b7bfb,1,ed22d6f2,0,1c70,42,18,0,493717c4,2e089d5a,bd0fd87c,c8ba0fef,ee792a38,89e4ac58,aa53a111,fa6b384d,c11a9350,8da0f4c0,c1733693,6ec5b987,1bc81af2,c0000
r3006228:0
318,6,7b7bfb,1,ed22d6f2,0,1c70,42,18,0,493717c4,2e089d5a,bd0fd87c,c8ba0fef,ee792a38,89e4ac58,aa53a111,fa6b384d,c11a9350,8da0f4c0,c1733693,6ec5b987,1bc81af2,c0000
0
---
remap 49
318,6,7b7bfb,1,83d2f947,1100,1c70,42,18,0,3f75a07f,304b3f17,f1ff7a3c,f3f288b4,e52a10c4,a2a0fe92,bbde4bef,96f41453,abc30f70,f0bfa54f,7663b860,175b67b1,50ad6273,c0000
r3006228:100
318,6,7b7bfb,1,83d2f947,1100,1c70,42,18,0,3f75a07f,304b3f17,f1ff7a3c,f3f288b4,e52a10c4,a2a0fe92,bbde4bef,96f41453,abc30f70,f0bfa54f,7663b860,175b67b1,50ad6273,c0000
0
---
remap 50
318,6,7b7bfb,1,165963e8,1001,1c70,42,18,0,37d8cb30,9574725f,df947fcc,65d30abe,a02eda1d,ea2736dc,2d2bcb9e,9d4ea394,cc8fcc15,85c42b76,2d633ba5,f02bdc17,549bf87c,c0000
r3006228:200
318,6,7b7bfb,1,165963e8,1001,1c70,42,18,0,37d8cb30,9574725f,df947fcc,65d30abe,a02eda1d,ea2736dc,2d2bcb9e,9d4ea394,cc8fcc15,85c42b76,2d633ba5,f02bdc17,549bf87c,c0000
0
---
remap 51
318,6,7b7bfb,1,829092bf,100,1c70,42,18,0,368b43ae,98d4dddc,df368030,4d6369ee,e8d7c218,ee168dc4,122c0589,bad018bf,5dd6450c,c2d1d78b,385f5c91,754633d4,f9433a96,c0000
r3006228:300
318,6,7b7bfb,1,829092bf,100,1c70,42,18,0,368b43ae,98d4dddc,df368030,4d6369ee,e8d7c218,ee168dc4,122c0589,bad018bf,5dd6450c,c2d1d78b,385f5c91,754633d4,f9433a96,c0000
0
---
remap 52
318,6,7b7bfb,1,d67b366,1000,1c70,42,18,0,44867db3,1651ddae,c4da537c,6840ff07,443cdef3,1b923e0a,d6a82a95,e6b4f832,dff4948f,9c47055,610e4ad5,8944897c,8ff41e8d,c0000
r3006228:400
318,6,7b7bfb,1,d67b366,1000,1c70,42,18,0,44867db3,1651ddae,c4da537c,6840ff07,443cdef3,1b923e0a,d6a82a95,e6b4f832,dff4948f,9c47055,610e4ad5,8944897c,8ff41e8d,c0000
0
---
remap 53
318,6,7b7bfb,1,f5f5ba41,1101,1c70,42,18,0,471e6c53,8c5a75dd,177f6dd,2d5514c4,f287c9bf,f72a5c49,f2d810d,6a8b5d22,478ab7bd,c99bede1,5d39ca12,816409d,51183073,c0000
r3006228:500
318,6,7b7bfb,1,f5f5ba41,1101,1c70,42,18,0,471e6c53,8c5a75dd,177f6dd,2d5514c4,f287c9bf,f72a5c49,f2d810d,6a8b5d22,478ab7bd,c99bede1,5d39ca12,816409d,51183073,c0000
0
---
remap 54
318,6,7b7bfb,1,e66a3733,1,1c70,42,18,0,3e2802d6,38f7e030,d413ffc6,cedc267a,99417427,4d0a73ee,913400e0,bcb7d9c4,2e6d3732,59df9f7c,269a25b5,9b85a888,4e57e501,c0000
r3006228:600
318,6,7b7bfb,1,e66a3733,1,1c70,42,18,0,3e2802d6,38f7e030,d413ffc6,cedc267a,99417427,4d0a73ee,913400e0,bcb7d9c4,2e6d3732,59df9f7c,269a25b5,9b85a888,4e57e501,c0000
0
---
remap 55
318,6,7b7bfb,1,929463a5,1100,1c70,42,18,0,f6a6b17,93fbfec3,98711d84,74d32c6f,3f5badd3,a5272f45,2cde10dc,78cae60d,e157421d,790a5302,3a9eda4b,28341703,ad65165f,c0000
r3006228:700
318,6,7b7bfb,1,929463a5,1100,1c70,42,18,0,f6a6b17,93fbfec3,98711d84,74d32c6f,3f5badd3,a5272f45,2cde10dc,78cae60d,e157421d,790a5302,3a9eda4b,28341703,ad65165f,c0000
0
---
remap 56
318,6,7b7bfb,1,b6951b3,0,1c70,42,18,0,e990bf36,9fb81994,949b7030,9065a872,d28fe89f,191b316d,60877be,7a3577d,44a968e8,f0ac05f8,33f9aaa7,687adef7,3a0a5295,c0000
r3006228:800
318,6,7b7bfb,1,b6951b3,0,1c70,42,18,0,e990bf36,9fb81994,949b7030,9065a872,d28fe89f,191b316d,60877be,7a3577d,44a968e8,f0ac05f8,33f9aaa7,687adef7,3a0a5295,c0000
0
---
remap 57
318,6,7b7bfb,1,f0a612e1,1100,1c70,42,18,0,d974b822,3c94f8e0,67d9849f,82f2681e,5d2d8167,2250963d,7bb2dae3,75dce9e,fc377c61,277a4c28,5190feda,a352a3c3,8a1d921c,c0000
r3006228:900
318,6,7b7bfb,1,f0a612e1,1100,1c70,42,18,0,d974b822,3c94f8e0,67d9849f,82f2681e,5d2d8167,2250963d,7bb2dae3,75dce9e,fc377c61,277a4c28,5190feda,a352a3c3,8a1d921c,c0000
0
---
remap 58
318,6,7b7bfb,1,960a80da,1001,1c70,42,18,0,de3720e8,c8330e01,853720c5,459481d2,bd205e0,e2660782,e994fca3,e36bbfe6,b1dc01d6,f48280a5,6617dd57,a1808a5c,398604aa,c0000
r3006228:a00
318,6,7b7bfb,1,960a80da,1001,1c70,42,18,0,de3720e8,c8330e01,853720c5,459481d2,bd205e0,e2660782,e994fca3,e36bbfe6,b1dc01d6,f48280a5,6617dd57,a1808a5c,398604aa,c0000
0
---
remap 59
318,6,7b7bfb,1,85102adc,100,1c70,42,18,0,6ceb3add,45f868ea,c8d611ab,bda4fb60,a902b8da,cc37aad3,70ada6b4,a5b1d8ef,757903e1,59da57b,5bbd9a94,3d717e3c,94c68137,c0000
r3006228:b00
318,6,7b7bfb,1,85102adc,100,1c70,42,18,0,6ceb3add,45f868ea,c8d611ab,bda4fb60,a902b8da,cc37aad3,70ada6b4,a5b1d8ef,757903e1,59da57b,5bbd9a94,3d717e3c,94c68137,c0000
0
---
remap 60
318,6,7b7bfb,1,50c05c5b,1000,1c70,42,18,0,5f58d8c0,c516171b,820c33d3,166c1a92,64951784,496d4a4d,458018c,63f611ae,c774292f,e54b0b88,1f8938a1,591c9fb9,90a6e586,c0000
r3006228:c00
318,6,7b7bfb,1,50c05c5b,1000,1c70,42,18,0,5f58d8c0,c516171b,820c33d3,166c1a92,64951784,496d4a4d,458018c,63f611ae,c774292f,e54b0b88,1f8938a1,591c9fb9,90a6e586,c0000
0
---
remap 61
318,6,7b7bfb,1,6994ef90,1101,1c70,42,18,0,27e0cad5,686079cb,fefa5bf,e5d37f21,2bc5ee24,e5e94b51,a9fd207,4e9e2e1b,1f5d5508,d93cd59a,c6ca90c2,f54efa85,cae662e8,c0000
r3006228:d00
318,6,7b7bfb,1,6994ef90,1101,1c70,42,18,0,27e0cad5,686079cb,fefa5bf,e5d37f21,2bc5ee24,e5e94b51,a9fd207,4e9e2e1b,1f5d5508,d93cd59a,c6ca90c2,f54efa85,cae662e8,c0000
0
---
remap 62
318,6,7b7bfb,1,7e6bd113,1,1c70,42,18,0,5abf980c,7b7b8bc4,52841ead,c4da1513,9d974c06,ceebf3cd,c592d50d,56b3c64a,e1bc7b12,8b8532ab,b190e24f,9ef42886,bdfcdf2b,c0000
r3006228:e00
318,6,7b7bfb,1,7e6bd113,1,1c70,42,18,0,5abf980c,7b7b8bc4,52841ead,c4da1513,9d974c06,ceebf3cd,c592d50d,56b3c64a,e1bc7b12,8b8532ab,b190e24f,9ef42886,bdfcdf2b,c0000
0
---
remap 63
318,6,7b7bfb,1,7bef34fb,1100,1c70,42,18,0,85ebc284,32e2795e,b9ce596f,fbdf866b,8ea6022c,e93a0c45,b8a12ab1,bf011acc,a35b139e,d5ee75d0,20725940,6e23220,a7c10ba4,c0000
r3006228:f00
318,6,7b7bfb,1,7bef34fb,1100,1c70,42,18,0,85ebc284,32e2795e,b9ce596f,fbdf866b,8ea6022c,e93a0c45,b8a12ab1,bf011acc,a35b139e,d5ee75d0,20725940,6e23220,a7c10ba4,c0000
0
---
core 0
210,2,7b7bfb,1,52e17fd9,0,1c70,42,18,0,822a87dc,9eba409f,cc73abe9,22bbed8,43d283ef,fb9c9161,27a004fd,d278fadc,c1b49f1b,ffbfc2cb,330344ef,436aecf3,1634dd0d,40010001
r2001540:fff85b54 w2001540:bff85b54 r200180c:8323e658 w200180c:8323e658 w200180c:8322e658 r2001800:16493214 w2001800:16493214 w2001800:16493214 w2001800:1e493214 da r2001010:3e330104 w2001010:fe302b04 w2001010:de302b04 w2001010:fe302b04 r2001010:fe302b04 d14 r2001010:fe302b04 w2001010:fe302b04 r2001800:1e493214 w2001800:9c493014 d64 w3102020:1 w3102024:0 w3102028:0 da r200180c:8322e658 w200180c:8323e658 r2001540:bff85b54 w2001540:fff85b54 r2001800:9c493014 w2001800:dc493014 d5 r200180c:8323e658 w200180c:8323e659 r2001800:dc493014 w2001800:dc493014 w2001800:dc493014 d5 w310300c:8000 da r3103110:acf3d604 w3103110:fb9c9161 r3102008:c20479c w3102008:c20609c r3102000:1e678a14 w3102000:1e421a14 r3102000:1e421a14 w3102000:1e4216c4 r3102000:1e4216c4 w3103120:201 r3102000:1e4216c4 w3102000:1e4216c4 r3102004:9505acd0 w3102004:950fbcd0 r3006228:800 w3103030:e73 w3103034:42 w3103038:0 w310303c:0 w310302c:0 w3103058:90e110c w310305c:20312 w3103060:3040408 w3103064:200c w3103068:6020304 w310306c:5050403 r3103078:bdc390ec w3103078:fdc36610 w3103080:2020101 w3103050:10933901 w3103054:21119c81 w3103090:410057 w3103094:200000 r310200c:84fe7e58 w310200c:84fe7107 r3103108:bd37049c w3103108:bd37039c r3103344:412b3c10 w3103344:412b0c00 r31033c4:5ee6c490 w31033c4:5ee60480 r3103208:f6b1f59c w3103208:f6b1f59e r3103310:1de47404 w3103310:1de4761e r3103314:94826ec0 w3103314:94826eda r3103318:13a0018c w3103318:13a0079e r310331c:8a7e3848 w310331c:8a7e3e5a r3103320:11cd334 w3103320:11cd73e r3103324:783af5f0 w3103324:783af7fa r3103328:f0d8ecbc w3103328:f0d8eebe r310332c:6ff68778 w310332c:6ff6877a r3103330:e694be24 w3103330:e694be3e r3103390:39a31c84 w3103390:39a31e84 r3103394:b0413740 w3103394:b0413f40 r3103398:2f1f2e0c w3103398:2f1f3e0c r310339c:a63dc0c8 w310339c:a63ddec8 r31033a0:1edbfbb4 w31033a0:1edbffb4 r31033a4:95f99270 w31033a4:95f99e70 r31033a8:c97b53c w31033a8:c97bf3c r31033ac:8bb5aff8 w31033ac:8bb5bff8 r31033b0:25046a4 w31033b0:2505ea4 r3103100:cf7b4b14 w3103100:cb7b4b14 r3103334:5db350e0 w3103334:5db354e8 r3103338:d4514bac w3103338:d4515fac r31033b4:796e7960 w31033b4:796e7d66 r31033b8:f00c102c w31033b8:f00c1c2e r310333c:536f6268 w310333c:576f6268 r31033bc:6f2a0ae8 w31033bc:6f2a0ae8 r3103100:cb7b4b14 w3103100:cf7b4b14 d1 r3103240:92935454 w3103240:92935e54 r3103244:9b14f10 w3103244:9b14f10 r3103248:804f61dc w3103248:804f6fdc r310324c:ff6d1898 w310324c:ff6d1e98 r3103250:760b3344 w3103250:760b3f44 r3103254:ed292a00 w3103254:ed292e00 r3103258:65c7cccc w3103258:65c7cecc r310325c:dce5e788 w310325c:dce5ef88 r3103260:5b839e74 w3103260:5b839e74 r3103264:d2a1b130 w3103264:d2a1bf30 r3103268:497fabfc w3103268:497faffc r310326c:c01a42b8 w310326c:c01a4eb8 r3103270:3f386564 w3103270:3f386f64 r3103274:b7d61c20 w3103274:b7d61e20 r3103278:2ef436ec w3103278:2ef43eec r3103228:bf5e3fbc w3103228:bf5e3fbc r310322c:367cd678 w310322c:367cde78 r3103230:ad1ac924 w3103230:ad1acf24 r3103234:2438e3e0 w3103234:2438efe0 r3103238:9cd69aac w3103238:9cd69eac r310323c:1bf4bd68 w310323c:1bf4bf68 r3103218:da26508c w3103218:da265f8c r310321c:52c44b48 w310321c:52c44f48 r3103280:1cb0c094 w3103280:1cb0c494 r3103108:bd37039c w3103108:bd37039c da r3103108:bd37039c w3103108:bd3703dc r31030c0:3d5dded4 w31030c0:31003087 r70005d4:0 r3103140:5918e754 w3103140:5a7b7bfb r70005d4:0 w3103000:172 w3103000:173 da r3103010:1 r70005d4:0 r3103010:1 r3103018:1 r310308c:181616d8 w310308c:981616d8 da r310308c:981616d8 w310308c:181616d8 da r3102014:7aba0bc0 w3102014:faba0bc0 da r310310c:35d53f58 w310310c:31d53f58
210,2,7b7bfb,1,52e17fd9,0,e73,42,0,0,471992,131a10c,57041,22bbed8,43d283ef,fb9c9161,27a004fd,d278fadc,c1b49f1b,ffbfc2cb,330344ef,436aecf3,1634dd0d,40010001
1
---
core 1
318,3,7b7bfb,1,12cc16df,1100,1c70,42,18,0,c83edd41,98281a61,bd0558b4,fd4c656d,2faf2cea,580f5876,b2ec7273,8b41e63b,9eaa87fd,5fd4c654,4e93127a,bd56968c,b7bf3ce8,4050100
r2001540:808c09a3 w2001540:808c09a3 r200180c:fc57b4af w200180c:fc57b4ae w200180c:fc56b4ae r2001800:693d60e3 w2001800:293d60e3 w2001800:293d60e3 w2001800:293d60e3 da r2001010:514753f3 w2001010:d14041f0 w2001010:d14041f0 w2001010:f14041f0 r2001010:f14041f0 d14 r2001010:f14041f0 w2001010:f94041f0 r2001800:293d60e3 w2001800:a83d60e0 d64 w3102020:1 w3102024:0 w3102028:0 da r200180c:fc56b4ae w200180c:fc57b4ae r2001540:808c09a3 w2001540:c08c09a3 r2001800:a83d60e0 w2001800:e83d60e0 d5 r200180c:fc57b4ae w200180c:fc57b4af r2001800:e83d60e0 w2001800:e83d60e0 w2001800:e83d60e0 d5 w310300c:8000 da r3103110:d38784f3 w3103110:d88fd8f6 r3102008:7354156b w3102008:7354206b r3102000:6113d8e3 w3102000:614318e3 r3102000:614318e3 w3102000:614316c5 r3102004:ea71fe27 w3102004:ea71f6b5 r3102000:614316c5 w3103120:303 r3102000:614316c5 w3102000:654316c5 r3102004:ea71f6b5 w3102004:ea73f6b5 r3006228:800 w3102500:12720860 w3102504:1ae93221 w3102508:5519e8 w310250c:174ac2d3 w3102500:12720861 w3103030:1c70 w3103034:42 w3103038:18 w310303c:0 w310302c:0 w3103058:c141a10 w310305c:40415 w3103060:406050a w3103064:400c w3103068:6020406 w310306c:5050403 r3103078:c2b7c21b w3103078:f2b76610 w3103080:2040102 w3103050:11e60ae1 w3103054:31926ac1 w3103090:61008b w3103094:300000 r310200c:fb8a2caf w310200c:fb8a218b r3103108:c243566b w3103108:c243536b r3103344:3e5f6ee7 w3103344:3e5f0cc1 r31033c4:21929667 w31033c4:21920441 r3103208:89c5a76b w3103208:89c5a76b r3103310:629026f3 w3103310:62903ef3 r3103314:ebf63c37 w3103314:ebf63c37 r3103318:6cd4537b w3103318:6cd45b7b r310331c:f50a6abf w310331c:f50a7abf r3103320:7e6881c3 w3103320:7e6899d3 r3103324:74ea707 w3103324:74ebf17 r3103328:8facbe4b w3103328:8facbe5b r310332c:1082d58f w310332c:1082dd9f r3103330:99e0ecd3 w3103330:99e0fcd3 r3103390:46d74e73 w3103390:46d75e7f r3103394:cf3565b7 w3103394:cf3575bf r3103398:506b7cfb w3103398:506b7cff r310339c:d949923f w310339c:d949923f r31033a0:61afa943 w31033a0:61afb95f r31033a4:ea8dc087 w31033a4:ea8dd09f r31033a8:73e3e7cb w31033a8:73e3f7df r31033ac:f4c1fd0f w31033ac:f4c1fd1f r31033b0:7d241453 w31033b0:7d24145f r3103100:b00f19e3 w3103100:b00f19e3 r3103334:22c70217 w3103334:22c70e1f r3103338:ab25195b w3103338:ab251d5f r31033b4:61a2b97 w31033b4:61a2b97 r31033b8:8f7842db w31033b8:8f784adf r310333c:2c1b309f w310333c:2c1b309f r31033bc:105e581f w31033bc:1a5e581f r3103100:b00f19e3 w3103100:b40f19e3 d1 r3103240:ede706a3 w3103240:ede707a3 r3103244:76c51de7 w3103244:76c51fe7 r3103248:ff3b332b w3103248:ff3b372b r310324c:80194a6f w310324c:80194f6f r3103250:97f61b3 w3103250:97f67b3 r3103254:925d78f7 w3103254:925d7ff7 r3103258:1ab39e3b w3103258:1ab39f3b r310325c:a391b57f w310325c:a391b77f r3103260:24f7cc83 w3103260:24f7cf83 r3103264:add5e3c7 w3103264:add5e7c7 r3103268:360bf90b w3103268:360bff0b r310326c:bf6e104f w310326c:bf6e174f r3103270:404c3793 w3103270:404c3793 r3103274:c8a24ed7 w3103274:c8a24fd7 r3103278:5180641b w3103278:5180671b r3103228:c02a6d4b w3103228:c02a6f4b r310322c:4908848f w310322c:4908878f r3103230:d26e9bd3 w3103230:d26e9fd3 r3103234:5b4cb117 w3103234:5b4cb717 r3103238:e3a2c85b w3103238:e3a2cf5b r310323c:6480ef9f w310323c:6480ef9f r3103218:a552027b w3103218:a5520a7b r310321c:2db019bf w310321c:2db01bbf r3103280:63c49263 w3103280:63c49363 r3103108:c243536b w3103108:c243532b da r3103108:c243532b w3103108:c24353eb r31030c0:42298c23 w31030c0:43000001 r70005d4:0 r3103140:266cb5a3 w3103140:267b7bfb r70005d4:0 w3103000:1f2 w3103000:1f3 da r3103010:1 r70005d4:0 r3103010:1 r3103018:1 r310308c:6762442f w310308c:e762442f da r310308c:e762442f w310308c:6762442f da r3102014:5ce5937 w3102014:85ce5937 da r310310c:4aa16daf w310310c:48a16daf
318,3,7b7bfb,1,12cc16df,1100,1c70,42,18,0,4a2195,2423190,8b061,fd4c656d,2faf2cea,580f5876,b2ec7273,8b41e63b,9eaa87fd,5fd4c654,4e93127a,bd56968c,b7bf3ce8,4050100
1
---
core 2
330,3,7b7bfb,1,47a1fca7,1001,1c70,42,18,0,1f492fba,808c46a6,7aeff54e,906bfdc1,2ee2002f,760198b7,4c3396cf,96345e04,12d9b29d,7cbb5a6d,677de7c6,84950c16,80212c26,34000100
r2001540:fb4b6d6 w2001540:fb4b6d6 r200180c:736f0bda w200180c:736f0bda w200180c:736e0bda r2001800:e605df96 w2001800:a605df96 w2001800:2605df96 w2001800:2e05df96 da r2001010:de7fec86 w2001010:de784384 w2001010:de784384 w2001010:fe784384 r2001010:fe784384 d14 r2001010:fe784384 w2001010:fe784384 r2001800:2e05df96 w2001800:ac05dc94 d64 w3102020:1 w3102024:0 w3102028:0 da r200180c:736e0bda w200180c:736f0bda r2001540:fb4b6d6 w2001540:4fb4b6d6 r2001800:ac05dc94 w2001800:ec05dc94 d5 r200180c:736f0bda w200180c:736f0bdb r2001800:ec05dc94 w2001800:ec05dc94 w2001800:ec05dc94 d5 w310300c:8000 da r3103110:5cbf3b86 w3103110:768198b7 r3103114:dbdd2542 w3103114:dbdd254f r3102008:fc6caa1e w3102008:fc6ca01e r3102000:ee2b6796 w3102000:ee430796 r3102000:ee430796 w3102000:ee430695 r3102000:ee430695 w3103120:303 w31033c4:0 r3102000:ee430695 w3102000:ee430695 r3102004:65494152 w3102004:6549f152 r3006228:800 w3102500:1071a480 w3102504:14613432 w3102508:31c5 w310250c:2cb9d235 w3102500:1071a481 w3103030:1e14 w3103034:42 w3103038:20 w310303c:0 w310302c:0 w3103058:e0f1b0e w310305c:30414 w3103060:507050b w3103064:400c w3103068:6020306 w310306c:5050403 r3103078:4d8f7d6e w3103078:fd8f7610 w3103080:2050103 w3103050:126639c1 w3103054:33127d81 w3103090:64008f w3103094:320000 r310200c:74b293da w310200c:74b29197 r3103108:4d7be91e w3103108:4d7be31e r3103344:b167d192 w3103344:b1670580 r31033c4:0 w31033c4:400 r3103208:6fd181e w3103208:6fd181e r3103310:eda89986 w3103310:eda89d8e r3103314:64ce8342 w3103314:64ce8f4e r3103318:e3ecec0e w3103318:e3ecec0e r310331c:7a32d5ca w310331c:7a32ddce r3103320:f1503eb6 w3103320:f1503ebe r3103324:88761872 w3103324:88761c7e r3103328:94013e w3103328:940d3e r310332c:9fba6afa w310332c:9fba6efe r3103330:16d853a6 w3103330:16d85fae r3103390:c9eff106 w3103390:c9eff306 r3103394:400ddac2 w3103394:400ddac6 r3103398:df53c38e w3103398:df53c38e r310339c:56712d4a w310339c:56712f4e r31033a0:ee971636 w31033a0:ee971636 r31033a4:65b57ff2 w31033a4:65b57ff6 r31033a8:fcdb58be w31033a8:fcdb5abe r31033ac:7bf9427a w31033ac:7bf9427e r31033b0:f21cab26 w31033b0:f21cab26 r3103100:3f37a696 w3103100:3b37a696 r3103334:adffbd62 w3103334:adffbf62 r3103338:241da62e w3103338:241dae2e r31033b4:892294e2 w31033b4:892296e6 r31033b8:40fdae w31033b8:40ffae r310333c:a3238fea w310333c:ab238fea r31033bc:9f66e76a w31033bc:9f66e76a r3103100:3b37a696 w3103100:3f37a696 d1 r3103240:62dfb9d6 w3103240:62dfbdd6 r3103244:f9fda292 w3103244:f9fdae92 r3103248:70038c5e w3103248:70038c5e r310324c:f21f51a w310324c:f21fd1a r3103250:8647dec6 w3103250:8647dec6 r3103254:1d65c782 w3103254:1d65cf82 r3103258:958b214e w3103258:958b2d4e r310325c:2ca90a0a w310325c:2ca90e0a r3103260:abcf73f6 w3103260:abcf7ff6 r3103264:22ed5cb2 w3103264:22ed5cb2 r3103268:b933467e w3103268:b9334e7e r310326c:3056af3a w310326c:3056af3a r3103270:cf7488e6 w3103270:cf748ce6 r3103274:479af1a2 w3103274:479afda2 r3103278:deb8db6e w3103278:deb8df6e r3103228:4f12d23e w3103228:4f12de3e r310322c:c6303bfa w310322c:c6303ffa r3103230:5d5624a6 w3103230:5d562ca6 r3103234:d4740e62 w3103234:d4740e62 r3103238:6c9a772e w3103238:6c9a7f2e r310323c:ebb850ea w310323c:ebb85cea r3103218:2a6abd0e w3103218:2a6abf0e r310321c:a288a6ca w310321c:a288a7ca r3103280:ecfc2d16 w3103280:ecfc2f16 r3103108:4d7be31e w3103108:4d7be31e da r3103108:4d7be31e w3103108:4d7be3de r31030c0:cd113356 w31030c0:c3000001 r70005d4:0 r3103140:a9540ad6 w3103140:aa7b7bfb r70005d4:0 w3103000:1f2 w3103000:1f3 da r3103010:1 r70005d4:0 r3103010:1 r3103018:1 r310308c:e85afb5a w310308c:e85afb5a da r310308c:e85afb5a w310308c:685afb5a da r3102014:8af6e642 w3102014:8af6e642 da r310310c:c599d2da w310310c:c199d2da
330,3,7b7bfb,1,47a1fca7,1001,1e14,42,20,0,479994,1c2398e,8f064,906bfdc1,2ee2002f,760198b7,4c3396cf,96345e04,12d9b29d,7cbb5a6d,677de7c6,84950c16,80212c26,34000100
1
---
scan_size 0
210,2,7b7bfb,1,52e17fd9,0,1c70,42,18,0,822a87dc,9eba409f,cc73abe9,22bbed8,43d283ef,fb9c9161,27a004fd,d278fadc,c1b49f1b,ffbfc2cb,330344ef,436aecf3,1634dd0d,40010001
r2001540:fff85b54 w2001540:bff85b54 r200180c:8323e658 w200180c:8323e658 w200180c:8322e658 r2001800:16493214 w2001800:16493214 w2001800:16493214 w2001800:1e493214 da r2001010:3e330104 w2001010:fe302b04 w2001010:de302b04 w2001010:fe302b04 r2001010:fe302b04 d14 r2001010:fe302b04 w2001010:fe302b04 r2001800:1e493214 w2001800:9c493014 d64 w3102020:1 w3102024:0 w3102028:0 da r200180c:8322e658 w200180c:8323e658 r2001540:bff85b54 w2001540:fff85b54 r2001800:9c493014 w2001800:dc493014 d5 r200180c:8323e658 w200180c:8323e659 r2001800:dc493014 w2001800:dc493014 w2001800:dc493014 d5 w310300c:8000 da r3103110:acf3d604 w3103110:fb9c9161 r3102008:c20479c w3102008:c20609c r3102000:1e678a14 w3102000:1e421a14 r3102000:1e421a14 w3102000:1e4216c4 r3102000:1e4216c4 w3103120:201 r3102000:1e4216c4 w3102000:1e4216c4 r3102004:9505acd0 w3102004:950fbcd0 r3006228:800 w3103030:e73 w3103034:42 w3103038:0 w310303c:0 w310302c:0 w3103058:90e110c w310305c:20312 w3103060:3040408 w3103064:200c w3103068:6020304 w310306c:5050403 r3103078:bdc390ec w3103078:fdc36610 w3103080:2020101 w3103050:10933901 w3103054:21119c81 w3103090:410057 w3103094:200000 r310200c:84fe7e58 w310200c:84fe7107 r3103108:bd37049c w3103108:bd37039c r3103344:412b3c10 w3103344:412b0c00 r31033c4:5ee6c490 w31033c4:5ee60480 r3103208:f6b1f59c w3103208:f6b1f59e r3103310:1de47404 w3103310:1de4761e r3103314:94826ec0 w3103314:94826eda r3103318:13a0018c w3103318:13a0079e r310331c:8a7e3848 w310331c:8a7e3e5a r3103320:11cd334 w3103320:11cd73e r3103324:783af5f0 w3103324:783af7fa r3103328:f0d8ecbc w3103328:f0d8eebe r310332c:6ff68778 w310332c:6ff6877a r3103330:e694be24 w3103330:e694be3e r3103390:39a31c84 w3103390:39a31e84 r3103394:b0413740 w3103394:b0413f40 r3103398:2f1f2e0c w3103398:2f1f3e0c r310339c:a63dc0c8 w310339c:a63ddec8 r31033a0:1edbfbb4 w31033a0:1edbffb4 r31033a4:95f99270 w31033a4:95f99e70 r31033a8:c97b53c w31033a8:c97bf3c r31033ac:8bb5aff8 w31033ac:8bb5bff8 r31033b0:25046a4 w31033b0:2505ea4 r3103100:cf7b4b14 w3103100:cb7b4b14 r3103334:5db350e0 w3103334:5db354e8 r3103338:d4514bac w3103338:d4515fac r31033b4:796e7960 w31033b4:796e7d66 r31033b8:f00c102c w31033b8:f00c1c2e r310333c:536f6268 w310333c:576f6268 r31033bc:6f2a0ae8 w31033bc:6f2a0ae8 r3103100:cb7b4b14 w3103100:cf7b4b14 d1 r3103240:92935454 w3103240:92935e54 r3103244:9b14f10 w3103244:9b14f10 r3103248:804f61dc w3103248:804f6fdc r310324c:ff6d1898 w310324c:ff6d1e98 r3103250:760b3344 w3103250:760b3f44 r3103254:ed292a00 w3103254:ed292e00 r3103258:65c7cccc w3103258:65c7cecc r310325c:dce5e788 w310325c:dce5ef88 r3103260:5b839e74 w3103260:5b839e74 r3103264:d2a1b130 w3103264:d2a1bf30 r3103268:497fabfc w3103268:497faffc r310326c:c01a42b8 w310326c:c01a4eb8 r3103270:3f386564 w3103270:3f386f64 r3103274:b7d61c20 w3103274:b7d61e20 r3103278:2ef436ec w3103278:2ef43eec r3103228:bf5e3fbc w3103228:bf5e3fbc r310322c:367cd678 w310322c:367cde78 r3103230:ad1ac924 w3103230:ad1acf24 r3103234:2438e3e0 w3103234:2438efe0 r3103238:9cd69aac w3103238:9cd69eac r310323c:1bf4bd68 w310323c:1bf4bf68 r3103218:da26508c w3103218:da265f8c r310321c:52c44b48 w310321c:52c44f48 r3103280:1cb0c094 w3103280:1cb0c494 r3103108:bd37039c w3103108:bd37039c da r3103108:bd37039c w3103108:bd3703dc r31030c0:3d5dded4 w31030c0:31003087 r70005d4:0 r3103140:5918e754 w3103140:5a7b7bfb r70005d4:0 w3103000:172 w3103000:173 da r3103010:1 r70005d4:0 r3103010:1 r3103018:1 r310308c:181616d8 w310308c:981616d8 da r310308c:981616d8 w310308c:181616d8 da r3102014:7aba0bc0 w3102014:faba0bc0 da r310310c:35d53f58 w310310c:31d53f58 w40000000:bfffffff w40000004:40000004 w40000008:bffffff7 w4000000c:4000000c w40000010:bfffffef w40000014:40000014 w40000018:bfffffe7 w4000001c:4000001c w40000020:bfffffdf w40000024:40000024 w40000028:bfffffd7 w4000002c:4000002c w40000030:bfffffcf w40000034:40000034 w40000038:bfffffc7 w4000003c:4000003c w40000040:bfffffbf w40000044:40000044 w40000048:bfffffb7 w4000004c:4000004c w40000050:bfffffaf w40000054:40000054 w40000058:bfffffa7 w4000005c:4000005c w40000060:bfffff9f w40000064:40000064 w40000068:bfffff97 w4000006c:4000006c w40000070:bfffff8f w40000074:40000074 w40000078:bfffff87 w4000007c:4000007c w40000080:bfffff7f w40000084:40000084 w40000088:bfffff77 w4000008c:4000008c w40000090:bfffff6f w40000094:40000094 w40000098:bfffff67 w4000009c:4000009c w400000a0:bfffff5f w400000a4:400000a4 w400000a8:bfffff57 w400000ac:400000ac w400000b0:bfffff4f w400000b4:400000b4 w400000b8:bfffff47 w400000bc:400000bc w400000c0:bfffff3f w400000c4:400000c4 w400000c8:bfffff37 w400000cc:400000cc w400000d0:bfffff2f w400000d4:400000d4 w400000d8:bfffff27 w400000dc:400000dc w400000e0:bfffff1f w400000e4:400000e4 w400000e8:bfffff17 w400000ec:400000ec w400000f0:bfffff0f w400000f4:400000f4 w400000f8:bfffff07 w400000fc:400000fc r3102000:1e4216c4 w3102000:1e4216f0 r3102000:1e4216f0 r40400000:2f61aa14 r40800000:9ba1aa14 r41000000:7221aa14 r42000000:2121aa14 r44000000:8721aa14 r48000000:4b21aa14 r3102000:1e4216f0 w3102000:1e4216a4 r3102000:1e4216a4 r40000800:78ec2214 r3102000:1e4216a4 w3102000:1e421aa0 r3102000:1e421aa0 r40000200:2dd2c814 r40000400:9ec76e14 r40000800:78ec2214 r40001000:34baba14 r40002000:ac178a14
210,2,7b7bfb,1,52e11108,0,e73,42,0,0,471992,131a10c,57041,22bbed8,43d283ef,fb9c9161,27a004fd,d278fadc,c1b49f1b,ffbfc2cb,330344ef,436aecf3,1634dd0d,40010001
1
---
scan_size 1
318,3,7b7bfb,1,12cc16df,1100,1c70,42,18,0,c83edd41,98281a61,bd0558b4,fd4c656d,2faf2cea,580f5876,b2ec7273,8b41e63b,9eaa87fd,5fd4c654,4e93127a,bd56968c,b7bf3ce8,4050100
r2001540:808c09a3 w2001540:808c09a3 r200180c:fc57b4af w200180c:fc57b4ae w200180c:fc56b4ae r2001800:693d60e3 w2001800:293d60e3 w2001800:293d60e3 w2001800:293d60e3 da r2001010:514753f3 w2001010:d14041f0 w2001010:d14041f0 w2001010:f14041f0 r2001010:f14041f0 d14 r2001010:f14041f0 w2001010:f94041f0 r2001800:293d60e3 w2001800:a83d60e0 d64 w3102020:1 w3102024:0 w3102028:0 da r200180c:fc56b4ae w200180c:fc57b4ae r2001540:808c09a3 w2001540:c08c09a3 r2001800:a83d60e0 w2001800:e83d60e0 d5 r200180c:fc57b4ae w200180c:fc57b4af r2001800:e83d60e0 w2001800:e83d60e0 w2001800:e83d60e0 d5 w310300c:8000 da r3103110:d38784f3 w3103110:d88fd8f6 r3102008:7354156b w3102008:7354206b r3102000:6113d8e3 w3102000:614318e3 r3102000:614318e3 w3102000:614316c5 r3102004:ea71fe27 w3102004:ea71f6b5 r3102000:614316c5 w3103120:303 r3102000:614316c5 w3102000:654316c5 r3102004:ea71f6b5 w3102004:ea73f6b5 r3006228:800 w3102500:12720860 w3102504:1ae93221 w3102508:5519e8 w310250c:174ac2d3 w3102500:12720861 w3103030:1c70 w3103034:42 w3103038:18 w310303c:0 w310302c:0 w3103058:c141a10 w310305c:40415 w3103060:406050a w3103064:400c w3103068:6020406 w310306c:5050403 r3103078:c2b7c21b w3103078:f2b76610 w3103080:2040102 w3103050:11e60ae1 w3103054:31926ac1 w3103090:61008b w3103094:300000 r310200c:fb8a2caf w310200c:fb8a218b r3103108:c243566b w3103108:c243536b r3103344:3e5f6ee7 w3103344:3e5f0cc1 r31033c4:21929667 w31033c4:21920441 r3103208:89c5a76b w3103208:89c5a76b r3103310:629026f3 w3103310:62903ef3 r3103314:ebf63c37 w3103314:ebf63c37 r3103318:6cd4537b w3103318:6cd45b7b r310331c:f50a6abf w310331c:f50a7abf r3103320:7e6881c3 w3103320:7e6899d3 r3103324:74ea707 w3103324:74ebf17 r3103328:8facbe4b w3103328:8facbe5b r310332c:1082d58f w310332c:1082dd9f r3103330:99e0ecd3 w3103330:99e0fcd3 r3103390:46d74e73 w3103390:46d75e7f r3103394:cf3565b7 w3103394:cf3575bf r3103398:506b7cfb w3103398:506b7cff r310339c:d949923f w310339c:d949923f r31033a0:61afa943 w31033a0:61afb95f r31033a4:ea8dc087 w31033a4:ea8dd09f r31033a8:73e3e7cb w31033a8:73e3f7df r31033ac:f4c1fd0f w31033ac:f4c1fd1f r31033b0:7d241453 w31033b0:7d24145f r3103100:b00f19e3 w3103100:b00f19e3 r3103334:22c70217 w3103334:22c70e1f r3103338:ab25195b w3103338:ab251d5f r31033b4:61a2b97 w31033b4:61a2b97 r31033b8:8f7842db w31033b8:8f784adf r310333c:2c1b309f w310333c:2c1b309f r31033bc:105e581f w31033bc:1a5e581f r3103100:b00f19e3 w3103100:b40f19e3 d1 r3103240:ede706a3 w3103240:ede707a3 r3103244:76c51de7 w3103244:76c51fe7 r3103248:ff3b332b w3103248:ff3b372b r310324c:80194a6f w310324c:80194f6f r3103250:97f61b3 w3103250:97f67b3 r3103254:925d78f7 w3103254:925d7ff7 r3103258:1ab39e3b w3103258:1ab39f3b r310325c:a391b57f w310325c:a391b77f r3103260:24f7cc83 w3103260:24f7cf83 r3103264:add5e3c7 w3103264:add5e7c7 r3103268:360bf90b w3103268:360bff0b r310326c:bf6e104f w310326c:bf6e174f r3103270:404c3793 w3103270:404c3793 r3103274:c8a24ed7 w3103274:c8a24fd7 r3103278:5180641b w3103278:5180671b r3103228:c02a6d4b w3103228:c02a6f4b r310322c:4908848f w310322c:4908878f r3103230:d26e9bd3 w3103230:d26e9fd3 r3103234:5b4cb117 w3103234:5b4cb717 r3103238:e3a2c85b w3103238:e3a2cf5b r310323c:6480ef9f w310323c:6480ef9f r3103218:a552027b w3103218:a5520a7b r310321c:2db019bf w310321c:2db01bbf r3103280:63c49263 w3103280:63c49363 r3103108:c243536b w3103108:c243532b da r3103108:c243532b w3103108:c24353eb r31030c0:42298c23 w31030c0:43000001 r70005d4:0 r3103140:266cb5a3 w3103140:267b7bfb r70005d4:0 w3103000:1f2 w3103000:1f3 da r3103010:1 r70005d4:0 r3103010:1 r3103018:1 r310308c:6762442f w310308c:e762442f da r310308c:e762442f w310308c:6762442f da r3102014:5ce5937 w3102014:85ce5937 da r310310c:4aa16daf w310310c:48a16daf w40000000:bfffffff w40000004:40000004 w40000008:bffffff7 w4000000c:4000000c w40000010:bfffffef w40000014:40000014 w40000018:bfffffe7 w4000001c:4000001c w40000020:bfffffdf w40000024:40000024 w40000028:bfffffd7 w4000002c:4000002c w40000030:bfffffcf w40000034:40000034 w40000038:bfffffc7 w4000003c:4000003c w40000040:bfffffbf w40000044:40000044 w40000048:bfffffb7 w4000004c:4000004c w40000050:bfffffaf w40000054:40000054 w40000058:bfffffa7 w4000005c:4000005c w40000060:bfffff9f w40000064:40000064 w40000068:bfffff97 w4000006c:4000006c w40000070:bfffff8f w40000074:40000074 w40000078:bfffff87 w4000007c:4000007c w40000080:bfffff7f w40000084:40000084 w40000088:bfffff77 w4000008c:4000008c w40000090:bfffff6f w40000094:40000094 w40000098:bfffff67 w4000009c:4000009c w400000a0:bfffff5f w400000a4:400000a4 w400000a8:bfffff57 w400000ac:400000ac w400000b0:bfffff4f w400000b4:400000b4 w400000b8:bfffff47 w400000bc:400000bc w400000c0:bfffff3f w400000c4:400000c4 w400000c8:bfffff37 w400000cc:400000cc w400000d0:bfffff2f w400000d4:400000d4 w400000d8:bfffff27 w400000dc:400000dc w400000e0:bfffff1f w400000e4:400000e4 w400000e8:bfffff17 w400000ec:400000ec w400000f0:bfffff0f w400000f4:400000f4 w400000f8:bfffff07 w400000fc:400000fc r3102000:654316c5 w3102000:654316f1 r3102000:654316f1 r40400000:5015f8e3 r40800000:e4d5f8e3 r41000000:d55f8e3 r42000000:5e55f8e3 r44000000:f855f8e3 r48000000:3455f8e3 r3102000:654316f1 w3102000:654316a5 r3102000:654316a5 r40000800:79870e3 r3102000:654316a5 w3102000:65431aa1 r3102000:65431aa1 r40000200:52a69ae3 r40000400:e1b33ce3 r40000800:79870e3 r40001000:4bcee8e3 r40002000:d363d8e3 r3102000:65431aa1 w3102000:654316f1 r3102004:ea73f6b5 w3102004:ea73f6f1 w48000000:b7ffffff w48000004:48000004 w48000008:b7fffff7 w4800000c:4800000c w48000010:b7ffffef w48000014:48000014 w48000018:b7ffffe7 w4800001c:4800001c w48000020:b7ffffdf w48000024:48000024 w48000028:b7ffffd7 w4800002c:4800002c w48000030:b7ffffcf w48000034:48000034 w48000038:b7ffffc7 w4800003c:4800003c w48000040:b7ffffbf w48000044:48000044 w48000048:b7ffffb7 w4800004c:4800004c w48000050:b7ffffaf w48000054:48000054 w48000058:b7ffffa7 w4800005c:4800005c w48000060:b7ffff9f w48000064:48000064 w48000068:b7ffff97 w4800006c:4800006c w48000070:b7ffff8f w48000074:48000074 w48000078:b7ffff87 w4800007c:4800007c w48000080:b7ffff7f w48000084:48000084 w48000088:b7ffff77 w4800008c:4800008c w48000090:b7ffff6f w48000094:48000094 w48000098:b7ffff67 w4800009c:4800009c w480000a0:b7ffff5f w480000a4:480000a4 w480000a8:b7ffff57 w480000ac:480000ac w480000b0:b7ffff4f w480000b4:480000b4 w480000b8:b7ffff47 w480000bc:480000bc w480000c0:b7ffff3f w480000c4:480000c4 w480000c8:b7ffff37 w480000cc:480000cc w480000d0:b7ffff2f w480000d4:480000d4 w480000d8:b7ffff27 w480000dc:480000dc w480000e0:b7ffff1f w480000e4:480000e4 w480000e8:b7ffff17 w480000ec:480000ec w480000f0:b7ffff0f w480000f4:480000f4 w480000f8:b7ffff07 w480000fc:480000fc r3102004:ea73f6f1 w3102004:ea73f6f1 r3102004:ea73f6f1 r48400000:c815f8e3 r48800000:5cd5f8e3 r49000000:8555f8e3 r4a000000:d655f8e3 r4c000000:7055f8e3 r50000000:ac55f8e3 r3102000:654316f1 w3102000:654316a5 r3102004:ea73f6f1 w3102004:ea73f6a5 r3102004:ea73f6a5 r40800800:281870e3 r3102000:654316a5 w3102000:65431aa1 r3102004:ea73f6a5 w3102004:ea73faa1 r3102004:ea73faa1 r44000200:8ea69ae3 r44000400:1db33ce3 r44000800:439870e3 r44001000:87cee8e3 r44002000:f63d8e3
318,3,7b7bfb,1,11081108,1000,1c70,42,18,0,4a2195,2423190,8b061,fd4c656d,2faf2cea,580f5876,b2ec7273,8b41e63b,9eaa87fd,5fd4c654,4e93127a,bd56968c,b7bf3ce8,4050100
1
---
scan_size 2
330,3,7b7bfb,1,47a1fca7,1001,1c70,42,18,0,1f492fba,808c46a6,7aeff54e,906bfdc1,2ee2002f,760198b7,4c3396cf,96345e04,12d9b29d,7cbb5a6d,677de7c6,84950c16,80212c26,34000100
r2001540:fb4b6d6 w2001540:fb4b6d6 r200180c:736f0bda w200180c:736f0bda w200180c:736e0bda r2001800:e605df96 w2001800:a605df96 w2001800:2605df96 w2001800:2e05df96 da r2001010:de7fec86 w2001010:de784384 w2001010:de784384 w2001010:fe784384 r2001010:fe784384 d14 r2001010:fe784384 w2001010:fe784384 r2001800:2e05df96 w2001800:ac05dc94 d64 w3102020:1 w3102024:0 w3102028:0 da r200180c:736e0bda w200180c:736f0bda r2001540:fb4b6d6 w2001540:4fb4b6d6 r2001800:ac05dc94 w2001800:ec05dc94 d5 r200180c:736f0bda w200180c:736f0bdb r2001800:ec05dc94 w2001800:ec05dc94 w2001800:ec05dc94 d5 w310300c:8000 da r3103110:5cbf3b86 w3103110:768198b7 r3103114:dbdd2542 w3103114:dbdd254f r3102008:fc6caa1e w3102008:fc6ca01e r3102000:ee2b6796 w3102000:ee430796 r3102000:ee430796 w3102000:ee430695 r3102000:ee430695 w3103120:303 w31033c4:0 r3102000:ee430695 w3102000:ee430695 r3102004:65494152 w3102004:6549f152 r3006228:800 w3102500:1071a480 w3102504:14613432 w3102508:31c5 w310250c:2cb9d235 w3102500:1071a481 w3103030:1e14 w3103034:42 w3103038:20 w310303c:0 w310302c:0 w3103058:e0f1b0e w310305c:30414 w3103060:507050b w3103064:400c w3103068:6020306 w310306c:5050403 r3103078:4d8f7d6e w3103078:fd8f7610 w3103080:2050103 w3103050:126639c1 w3103054:33127d81 w3103090:64008f w3103094:320000 r310200c:74b293da w310200c:74b29197 r3103108:4d7be91e w3103108:4d7be31e r3103344:b167d192 w3103344:b1670580 r31033c4:0 w31033c4:400 r3103208:6fd181e w3103208:6fd181e r3103310:eda89986 w3103310:eda89d8e r3103314:64ce8342 w3103314:64ce8f4e r3103318:e3ecec0e w3103318:e3ecec0e r310331c:7a32d5ca w310331c:7a32ddce r3103320:f1503eb6 w3103320:f1503ebe r3103324:88761872 w3103324:88761c7e r3103328:94013e w3103328:940d3e r310332c:9fba6afa w310332c:9fba6efe r3103330:16d853a6 w3103330:16d85fae r3103390:c9eff106 w3103390:c9eff306 r3103394:400ddac2 w3103394:400ddac6 r3103398:df53c38e w3103398:df53c38e r310339c:56712d4a w310339c:56712f4e r31033a0:ee971636 w31033a0:ee971636 r31033a4:65b57ff2 w31033a4:65b57ff6 r31033a8:fcdb58be w31033a8:fcdb5abe r31033ac:7bf9427a w31033ac:7bf9427e r31033b0:f21cab26 w31033b0:f21cab26 r3103100:3f37a696 w3103100:3b37a696 r3103334:adffbd62 w3103334:adffbf62 r3103338:241da62e w3103338:241dae2e r31033b4:892294e2 w31033b4:892296e6 r31033b8:40fdae w31033b8:40ffae r310333c:a3238fea w310333c:ab238fea r31033bc:9f66e76a w31033bc:9f66e76a r3103100:3b37a696 w3103100:3f37a696 d1 r3103240:62dfb9d6 w3103240:62dfbdd6 r3103244:f9fda292 w3103244:f9fdae92 r3103248:70038c5e w3103248:70038c5e r310324c:f21f51a w310324c:f21fd1a r3103250:8647dec6 w3103250:8647dec6 r3103254:1d65c782 w3103254:1d65cf82 r3103258:958b214e w3103258:958b2d4e r310325c:2ca90a0a w310325c:2ca90e0a r3103260:abcf73f6 w3103260:abcf7ff6 r3103264:22ed5cb2 w3103264:22ed5cb2 r3103268:b933467e w3103268:b9334e7e r310326c:3056af3a w310326c:3056af3a r3103270:cf7488e6 w3103270:cf748ce6 r3103274:479af1a2 w3103274:479afda2 r3103278:deb8db6e w3103278:deb8df6e r3103228:4f12d23e w3103228:4f12de3e r310322c:c6303bfa w310322c:c6303ffa r3103230:5d5624a6 w3103230:5d562ca6 r3103234:d4740e62 w3103234:d4740e62 r3103238:6c9a772e w3103238:6c9a7f2e r310323c:ebb850ea w310323c:ebb85cea r3103218:2a6abd0e w3103218:2a6abf0e r310321c:a288a6ca w310321c:a288a7ca r3103280:ecfc2d16 w3103280:ecfc2f16 r3103108:4d7be31e w3103108:4d7be31e da r3103108:4d7be31e w3103108:4d7be3de r31030c0:cd113356 w31030c0:c3000001 r70005d4:0 r3103140:a9540ad6 w3103140:aa7b7bfb r70005d4:0 w3103000:1f2 w3103000:1f3 da r3103010:1 r70005d4:0 r3103010:1 r3103018:1 r310308c:e85afb5a w310308c:e85afb5a da r310308c:e85afb5a w310308c:685afb5a da r3102014:8af6e642 w3102014:8af6e642 da r310310c:c599d2da w310310c:c199d2da w40000000:bfffffff w40000004:40000004 w40000008:bffffff7 w4000000c:4000000c w40000010:bfffffef w40000014:40000014 w40000018:bfffffe7 w4000001c:4000001c w40000020:bfffffdf w40000024:40000024 w40000028:bfffffd7 w4000002c:4000002c w40000030:bfffffcf w40000034:40000034 w40000038:bfffffc7 w4000003c:4000003c w40000040:bfffffbf w40000044:40000044 w40000048:bfffffb7 w4000004c:4000004c w40000050:bfffffaf w40000054:40000054 w40000058:bfffffa7 w4000005c:4000005c w40000060:bfffff9f w40000064:40000064 w40000068:bfffff97 w4000006c:4000006c w40000070:bfffff8f w40000074:40000074 w40000078:bfffff87 w4000007c:4000007c w40000080:bfffff7f w40000084:40000084 w40000088:bfffff77 w4000008c:4000008c w40000090:bfffff6f w40000094:40000094 w40000098:bfffff67 w4000009c:4000009c w400000a0:bfffff5f w400000a4:400000a4 w400000a8:bfffff57 w400000ac:400000ac w400000b0:bfffff4f w400000b4:400000b4 w400000b8:bfffff47 w400000bc:400000bc w400000c0:bfffff3f w400000c4:400000c4 w400000c8:bfffff37 w400000cc:400000cc w400000d0:bfffff2f w400000d4:400000d4 w400000d8:bfffff27 w400000dc:400000dc w400000e0:bfffff1f w400000e4:400000e4 w400000e8:bfffff17 w400000ec:400000ec w400000f0:bfffff0f w400000f4:400000f4 w400000f8:bfffff07 w400000fc:400000fc r3102000:ee430695 w3102000:ee4306f1 r3102000:ee4306f1 r40400000:df2d4796 r40800000:6bed4796 r41000000:826d4796 r42000000:d16d4796 r44000000:776d4796 r48000000:bb6d4796 r3102000:ee4306f1 w3102000:ee4306a5 r3102000:ee4306a5 r40000800:88a0cf96 r3102000:ee4306a5 w3102000:ee430aa1 r3102000:ee430aa1 r40000200:dd9e2596 r40000400:6e8b8396 r40000800:88a0cf96 r40001000:c4f65796 r40002000:5c5b6796 r3102000:ee430aa1 w3102000:ee4306f1 r3102004:6549f152 w3102004:6549f6f3 w48000000:b7ffffff w48000004:48000004 w48000008:b7fffff7 w4800000c:4800000c w48000010:b7ffffef w48000014:48000014 w48000018:b7ffffe7 w4800001c:4800001c w48000020:b7ffffdf w48000024:48000024 w48000028:b7ffffd7 w4800002c:4800002c w48000030:b7ffffcf w48000034:48000034 w48000038:b7ffffc7 w4800003c:4800003c w48000040:b7ffffbf w48000044:48000044 w48000048:b7ffffb7 w4800004c:4800004c w48000050:b7ffffaf w48000054:48000054 w48000058:b7ffffa7 w4800005c:4800005c w48000060:b7ffff9f w48000064:48000064 w48000068:b7ffff97 w4800006c:4800006c w48000070:b7ffff8f w48000074:48000074 w48000078:b7ffff87 w4800007c:4800007c w48000080:b7ffff7f w48000084:48000084 w48000088:b7ffff77 w4800008c:4800008c w48000090:b7ffff6f w48000094:48000094 w48000098:b7ffff67 w4800009c:4800009c w480000a0:b7ffff5f w480000a4:480000a4 w480000a8:b7ffff57 w480000ac:480000ac w480000b0:b7ffff4f w480000b4:480000b4 w480000b8:b7ffff47 w480000bc:480000bc w480000c0:b7ffff3f w480000c4:480000c4 w480000c8:b7ffff37 w480000cc:480000cc w480000d0:b7ffff2f w480000d4:480000d4 w480000d8:b7ffff27 w480000dc:480000dc w480000e0:b7ffff1f w480000e4:480000e4 w480000e8:b7ffff17 w480000ec:480000ec w480000f0:b7ffff0f w480000f4:480000f4 w480000f8:b7ffff07 w480000fc:480000fc r3102004:6549f6f3 w3102004:6549f6f3 r3102004:6549f6f3 r48400000:472d4796 r48800000:d3ed4796 r49000000:a6d4796 r4a000000:596d4796 r4c000000:ff6d4796 r50000000:236d4796 r3102000:ee4306f1 w3102000:ee4306a5 r3102004:6549f6f3 w3102004:6549f6a7 r3102004:6549f6a7 r40800800:a720cf96 r3102000:ee4306a5 w3102000:ee430aa1 r3102004:6549f6a7 w3102004:6549faa3 r3102004:6549faa3 r44000200:19e2596 r44000400:928b8396 r44000800:cca0cf96 r44001000:8f65796 r44002000:805b6796
330,3,7b7bfb,1,11081108,1001,1e14,42,20,0,479994,1c2398e,8f064,906bfdc1,2ee2002f,760198b7,4c3396cf,96345e04,12d9b29d,7cbb5a6d,677de7c6,84950c16,80212c26,34000100
1
---
scan_rank 0
210,2,7b7bfb,1,52e17fd9,0,1c70,42,18,0,822a87dc,9eba409f,cc73abe9,22bbed8,43d283ef,fb9c9161,27a004fd,d278fadc,c1b49f1b,ffbfc2cb,330344ef,436aecf3,1634dd0d,40010001
r2001540:fff85b54 w2001540:bff85b54 r200180c:8323e658 w200180c:8323e658 w200180c:8322e658 r2001800:16493214 w2001800:16493214 w2001800:16493214 w2001800:1e493214 da r2001010:3e330104 w2001010:fe302b04 w2001010:de302b04 w2001010:fe302b04 r2001010:fe302b04 d14 r2001010:fe302b04 w2001010:fe302b04 r2001800:1e493214 w2001800:9c493014 d64 w3102020:1 w3102024:0 w3102028:0 da r200180c:8322e658 w200180c:8323e658 r2001540:bff85b54 w2001540:fff85b54 r2001800:9c493014 w2001800:dc493014 d5 r200180c:8323e658 w200180c:8323e659 r2001800:dc493014 w2001800:dc493014 w2001800:dc493014 d5 w310300c:8000 da r3103110:acf3d604 w3103110:fb9c9161 r3102008:c20479c w3102008:c20609c r3102000:1e678a14 w3102000:1e421a14 r3102000:1e421a14 w3102000:1e4216a1 r3102000:1e4216a1 w3103120:303 r3102000:1e4216a1 w3102000:1e4216a1 r3102004:9505acd0 w3102004:950fbcd0 r3006228:800 w3103030:e73 w3103034:42 w3103038:0 w310303c:0 w310302c:0 w3103058:90e110c w310305c:20312 w3103060:3040408 w3103064:200c w3103068:6020304 w310306c:5050403 r3103078:bdc390ec w3103078:fdc36610 w3103080:2020101 w3103050:10933901 w3103054:21119c81 w3103090:410057 w3103094:200000 r310200c:84fe7e58 w310200c:84fe7107 r3103108:bd37049c w3103108:bd37039c r3103344:412b3c10 w3103344:412b0c00 r31033c4:5ee6c490 w31033c4:5ee60480 r3103208:f6b1f59c w3103208:f6b1f59e r3103310:1de47404 w3103310:1de4761e r3103314:94826ec0 w3103314:94826eda r3103318:13a0018c w3103318:13a0079e r310331c:8a7e3848 w310331c:8a7e3e5a r3103320:11cd334 w3103320:11cd73e r3103324:783af5f0 w3103324:783af7fa r3103328:f0d8ecbc w3103328:f0d8eebe r310332c:6ff68778 w310332c:6ff6877a r3103330:e694be24 w3103330:e694be3e r3103390:39a31c84 w3103390:39a31e84 r3103394:b0413740 w3103394:b0413f40 r3103398:2f1f2e0c w3103398:2f1f3e0c r310339c:a63dc0c8 w310339c:a63ddec8 r31033a0:1edbfbb4 w31033a0:1edbffb4 r31033a4:95f99270 w31033a4:95f99e70 r31033a8:c97b53c w31033a8:c97bf3c r31033ac:8bb5aff8 w31033ac:8bb5bff8 r31033b0:25046a4 w31033b0:2505ea4 r3103100:cf7b4b14 w3103100:cb7b4b14 r3103334:5db350e0 w3103334:5db354e8 r3103338:d4514bac w3103338:d4515fac r31033b4:796e7960 w31033b4:796e7d66 r31033b8:f00c102c w31033b8:f00c1c2e r310333c:536f6268 w310333c:576f6268 r31033bc:6f2a0ae8 w31033bc:6f2a0ae8 r3103100:cb7b4b14 w3103100:cf7b4b14 d1 r3103240:92935454 w3103240:92935e54 r3103244:9b14f10 w3103244:9b14f10 r3103248:804f61dc w3103248:804f6fdc r310324c:ff6d1898 w310324c:ff6d1e98 r3103250:760b3344 w3103250:760b3f44 r3103254:ed292a00 w3103254:ed292e00 r3103258:65c7cccc w3103258:65c7cecc r310325c:dce5e788 w310325c:dce5ef88 r3103260:5b839e74 w3103260:5b839e74 r3103264:d2a1b130 w3103264:d2a1bf30 r3103268:497fabfc w3103268:497faffc r310326c:c01a42b8 w310326c:c01a4eb8 r3103270:3f386564 w3103270:3f386f64 r3103274:b7d61c20 w3103274:b7d61e20 r3103278:2ef436ec w3103278:2ef43eec r3103228:bf5e3fbc w3103228:bf5e3fbc r310322c:367cd678 w310322c:367cde78 r3103230:ad1ac924 w3103230:ad1acf24 r3103234:2438e3e0 w3103234:2438efe0 r3103238:9cd69aac w3103238:9cd69eac r310323c:1bf4bd68 w310323c:1bf4bf68 r3103218:da26508c w3103218:da265f8c r310321c:52c44b48 w310321c:52c44f48 r3103280:1cb0c094 w3103280:1cb0c494 r3103108:bd37039c w3103108:bd37031c r31030bc:c6bf27e8 w31030bc:c6bf26e8 r31030c0:3d5dded4 w31030c0:33000001 r70005d4:0 r3103140:5918e754 w3103140:5a7b7bfb w3103000:52 w3103000:53 r3103010:1 da w3103000:520 w3103000:521 da r3103010:1 r70005d4:0 r3103010:1 r3103018:1 r310308c:181616d8 w310308c:981616d8 da r310308c:981616d8 w310308c:181616d8 da r3102014:7aba0bc0 w3102014:faba0bc0 da r310310c:35d53f58 w310310c:31d53f58 r310311c:194d9a48 w310311c:194d9a48 r3103010:1 r3103010:1
210,2,7b7bfb,1,52e17fd9,1000,e73,42,0,0,471992,131a10c,57041,22bbed8,43d283ef,fb9c9161,27a004fd,d278fadc,c1b49f1b,ffbfc2cb,330344ef,436aecf3,1634dd0d,40010001
1
---
scan_rank 1
318,3,7b7bfb,1,12cc16df,1100,1c70,42,18,0,c83edd41,98281a61,bd0558b4,fd4c656d,2faf2cea,580f5876,b2ec7273,8b41e63b,9eaa87fd,5fd4c654,4e93127a,bd56968c,b7bf3ce8,4050100
r2001540:808c09a3 w2001540:808c09a3 r200180c:fc57b4af w200180c:fc57b4ae w200180c:fc56b4ae r2001800:693d60e3 w2001800:293d60e3 w2001800:293d60e3 w2001800:293d60e3 da r2001010:514753f3 w2001010:d14041f0 w2001010:d14041f0 w2001010:f14041f0 r2001010:f14041f0 d14 r2001010:f14041f0 w2001010:f94041f0 r2001800:293d60e3 w2001800:a83d60e0 d64 w3102020:1 w3102024:0 w3102028:0 da r200180c:fc56b4ae w200180c:fc57b4ae r2001540:808c09a3 w2001540:c08c09a3 r2001800:a83d60e0 w2001800:e83d60e0 d5 r200180c:fc57b4ae w200180c:fc57b4af r2001800:e83d60e0 w2001800:e83d60e0 w2001800:e83d60e0 d5 w310300c:8000 da r3103110:d38784f3 w3103110:d88fd8f6 r3102008:7354156b w3102008:7354206b r3102000:6113d8e3 w3102000:614318e3 r3102000:614318e3 w3102000:614316a1 r3102004:ea71fe27 w3102004:ea71f6a1 r3102000:614316a1 w3103120:303 r3102000:614316a1 w3102000:654316a1 r3102004:ea71f6a1 w3102004:ea73f6a1 r3006228:800 w3102500:12720860 w3102504:1ae93221 w3102508:5519e8 w310250c:174ac2d3 w3102500:12720861 w3103030:1c70 w3103034:42 w3103038:18 w310303c:0 w310302c:0 w3103058:c141a10 w310305c:40415 w3103060:406050a w3103064:400c w3103068:6020406 w310306c:5050403 r3103078:c2b7c21b w3103078:f2b76610 w3103080:2040102 w3103050:11e60ae1 w3103054:31926ac1 w3103090:61008b w3103094:300000 r310200c:fb8a2caf w310200c:fb8a218b r3103108:c243566b w3103108:c243536b r3103344:3e5f6ee7 w3103344:3e5f0cc1 r31033c4:21929667 w31033c4:21920441 r3103208:89c5a76b w3103208:89c5a76b r3103310:629026f3 w3103310:62903ef3 r3103314:ebf63c37 w3103314:ebf63c37 r3103318:6cd4537b w3103318:6cd45b7b r310331c:f50a6abf w310331c:f50a7abf r3103320:7e6881c3 w3103320:7e6899d3 r3103324:74ea707 w3103324:74ebf17 r3103328:8facbe4b w3103328:8facbe5b r310332c:1082d58f w310332c:1082dd9f r3103330:99e0ecd3 w3103330:99e0fcd3 r3103390:46d74e73 w3103390:46d75e7f r3103394:cf3565b7 w3103394:cf3575bf r3103398:506b7cfb w3103398:506b7cff r310339c:d949923f w310339c:d949923f r31033a0:61afa943 w31033a0:61afb95f r31033a4:ea8dc087 w31033a4:ea8dd09f r31033a8:73e3e7cb w31033a8:73e3f7df r31033ac:f4c1fd0f w31033ac:f4c1fd1f r31033b0:7d241453 w31033b0:7d24145f r3103100:b00f19e3 w3103100:b00f19e3 r3103334:22c70217 w3103334:22c70e1f r3103338:ab25195b w3103338:ab251d5f r31033b4:61a2b97 w31033b4:61a2b97 r31033b8:8f7842db w31033b8:8f784adf r310333c:2c1b309f w310333c:2c1b309f r31033bc:105e581f w31033bc:1a5e581f r3103100:b00f19e3 w3103100:b40f19e3 d1 r3103240:ede706a3 w3103240:ede707a3 r3103244:76c51de7 w3103244:76c51fe7 r3103248:ff3b332b w3103248:ff3b372b r310324c:80194a6f w310324c:80194f6f r3103250:97f61b3 w3103250:97f67b3 r3103254:925d78f7 w3103254:925d7ff7 r3103258:1ab39e3b w3103258:1ab39f3b r310325c:a391b57f w310325c:a391b77f r3103260:24f7cc83 w3103260:24f7cf83 r3103264:add5e3c7 w3103264:add5e7c7 r3103268:360bf90b w3103268:360bff0b r310326c:bf6e104f w310326c:bf6e174f r3103270:404c3793 w3103270:404c3793 r3103274:c8a24ed7 w3103274:c8a24fd7 r3103278:5180641b w3103278:5180671b r3103228:c02a6d4b w3103228:c02a6f4b r310322c:4908848f w310322c:4908878f r3103230:d26e9bd3 w3103230:d26e9fd3 r3103234:5b4cb117 w3103234:5b4cb717 r3103238:e3a2c85b w3103238:e3a2cf5b r310323c:6480ef9f w310323c:6480ef9f r3103218:a552027b w3103218:a5520a7b r310321c:2db019bf w310321c:2db01bbf r3103280:63c49263 w3103280:63c49363 r3103108:c243536b w3103108:c243532b r31030bc:b9cb751f w31030bc:b9cb7418 r31030c0:42298c23 w31030c0:43000001 r70005d4:0 r3103140:266cb5a3 w3103140:267b7bfb w3103000:52 w3103000:53 r3103010:1 da w3103000:5a0 w3103000:5a1 da r3103010:1 r70005d4:0 r3103010:1 r3103018:1 r310308c:6762442f w310308c:e762442f da r310308c:e762442f w310308c:6762442f da r3102014:5ce5937 w3102014:85ce5937 da r310310c:4aa16daf w310310c:48a16daf r310311c:6639c8bf w310311c:6639c87f r3103010:1 r3103010:1
318,3,7b7bfb,1,12cc16df,1100,1c70,42,18,0,4a2195,2423190,8b061,fd4c656d,2faf2cea,580f5876,b2ec7273,8b41e63b,9eaa87fd,5fd4c654,4e93127a,bd56968c,b7bf3ce8,4050100
1
---
scan_rank 2
330,3,7b7bfb,1,47a1fca7,1001,1c70,42,18,0,1f492fba,808c46a6,7aeff54e,906bfdc1,2ee2002f,760198b7,4c3396cf,96345e04,12d9b29d,7cbb5a6d,677de7c6,84950c16,80212c26,34000100
r2001540:fb4b6d6 w2001540:fb4b6d6 r200180c:736f0bda w200180c:736f0bda w200180c:736e0bda r2001800:e605df96 w2001800:a605df96 w2001800:2605df96 w2001800:2e05df96 da r2001010:de7fec86 w2001010:de784384 w2001010:de784384 w2001010:fe784384 r2001010:fe784384 d14 r2001010:fe784384 w2001010:fe784384 r2001800:2e05df96 w2001800:ac05dc94 d64 w3102020:1 w3102024:0 w3102028:0 da r200180c:736e0bda w200180c:736f0bda r2001540:fb4b6d6 w2001540:4fb4b6d6 r2001800:ac05dc94 w2001800:ec05dc94 d5 r200180c:736f0bda w200180c:736f0bdb r2001800:ec05dc94 w2001800:ec05dc94 w2001800:ec05dc94 d5 w310300c:8000 da r3103110:5cbf3b86 w3103110:768198b7 r3103114:dbdd2542 w3103114:dbdd254f r3102008:fc6caa1e w3102008:fc6ca01e r3102000:ee2b6796 w3102000:ee431796 r3102000:ee431796 w3102000:ee4316a1 r3102000:ee4316a1 w3103120:303 r3102000:ee4316a1 w3102000:ee4316a1 r3102004:65494152 w3102004:6549f152 r3006228:800 w3102500:1071a480 w3102504:14613432 w3102508:31c5 w310250c:2cb9d235 w3102500:1071a481 w3103030:1e14 w3103034:42 w3103038:20 w310303c:0 w310302c:0 w3103058:e0f1b0e w310305c:30414 w3103060:507050b w3103064:400c w3103068:6020306 w310306c:5050403 r3103078:4d8f7d6e w3103078:fd8f7610 w3103080:2050103 w3103050:126639c1 w3103054:33127d81 w3103090:64008f w3103094:320000 r310200c:74b293da w310200c:74b29197 r3103108:4d7be91e w3103108:4d7be31e r3103344:b167d192 w3103344:b1670580 r31033c4:aeaa2912 w31033c4:aeaa0d00 r3103208:6fd181e w3103208:6fd181e r3103310:eda89986 w3103310:eda89d8e r3103314:64ce8342 w3103314:64ce8f4e r3103318:e3ecec0e w3103318:e3ecec0e r310331c:7a32d5ca w310331c:7a32ddce r3103320:f1503eb6 w3103320:f1503ebe r3103324:88761872 w3103324:88761c7e r3103328:94013e w3103328:940d3e r310332c:9fba6afa w310332c:9fba6efe r3103330:16d853a6 w3103330:16d85fae r3103390:c9eff106 w3103390:c9eff306 r3103394:400ddac2 w3103394:400ddac6 r3103398:df53c38e w3103398:df53c38e r310339c:56712d4a w310339c:56712f4e r31033a0:ee971636 w31033a0:ee971636 r31033a4:65b57ff2 w31033a4:65b57ff6 r31033a8:fcdb58be w31033a8:fcdb5abe r31033ac:7bf9427a w31033ac:7bf9427e r31033b0:f21cab26 w31033b0:f21cab26 r3103100:3f37a696 w3103100:3b37a696 r3103334:adffbd62 w3103334:adffbf62 r3103338:241da62e w3103338:241dae2e r31033b4:892294e2 w31033b4:892296e6 r31033b8:40fdae w31033b8:40ffae r310333c:a3238fea w310333c:ab238fea r31033bc:9f66e76a w31033bc:9f66e76a r3103100:3b37a696 w3103100:3f37a696 d1 r3103240:62dfb9d6 w3103240:62dfbdd6 r3103244:f9fda292 w3103244:f9fdae92 r3103248:70038c5e w3103248:70038c5e r310324c:f21f51a w310324c:f21fd1a r3103250:8647dec6 w3103250:8647dec6 r3103254:1d65c782 w3103254:1d65cf82 r3103258:958b214e w3103258:958b2d4e r310325c:2ca90a0a w310325c:2ca90e0a r3103260:abcf73f6 w3103260:abcf7ff6 r3103264:22ed5cb2 w3103264:22ed5cb2 r3103268:b933467e w3103268:b9334e7e r310326c:3056af3a w310326c:3056af3a r3103270:cf7488e6 w3103270:cf748ce6 r3103274:479af1a2 w3103274:479afda2 r3103278:deb8db6e w3103278:deb8df6e r3103228:4f12d23e w3103228:4f12de3e r310322c:c6303bfa w310322c:c6303ffa r3103230:5d5624a6 w3103230:5d562ca6 r3103234:d4740e62 w3103234:d4740e62 r3103238:6c9a772e w3103238:6c9a7f2e r310323c:ebb850ea w310323c:ebb85cea r3103218:2a6abd0e w3103218:2a6abf0e r310321c:a288a6ca w310321c:a288a7ca r3103280:ecfc2d16 w3103280:ecfc2f16 r3103108:4d7be31e w3103108:4d7be31e r31030bc:36f3ca6a w31030bc:36f3ca68 r31030c0:cd113356 w31030c0:c3000001 r70005d4:0 r3103140:a9540ad6 w3103140:aa7b7bfb w3103000:52 w3103000:53 r3103010:1 da w3103000:5a0 w3103000:5a1 da r3103010:1 r70005d4:0 r3103010:1 r3103018:1 r310308c:e85afb5a w310308c:e85afb5a da r310308c:e85afb5a w310308c:685afb5a da r3102014:8af6e642 w3102014:8af6e642 da r310310c:c599d2da w310310c:c199d2da r310311c:e90177ca w310311c:e901774a r3103010:1 r3103010:1
330,3,7b7bfb,1,47a1fca7,1000,1e14,42,20,0,479994,1c2398e,8f064,906bfdc1,2ee2002f,760198b7,4c3396cf,96345e04,12d9b29d,7cbb5a6d,677de7c6,84950c16,80212c26,34000100
1
---
scan_config 0
210,2,7b7bfb,1,52e17fd9,0,1c70,42,18,0,822a87dc,9eba409f,cc73abe9,22bbed8,43d283ef,fb9c9161,27a004fd,d278fadc,c1b49f1b,ffbfc2cb,330344ef,436aecf3,1634dd0d,40010001
r2001540:fff85b54 w2001540:bff85b54 r200180c:8323e658 w200180c:8323e658 w200180c:8322e658 r2001800:16493214 w2001800:16493214 w2001800:16493214 w2001800:1e493214 da r2001010:3e330104 w2001010:fe302b04 w2001010:de302b04 w2001010:fe302b04 r2001010:fe302b04 d14 r2001010:fe302b04 w2001010:fe302b04 r2001800:1e493214 w2001800:9c493014 d64 w3102020:1 w3102024:0 w3102028:0 da r200180c:8322e658 w200180c:8323e658 r2001540:bff85b54 w2001540:fff85b54 r2001800:9c493014 w2001800:dc493014 d5 r200180c:8323e658 w200180c:8323e659 r2001800:dc493014 w2001800:dc493014 w2001800:dc493014 d5 w310300c:8000 da r3103110:acf3d604 w3103110:fb9c9161 r3102008:c20479c w3102008:c20609c r3102000:1e678a14 w3102000:1e421a14 r3102000:1e421a14 w3102000:1e4216a1 r3102000:1e4216a1 w3103120:303 r3102000:1e4216a1 w3102000:1e4216a1 r3102004:9505acd0 w3102004:950fbcd0 r3006228:800 w3103030:e73 w3103034:42 w3103038:0 w310303c:0 w310302c:0 w3103058:90e110c w310305c:20312 w3103060:3040408 w3103064:200c w3103068:6020304 w310306c:5050403 r3103078:bdc390ec w3103078:fdc36610 w3103080:2020101 w3103050:10933901 w3103054:21119c81 w3103090:410057 w3103094:200000 r310200c:84fe7e58 w310200c:84fe7107 r3103108:bd37049c w3103108:bd37039c r3103344:412b3c10 w3103344:412b0c00 r31033c4:5ee6c490 w31033c4:5ee60480 r3103208:f6b1f59c w3103208:f6b1f59e r3103310:1de47404 w3103310:1de4761e r3103314:94826ec0 w3103314:94826eda r3103318:13a0018c w3103318:13a0079e r310331c:8a7e3848 w310331c:8a7e3e5a r3103320:11cd334 w3103320:11cd73e r3103324:783af5f0 w3103324:783af7fa r3103328:f0d8ecbc w3103328:f0d8eebe r310332c:6ff68778 w310332c:6ff6877a r3103330:e694be24 w3103330:e694be3e r3103390:39a31c84 w3103390:39a31e84 r3103394:b0413740 w3103394:b0413f40 r3103398:2f1f2e0c w3103398:2f1f3e0c r310339c:a63dc0c8 w310339c:a63ddec8 r31033a0:1edbfbb4 w31033a0:1edbffb4 r31033a4:95f99270 w31033a4:95f99e70 r31033a8:c97b53c w31033a8:c97bf3c r31033ac:8bb5aff8 w31033ac:8bb5bff8 r31033b0:25046a4 w31033b0:2505ea4 r3103100:cf7b4b14 w3103100:cb7b4b14 r3103334:5db350e0 w3103334:5db354e8 r3103338:d4514bac w3103338:d4515fac r31033b4:796e7960 w31033b4:796e7d66 r31033b8:f00c102c w31033b8:f00c1c2e r310333c:536f6268 w310333c:576f6268 r31033bc:6f2a0ae8 w31033bc:6f2a0ae8 r3103100:cb7b4b14 w3103100:cf7b4b14 d1 r3103240:92935454 w3103240:92935e54 r3103244:9b14f10 w3103244:9b14f10 r3103248:804f61dc w3103248:804f6fdc r310324c:ff6d1898 w310324c:ff6d1e98 r3103250:760b3344 w3103250:760b3f44 r3103254:ed292a00 w3103254:ed292e00 r3103258:65c7cccc w3103258:65c7cecc r310325c:dce5e788 w310325c:dce5ef88 r3103260:5b839e74 w3103260:5b839e74 r3103264:d2a1b130 w3103264:d2a1bf30 r3103268:497fabfc w3103268:497faffc r310326c:c01a42b8 w310326c:c01a4eb8 r3103270:3f386564 w3103270:3f386f64 r3103274:b7d61c20 w3103274:b7d61e20 r3103278:2ef436ec w3103278:2ef43eec r3103228:bf5e3fbc w3103228:bf5e3fbc r310322c:367cd678 w310322c:367cde78 r3103230:ad1ac924 w3103230:ad1acf24 r3103234:2438e3e0 w3103234:2438efe0 r3103238:9cd69aac w3103238:9cd69eac r310323c:1bf4bd68 w310323c:1bf4bf68 r3103218:da26508c w3103218:da265f8c r310321c:52c44b48 w310321c:52c44f48 r3103280:1cb0c094 w3103280:1cb0c494 r3103108:bd37039c w3103108:bd37031c r31030bc:c6bf27e8 w31030bc:c6bf26e8 r31030c0:3d5dded4 w31030c0:33000001 r70005d4:0 r3103140:5918e754 w3103140:5a7b7bfb w3103000:52 w3103000:53 r3103010:1 da w3103000:520 w3103000:521 da r3103010:1 r70005d4:0 r3103010:1 r3103018:1 r310308c:181616d8 w310308c:981616d8 da r310308c:981616d8 w310308c:181616d8 da r3102014:7aba0bc0 w3102014:faba0bc0 da r310310c:35d53f58 w310310c:31d53f58 r310311c:194d9a48 w310311c:194d9a48 r3103010:1 r3103010:1
210,2,7b7bfb,1,52e17fd9,1000,e73,42,0,0,471992,131a10c,57041,22bbed8,43d283ef,fb9c9161,27a004fd,d278fadc,c1b49f1b,ffbfc2cb,330344ef,436aecf3,1634dd0d,40016003
1
---
scan_config 1
318,3,7b7bfb,1,12cc16df,1100,1c70,42,18,0,c83edd41,98281a61,bd0558b4,fd4c656d,2faf2cea,580f5876,b2ec7273,8b41e63b,9eaa87fd,5fd4c654,4e93127a,bd56968c,b7bf3ce8,4050100
r2001540:808c09a3 w2001540:808c09a3 r200180c:fc57b4af w200180c:fc57b4ae w200180c:fc56b4ae r2001800:693d60e3 w2001800:293d60e3 w2001800:293d60e3 w2001800:293d60e3 da r2001010:514753f3 w2001010:d14041f0 w2001010:d14041f0 w2001010:f14041f0 r2001010:f14041f0 d14 r2001010:f14041f0 w2001010:f94041f0 r2001800:293d60e3 w2001800:a83d60e0 d64 w3102020:1 w3102024:0 w3102028:0 da r200180c:fc56b4ae w200180c:fc57b4ae r2001540:808c09a3 w2001540:c08c09a3 r2001800:a83d60e0 w2001800:e83d60e0 d5 r200180c:fc57b4ae w200180c:fc57b4af r2001800:e83d60e0 w2001800:e83d60e0 w2001800:e83d60e0 d5 w310300c:8000 da r3103110:d38784f3 w3103110:d88fd8f6 r3102008:7354156b w3102008:7354206b r3102000:6113d8e3 w3102000:614318e3 r3102000:614318e3 w3102000:614316a1 r3102004:ea71fe27 w3102004:ea71f6a1 r3102000:614316a1 w3103120:303 r3102000:614316a1 w3102000:654316a1 r3102004:ea71f6a1 w3102004:ea73f6a1 r3006228:800 w3102500:12720860 w3102504:1ae93221 w3102508:5519e8 w310250c:174ac2d3 w3102500:12720861 w3103030:1c70 w3103034:42 w3103038:18 w310303c:0 w310302c:0 w3103058:c141a10 w310305c:40415 w3103060:406050a w3103064:400c w3103068:6020406 w310306c:5050403 r3103078:c2b7c21b w3103078:f2b76610 w3103080:2040102 w3103050:11e60ae1 w3103054:31926ac1 w3103090:61008b w3103094:300000 r310200c:fb8a2caf w310200c:fb8a218b r3103108:c243566b w3103108:c243536b r3103344:3e5f6ee7 w3103344:3e5f0cc1 r31033c4:21929667 w31033c4:21920441 r3103208:89c5a76b w3103208:89c5a76b r3103310:629026f3 w3103310:62903ef3 r3103314:ebf63c37 w3103314:ebf63c37 r3103318:6cd4537b w3103318:6cd45b7b r310331c:f50a6abf w310331c:f50a7abf r3103320:7e6881c3 w3103320:7e6899d3 r3103324:74ea707 w3103324:74ebf17 r3103328:8facbe4b w3103328:8facbe5b r310332c:1082d58f w310332c:1082dd9f r3103330:99e0ecd3 w3103330:99e0fcd3 r3103390:46d74e73 w3103390:46d75e7f r3103394:cf3565b7 w3103394:cf3575bf r3103398:506b7cfb w3103398:506b7cff r310339c:d949923f w310339c:d949923f r31033a0:61afa943 w31033a0:61afb95f r31033a4:ea8dc087 w31033a4:ea8dd09f r31033a8:73e3e7cb w31033a8:73e3f7df r31033ac:f4c1fd0f w31033ac:f4c1fd1f r31033b0:7d241453 w31033b0:7d24145f r3103100:b00f19e3 w3103100:b00f19e3 r3103334:22c70217 w3103334:22c70e1f r3103338:ab25195b w3103338:ab251d5f r31033b4:61a2b97 w31033b4:61a2b97 r31033b8:8f7842db w31033b8:8f784adf r310333c:2c1b309f w310333c:2c1b309f r31033bc:105e581f w31033bc:1a5e581f r3103100:b00f19e3 w3103100:b40f19e3 d1 r3103240:ede706a3 w3103240:ede707a3 r3103244:76c51de7 w3103244:76c51fe7 r3103248:ff3b332b w3103248:ff3b372b r310324c:80194a6f w310324c:80194f6f r3103250:97f61b3 w3103250:97f67b3 r3103254:925d78f7 w3103254:925d7ff7 r3103258:1ab39e3b w3103258:1ab39f3b r310325c:a391b57f w310325c:a391b77f r3103260:24f7cc83 w3103260:24f7cf83 r3103264:add5e3c7 w3103264:add5e7c7 r3103268:360bf90b w3103268:360bff0b r310326c:bf6e104f w310326c:bf6e174f r3103270:404c3793 w3103270:404c3793 r3103274:c8a24ed7 w3103274:c8a24fd7 r3103278:5180641b w3103278:5180671b r3103228:c02a6d4b w3103228:c02a6f4b r310322c:4908848f w310322c:4908878f r3103230:d26e9bd3 w3103230:d26e9fd3 r3103234:5b4cb117 w3103234:5b4cb717 r3103238:e3a2c85b w3103238:e3a2cf5b r310323c:6480ef9f w310323c:6480ef9f r3103218:a552027b w3103218:a5520a7b r310321c:2db019bf w310321c:2db01bbf r3103280:63c49263 w3103280:63c49363 r3103108:c243536b w3103108:c243532b r31030bc:b9cb751f w31030bc:b9cb7418 r31030c0:42298c23 w31030c0:43000001 r70005d4:0 r3103140:266cb5a3 w3103140:267b7bfb w3103000:52 w3103000:53 r3103010:1 da w3103000:5a0 w3103000:5a1 da r3103010:1 r70005d4:0 r3103010:1 r3103018:1 r310308c:6762442f w310308c:e762442f da r310308c:e762442f w310308c:6762442f da r3102014:5ce5937 w3102014:85ce5937 da r310310c:4aa16daf w310310c:48a16daf r310311c:6639c8bf w310311c:6639c87f r3103010:1 r3103010:1 r2001540:c08c09a3 w2001540:808c09a3 r200180c:fc57b4af w200180c:fc57b4ae w200180c:fc56b4ae r2001800:e83d60e0 w2001800:a83d60e0 w2001800:283d60e0 w2001800:283d60e0 da r2001010:f94041f0 w2001010:f94041f0 w2001010:d94041f0 w2001010:f94041f0 r2001010:f94041f0 d14 r2001010:f94041f0 w2001010:f94041f0 r2001800:283d60e0 w2001800:a83d60e0 d64 w3102020:1 w3102024:0 w3102028:0 da r200180c:fc56b4ae w200180c:fc57b4ae r2001540:808c09a3 w2001540:c08c09a3 r2001800:a83d60e0 w2001800:e83d60e0 d5 r200180c:fc57b4ae w200180c:fc57b4af r2001800:e83d60e0 w2001800:e83d60e0 w2001800:e83d60e0 d5 w310300c:8000 da r3103110:d88fd8f6 w3103110:d88fd8f6 r3102008:7354206b w3102008:7354206b r3102000:654316a1 w3102000:654316a1 r3102000:654316a1 w3102000:654316c5 r3102004:ea73f6a1 w3102004:ea73f6b5 r3102000:654316c5 w3103120:303 r3102000:654316c5 w3102000:654316c5 r3102004:ea73f6b5 w3102004:ea73f6b5 r3006228:800 w3102500:12720860 w3102504:1ae93221 w3102508:5519e8 w310250c:174ac2d3 w3102500:12720861 w3103030:1c70 w3103034:42 w3103038:18 w310303c:0 w310302c:0 w3103058:c141a10 w310305c:40415 w3103060:406050a w3103064:400c w3103068:6020406 w310306c:5050403 r3103078:f2b76610 w3103078:f2b76610 w3103080:2040102 w3103050:11e60ae1 w3103054:31926ac1 w3103090:61008b w3103094:300000 r310200c:fb8a218b w310200c:fb8a218b r3103108:c243532b w3103108:c243532b r3103344:3e5f0cc1 w3103344:3e5f0cc1 r31033c4:21920441 w31033c4:21920441 r3103208:89c5a76b w3103208:89c5a76b r3103310:62903ef3 w3103310:62903ef3 r3103314:ebf63c37 w3103314:ebf63c37 r3103318:6cd45b7b w3103318:6cd45b7b r310331c:f50a7abf w310331c:f50a7abf r3103320:7e6899d3 w3103320:7e6899d3 r3103324:74ebf17 w3103324:74ebf17 r3103328:8facbe5b w3103328:8facbe5b r310332c:1082dd9f w310332c:1082dd9f r3103330:99e0fcd3 w3103330:99e0fcd3 r3103390:46d75e7f w3103390:46d75e7f r3103394:cf3575bf w3103394:cf3575bf r3103398:506b7cff w3103398:506b7cff r310339c:d949923f w310339c:d949923f r31033a0:61afb95f w31033a0:61afb95f r31033a4:ea8dd09f w31033a4:ea8dd09f r31033a8:73e3f7df w31033a8:73e3f7df r31033ac:f4c1fd1f w31033ac:f4c1fd1f r31033b0:7d24145f w31033b0:7d24145f r3103100:b40f19e3 w3103100:b00f19e3 r3103334:22c70e1f w3103334:22c70e1f r3103338:ab251d5f w3103338:ab251d5f r31033b4:61a2b97 w31033b4:61a2b97 r31033b8:8f784adf w31033b8:8f784adf r310333c:2c1b309f w310333c:2c1b309f r31033bc:1a5e581f w31033bc:1a5e581f r3103100:b00f19e3 w3103100:b40f19e3 d1 r3103240:ede707a3 w3103240:ede707a3 r3103244:76c51fe7 w3103244:76c51fe7 r3103248:ff3b372b w3103248:ff3b372b r310324c:80194f6f w310324c:80194f6f r3103250:97f67b3 w3103250:97f67b3 r3103254:925d7ff7 w3103254:925d7ff7 r3103258:1ab39f3b w3103258:1ab39f3b r310325c:a391b77f w310325c:a391b77f r3103260:24f7cf83 w3103260:24f7cf83 r3103264:add5e7c7 w3103264:add5e7c7 r3103268:360bff0b w3103268:360bff0b r310326c:bf6e174f w310326c:bf6e174f r3103270:404c3793 w3103270:404c3793 r3103274:c8a24fd7 w3103274:c8a24fd7 r3103278:5180671b w3103278:5180671b r3103228:c02a6f4b w3103228:c02a6f4b r310322c:4908878f w310322c:4908878f r3103230:d26e9fd3 w3103230:d26e9fd3 r3103234:5b4cb717 w3103234:5b4cb717 r3103238:e3a2cf5b w3103238:e3a2cf5b r310323c:6480ef9f w310323c:6480ef9f r3103218:a5520a7b w3103218:a5520a7b r310321c:2db01bbf w310321c:2db01bbf r3103280:63c49363 w3103280:63c49363 r3103108:c243532b w3103108:c243532b da r3103108:c243532b w3103108:c24353eb r31030c0:43000001 w31030c0:43000001 r70005d4:0 r3103140:267b7bfb w3103140:267b7bfb r70005d4:0 w3103000:1f2 w3103000:1f3 da r3103010:1 r70005d4:0 r3103010:1 r3103018:1 r310308c:6762442f w310308c:e762442f da r310308c:e762442f w310308c:6762442f da r3102014:85ce5937 w3102014:85ce5937 da r310310c:48a16daf w310310c:48a16daf w40000000:bfffffff w40000004:40000004 w40000008:bffffff7 w4000000c:4000000c w40000010:bfffffef w40000014:40000014 w40000018:bfffffe7 w4000001c:4000001c w40000020:bfffffdf w40000024:40000024 w40000028:bfffffd7 w4000002c:4000002c w40000030:bfffffcf w40000034:40000034 w40000038:bfffffc7 w4000003c:4000003c w40000040:bfffffbf w40000044:40000044 w40000048:bfffffb7 w4000004c:4000004c w40000050:bfffffaf w40000054:40000054 w40000058:bfffffa7 w4000005c:4000005c w40000060:bfffff9f w40000064:40000064 w40000068:bfffff97 w4000006c:4000006c w40000070:bfffff8f w40000074:40000074 w40000078:bfffff87 w4000007c:4000007c w40000080:bfffff7f w40000084:40000084 w40000088:bfffff77 w4000008c:4000008c w40000090:bfffff6f w40000094:40000094 w40000098:bfffff67 w4000009c:4000009c w400000a0:bfffff5f w400000a4:400000a4 w400000a8:bfffff57 w400000ac:400000ac w400000b0:bfffff4f w400000b4:400000b4 w400000b8:bfffff47 w400000bc:400000bc w400000c0:bfffff3f w400000c4:400000c4 w400000c8:bfffff37 w400000cc:400000cc w400000d0:bfffff2f w400000d4:400000d4 w400000d8:bfffff27 w400000dc:400000dc w400000e0:bfffff1f w400000e4:400000e4 w400000e8:bfffff17 w400000ec:400000ec w400000f0:bfffff0f w400000f4:400000f4 w400000f8:bfffff07 w400000fc:400000fc r3102000:654316c5 w3102000:654316f1 r3102000:654316f1 r40400000:5015f8e3 r40800000:e4d5f8e3 r41000000:d55f8e3 r42000000:5e55f8e3 r44000000:f855f8e3 r48000000:3455f8e3 r3102000:654316f1 w3102000:654316a5 r3102000:654316a5 r40000800:79870e3 r3102000:654316a5 w3102000:65431aa1 r3102000:65431aa1 r40000200:52a69ae3 r40000400:e1b33ce3 r40000800:79870e3 r40001000:4bcee8e3 r40002000:d363d8e3 r3102000:65431aa1 w3102000:654316f1 r3102004:ea73f6b5 w3102004:ea73f6f1 w48000000:b7ffffff w48000004:48000004 w48000008:b7fffff7 w4800000c:4800000c w48000010:b7ffffef w48000014:48000014 w48000018:b7ffffe7 w4800001c:4800001c w48000020:b7ffffdf w48000024:48000024 w48000028:b7ffffd7 w4800002c:4800002c w48000030:b7ffffcf w48000034:48000034 w48000038:b7ffffc7 w4800003c:4800003c w48000040:b7ffffbf w48000044:48000044 w48000048:b7ffffb7 w4800004c:4800004c w48000050:b7ffffaf w48000054:48000054 w48000058:b7ffffa7 w4800005c:4800005c w48000060:b7ffff9f w48000064:48000064 w48000068:b7ffff97 w4800006c:4800006c w48000070:b7ffff8f w48000074:48000074 w48000078:b7ffff87 w4800007c:4800007c w48000080:b7ffff7f w48000084:48000084 w48000088:b7ffff77 w4800008c:4800008c w48000090:b7ffff6f w48000094:48000094 w48000098:b7ffff67 w4800009c:4800009c w480000a0:b7ffff5f w480000a4:480000a4 w480000a8:b7ffff57 w480000ac:480000ac w480000b0:b7ffff4f w480000b4:480000b4 w480000b8:b7ffff47 w480000bc:480000bc w480000c0:b7ffff3f w480000c4:480000c4 w480000c8:b7ffff37 w480000cc:480000cc w480000d0:b7ffff2f w480000d4:480000d4 w480000d8:b7ffff27 w480000dc:480000dc w480000e0:b7ffff1f w480000e4:480000e4 w480000e8:b7ffff17 w480000ec:480000ec w480000f0:b7ffff0f w480000f4:480000f4 w480000f8:b7ffff07 w480000fc:480000fc r3102004:ea73f6f1 w3102004:ea73f6f1 r3102004:ea73f6f1 r48400000:c815f8e3 r48800000:5cd5f8e3 r49000000:8555f8e3 r4a000000:d655f8e3 r4c000000:7055f8e3 r50000000:ac55f8e3 r3102000:654316f1 w3102000:654316a5 r3102004:ea73f6f1 w3102004:ea73f6a5 r3102004:ea73f6a5 r40800800:281870e3 r3102000:654316a5 w3102000:65431aa1 r3102004:ea73f6a5 w3102004:ea73faa1 r3102004:ea73faa1 r44000200:8ea69ae3 r44000400:1db33ce3 r44000800:439870e3 r44001000:87cee8e3 r44002000:f63d8e3
318,3,7b7bfb,1,11081108,1000,1c70,42,18,0,4a2195,2423190,8b061,fd4c656d,2faf2cea,580f5876,b2ec7273,8b41e63b,9eaa87fd,5fd4c654,4e93127a,bd56968c,b7bf3ce8,4056103
1
---
scan_config 2
330,3,7b7bfb,1,47a1fca7,1001,1c70,42,18,0,1f492fba,808c46a6,7aeff54e,906bfdc1,2ee2002f,760198b7,4c3396cf,96345e04,12d9b29d,7cbb5a6d,677de7c6,84950c16,80212c26,34000100
r2001540:fb4b6d6 w2001540:fb4b6d6 r200180c:736f0bda w200180c:736f0bda w200180c:736e0bda r2001800:e605df96 w2001800:a605df96 w2001800:2605df96 w2001800:2e05df96 da r2001010:de7fec86 w2001010:de784384 w2001010:de784384 w2001010:fe784384 r2001010:fe784384 d14 r2001010:fe784384 w2001010:fe784384 r2001800:2e05df96 w2001800:ac05dc94 d64 w3102020:1 w3102024:0 w3102028:0 da r200180c:736e0bda w200180c:736f0bda r2001540:fb4b6d6 w2001540:4fb4b6d6 r2001800:ac05dc94 w2001800:ec05dc94 d5 r200180c:736f0bda w200180c:736f0bdb r2001800:ec05dc94 w2001800:ec05dc94 w2001800:ec05dc94 d5 w310300c:8000 da r3103110:5cbf3b86 w3103110:768198b7 r3103114:dbdd2542 w3103114:dbdd254f r3102008:fc6caa1e w3102008:fc6ca01e r3102000:ee2b6796 w3102000:ee431796 r3102000:ee431796 w3102000:ee4316a1 r3102000:ee4316a1 w3103120:303 r3102000:ee4316a1 w3102000:ee4316a1 r3102004:65494152 w3102004:6549f152 r3006228:800 w3102500:1071a480 w3102504:14613432 w3102508:31c5 w310250c:2cb9d235 w3102500:1071a481 w3103030:1e14 w3103034:42 w3103038:20 w310303c:0 w310302c:0 w3103058:e0f1b0e w310305c:30414 w3103060:507050b w3103064:400c w3103068:6020306 w310306c:5050403 r3103078:4d8f7d6e w3103078:fd8f7610 w3103080:2050103 w3103050:126639c1 w3103054:33127d81 w3103090:64008f w3103094:320000 r310200c:74b293da w310200c:74b29197 r3103108:4d7be91e w3103108:4d7be31e r3103344:b167d192 w3103344:b1670580 r31033c4:aeaa2912 w31033c4:aeaa0d00 r3103208:6fd181e w3103208:6fd181e r3103310:eda89986 w3103310:eda89d8e r3103314:64ce8342 w3103314:64ce8f4e r3103318:e3ecec0e w3103318:e3ecec0e r310331c:7a32d5ca w310331c:7a32ddce r3103320:f1503eb6 w3103320:f1503ebe r3103324:88761872 w3103324:88761c7e r3103328:94013e w3103328:940d3e r310332c:9fba6afa w310332c:9fba6efe r3103330:16d853a6 w3103330:16d85fae r3103390:c9eff106 w3103390:c9eff306 r3103394:400ddac2 w3103394:400ddac6 r3103398:df53c38e w3103398:df53c38e r310339c:56712d4a w310339c:56712f4e r31033a0:ee971636 w31033a0:ee971636 r31033a4:65b57ff2 w31033a4:65b57ff6 r31033a8:fcdb58be w31033a8:fcdb5abe r31033ac:7bf9427a w31033ac:7bf9427e r31033b0:f21cab26 w31033b0:f21cab26 r3103100:3f37a696 w3103100:3b37a696 r3103334:adffbd62 w3103334:adffbf62 r3103338:241da62e w3103338:241dae2e r31033b4:892294e2 w31033b4:892296e6 r31033b8:40fdae w31033b8:40ffae r310333c:a3238fea w310333c:ab238fea r31033bc:9f66e76a w31033bc:9f66e76a r3103100:3b37a696 w3103100:3f37a696 d1 r3103240:62dfb9d6 w3103240:62dfbdd6 r3103244:f9fda292 w3103244:f9fdae92 r3103248:70038c5e w3103248:70038c5e r310324c:f21f51a w310324c:f21fd1a r3103250:8647dec6 w3103250:8647dec6 r3103254:1d65c782 w3103254:1d65cf82 r3103258:958b214e w3103258:958b2d4e r310325c:2ca90a0a w310325c:2ca90e0a r3103260:abcf73f6 w3103260:abcf7ff6 r3103264:22ed5cb2 w3103264:22ed5cb2 r3103268:b933467e w3103268:b9334e7e r310326c:3056af3a w310326c:3056af3a r3103270:cf7488e6 w3103270:cf748ce6 r3103274:479af1a2 w3103274:479afda2 r3103278:deb8db6e w3103278:deb8df6e r3103228:4f12d23e w3103228:4f12de3e r310322c:c6303bfa w310322c:c6303ffa r3103230:5d5624a6 w3103230:5d562ca6 r3103234:d4740e62 w3103234:d4740e62 r3103238:6c9a772e w3103238:6c9a7f2e r310323c:ebb850ea w310323c:ebb85cea r3103218:2a6abd0e w3103218:2a6abf0e r310321c:a288a6ca w310321c:a288a7ca r3103280:ecfc2d16 w3103280:ecfc2f16 r3103108:4d7be31e w3103108:4d7be31e r31030bc:36f3ca6a w31030bc:36f3ca68 r31030c0:cd113356 w31030c0:c3000001 r70005d4:0 r3103140:a9540ad6 w3103140:aa7b7bfb w3103000:52 w3103000:53 r3103010:1 da w3103000:5a0 w3103000:5a1 da r3103010:1 r70005d4:0 r3103010:1 r3103018:1 r310308c:e85afb5a w310308c:e85afb5a da r310308c:e85afb5a w310308c:685afb5a da r3102014:8af6e642 w3102014:8af6e642 da r310310c:c599d2da w310310c:c199d2da r310311c:e90177ca w310311c:e901774a r3103010:1 r3103010:1 r2001540:4fb4b6d6 w2001540:fb4b6d6 r200180c:736f0bdb w200180c:736f0bda w200180c:736e0bda r2001800:ec05dc94 w2001800:ac05dc94 w2001800:2c05dc94 w2001800:2c05dc94 da r2001010:fe784384 w2001010:fe784384 w2001010:de784384 w2001010:fe784384 r2001010:fe784384 d14 r2001010:fe784384 w2001010:fe784384 r2001800:2c05dc94 w2001800:ac05dc94 d64 w3102020:1 w3102024:0 w3102028:0 da r200180c:736e0bda w200180c:736f0bda r2001540:fb4b6d6 w2001540:4fb4b6d6 r2001800:ac05dc94 w2001800:ec05dc94 d5 r200180c:736f0bda w200180c:736f0bdb r2001800:ec05dc94 w2001800:ec05dc94 w2001800:ec05dc94 d5 w310300c:8000 da r3103110:768198b7 w3103110:768198b7 r3103114:dbdd254f w3103114:dbdd254f r3102008:fc6ca01e w3102008:fc6ca01e r3102000:ee4316a1 w3102000:ee4316a1 r3102000:ee4316a1 w3102000:ee431695 r3102000:ee431695 w3103120:303 r3102000:ee431695 w3102000:ee431695 r3102004:6549f152 w3102004:6549f152 r3006228:800 w3102500:1071a480 w3102504:14613432 w3102508:31c5 w310250c:2cb9d235 w3102500:1071a481 w3103030:1e14 w3103034:42 w3103038:20 w310303c:0 w310302c:0 w3103058:e0f1b0e w310305c:30414 w3103060:507050b w3103064:400c w3103068:6020306 w310306c:5050403 r3103078:fd8f7610 w3103078:fd8f7610 w3103080:2050103 w3103050:126639c1 w3103054:33127d81 w3103090:64008f w3103094:320000 r310200c:74b29197 w310200c:74b29197 r3103108:4d7be31e w3103108:4d7be31e r3103344:b1670580 w3103344:b1670580 r31033c4:aeaa0d00 w31033c4:aeaa0d00 r3103208:6fd181e w3103208:6fd181e r3103310:eda89d8e w3103310:eda89d8e r3103314:64ce8f4e w3103314:64ce8f4e r3103318:e3ecec0e w3103318:e3ecec0e r310331c:7a32ddce w310331c:7a32ddce r3103320:f1503ebe w3103320:f1503ebe r3103324:88761c7e w3103324:88761c7e r3103328:940d3e w3103328:940d3e r310332c:9fba6efe w310332c:9fba6efe r3103330:16d85fae w3103330:16d85fae r3103390:c9eff306 w3103390:c9eff306 r3103394:400ddac6 w3103394:400ddac6 r3103398:df53c38e w3103398:df53c38e r310339c:56712f4e w310339c:56712f4e r31033a0:ee971636 w31033a0:ee971636 r31033a4:65b57ff6 w31033a4:65b57ff6 r31033a8:fcdb5abe w31033a8:fcdb5abe r31033ac:7bf9427e w31033ac:7bf9427e r31033b0:f21cab26 w31033b0:f21cab26 r3103100:3f37a696 w3103100:3b37a696 r3103334:adffbf62 w3103334:adffbf62 r3103338:241dae2e w3103338:241dae2e r31033b4:892296e6 w31033b4:892296e6 r31033b8:40ffae w31033b8:40ffae r310333c:ab238fea w310333c:ab238fea r31033bc:9f66e76a w31033bc:9f66e76a r3103100:3b37a696 w3103100:3f37a696 d1 r3103240:62dfbdd6 w3103240:62dfbdd6 r3103244:f9fdae92 w3103244:f9fdae92 r3103248:70038c5e w3103248:70038c5e r310324c:f21fd1a w310324c:f21fd1a r3103250:8647dec6 w3103250:8647dec6 r3103254:1d65cf82 w3103254:1d65cf82 r3103258:958b2d4e w3103258:958b2d4e r310325c:2ca90e0a w310325c:2ca90e0a r3103260:abcf7ff6 w3103260:abcf7ff6 r3103264:22ed5cb2 w3103264:22ed5cb2 r3103268:b9334e7e w3103268:b9334e7e r310326c:3056af3a w310326c:3056af3a r3103270:cf748ce6 w3103270:cf748ce6 r3103274:479afda2 w3103274:479afda2 r3103278:deb8df6e w3103278:deb8df6e r3103228:4f12de3e w3103228:4f12de3e r310322c:c6303ffa w310322c:c6303ffa r3103230:5d562ca6 w3103230:5d562ca6 r3103234:d4740e62 w3103234:d4740e62 r3103238:6c9a7f2e w3103238:6c9a7f2e r310323c:ebb85cea w310323c:ebb85cea r3103218:2a6abf0e w3103218:2a6abf0e r310321c:a288a7ca w310321c:a288a7ca r3103280:ecfc2f16 w3103280:ecfc2f16 r3103108:4d7be31e w3103108:4d7be31e da r3103108:4d7be31e w3103108:4d7be3de r31030c0:c3000001 w31030c0:c3000001 r70005d4:0 r3103140:aa7b7bfb w3103140:aa7b7bfb r70005d4:0 w3103000:1f2 w3103000:1f3 da r3103010:1 r70005d4:0 r3103010:1 r3103018:1 r310308c:685afb5a w310308c:e85afb5a da r310308c:e85afb5a w310308c:685afb5a da r3102014:8af6e642 w3102014:8af6e642 da r310310c:c199d2da w310310c:c199d2da w40000000:bfffffff w40000004:40000004 w40000008:bffffff7 w4000000c:4000000c w40000010:bfffffef w40000014:40000014 w40000018:bfffffe7 w4000001c:4000001c w40000020:bfffffdf w40000024:40000024 w40000028:bfffffd7 w4000002c:4000002c w40000030:bfffffcf w40000034:40000034 w40000038:bfffffc7 w4000003c:4000003c w40000040:bfffffbf w40000044:40000044 w40000048:bfffffb7 w4000004c:4000004c w40000050:bfffffaf w40000054:40000054 w40000058:bfffffa7 w4000005c:4000005c w40000060:bfffff9f w40000064:40000064 w40000068:bfffff97 w4000006c:4000006c w40000070:bfffff8f w40000074:40000074 w40000078:bfffff87 w4000007c:4000007c w40000080:bfffff7f w40000084:40000084 w40000088:bfffff77 w4000008c:4000008c w40000090:bfffff6f w40000094:40000094 w40000098:bfffff67 w4000009c:4000009c w400000a0:bfffff5f w400000a4:400000a4 w400000a8:bfffff57 w400000ac:400000ac w400000b0:bfffff4f w400000b4:400000b4 w400000b8:bfffff47 w400000bc:400000bc w400000c0:bfffff3f w400000c4:400000c4 w400000c8:bfffff37 w400000cc:400000cc w400000d0:bfffff2f w400000d4:400000d4 w400000d8:bfffff27 w400000dc:400000dc w400000e0:bfffff1f w400000e4:400000e4 w400000e8:bfffff17 w400000ec:400000ec w400000f0:bfffff0f w400000f4:400000f4 w400000f8:bfffff07 w400000fc:400000fc r3102000:ee431695 w3102000:ee4316f1 r3102000:ee4316f1 r40400000:df2d4796 r40800000:6bed4796 r41000000:826d4796 r42000000:d16d4796 r44000000:776d4796 r48000000:bb6d4796 r3102000:ee4316f1 w3102000:ee4316a5 r3102000:ee4316a5 r40000800:88a0cf96 r3102000:ee4316a5 w3102000:ee431aa1 r3102000:ee431aa1 r40000200:dd9e2596 r40000400:6e8b8396 r40000800:88a0cf96 r40001000:c4f65796 r40002000:5c5b6796 r3102000:ee431aa1 w3102000:ee4316f1 r3102004:6549f152 w3102004:6549f6f3 w48000000:b7ffffff w48000004:48000004 w48000008:b7fffff7 w4800000c:4800000c w48000010:b7ffffef w48000014:48000014 w48000018:b7ffffe7 w4800001c:4800001c w48000020:b7ffffdf w48000024:48000024 w48000028:b7ffffd7 w4800002c:4800002c w48000030:b7ffffcf w48000034:48000034 w48000038:b7ffffc7 w4800003c:4800003c w48000040:b7ffffbf w48000044:48000044 w48000048:b7ffffb7 w4800004c:4800004c w48000050:b7ffffaf w48000054:48000054 w48000058:b7ffffa7 w4800005c:4800005c w48000060:b7ffff9f w48000064:48000064 w48000068:b7ffff97 w4800006c:4800006c w48000070:b7ffff8f w48000074:48000074 w48000078:b7ffff87 w4800007c:4800007c w48000080:b7ffff7f w48000084:48000084 w48000088:b7ffff77 w4800008c:4800008c w48000090:b7ffff6f w48000094:48000094 w48000098:b7ffff67 w4800009c:4800009c w480000a0:b7ffff5f w480000a4:480000a4 w480000a8:b7ffff57 w480000ac:480000ac w480000b0:b7ffff4f w480000b4:480000b4 w480000b8:b7ffff47 w480000bc:480000bc w480000c0:b7ffff3f w480000c4:480000c4 w480000c8:b7ffff37 w480000cc:480000cc w480000d0:b7ffff2f w480000d4:480000d4 w480000d8:b7ffff27 w480000dc:480000dc w480000e0:b7ffff1f w480000e4:480000e4 w480000e8:b7ffff17 w480000ec:480000ec w480000f0:b7ffff0f w480000f4:480000f4 w480000f8:b7ffff07 w480000fc:480000fc r3102004:6549f6f3 w3102004:6549f6f3 r3102004:6549f6f3 r48400000:472d4796 r48800000:d3ed4796 r49000000:a6d4796 r4a000000:596d4796 r4c000000:ff6d4796 r50000000:236d4796 r3102000:ee4316f1 w3102000:ee4316a5 r3102004:6549f6f3 w3102004:6549f6a7 r3102004:6549f6a7 r40800800:a720cf96 r3102000:ee4316a5 w3102000:ee431aa1 r3102004:6549f6a7 w3102004:6549faa3 r3102004:6549faa3 r44000200:19e2596 r44000400:928b8396 r44000800:cca0cf96 r44001000:8f65796 r44002000:805b6796
330,3,7b7bfb,1,11081108,1000,1e14,42,20,0,479994,1c2398e,8f064,906bfdc1,2ee2002f,760198b7,4c3396cf,96345e04,12d9b29d,7cbb5a6d,677de7c6,84950c16,80212c26,34006103
1
---
init 0
210,2,7b7bfb,1,52e17fd9,0,1c70,42,18,0,822a87dc,9eba409f,cc73abe9,22bbed8,43d283ef,fb9c9161,27a004fd,d278fadc,c1b49f1b,ffbfc2cb,330344ef,436aecf3,1634dd0d,40010001
r3000160:1c66f974 w3000160:1c66f974 w3000168:0 da r3000150:38ee1244 w3000150:38ce2f44 d1 r2001540:fff85b54 w2001540:bff85b54 r200180c:8323e658 w200180c:8323e658 w200180c:8322e658 r2001800:16493214 w2001800:16493214 w2001800:16493214 w2001800:1e493214 da r2001010:3e330104 w2001010:fe302b04 w2001010:de302b04 w2001010:fe302b04 r2001010:fe302b04 d14 r2001010:fe302b04 w2001010:fe302b04 r2001800:1e493214 w2001800:9c493014 d64 w3102020:1 w3102024:0 w3102028:0 da r200180c:8322e658 w200180c:8323e658 r2001540:bff85b54 w2001540:fff85b54 r2001800:9c493014 w2001800:dc493014 d5 r200180c:8323e658 w200180c:8323e659 r2001800:dc493014 w2001800:dc493014 w2001800:dc493014 d5 w310300c:8000 da r3103110:acf3d604 w3103110:fb9c9161 r3102008:c20479c w3102008:c20609c r3102000:1e678a14 w3102000:1e421a14 r3102000:1e421a14 w3102000:1e4216c4 r3102000:1e4216c4 w3103120:201 r3102000:1e4216c4 w3102000:1e4216c4 r3102004:9505acd0 w3102004:950fbcd0 r3006228:800 w3103030:e73 w3103034:42 w3103038:0 w310303c:0 w310302c:0 w3103058:90e110c w310305c:20312 w3103060:3040408 w3103064:200c w3103068:6020304 w310306c:5050403 r3103078:bdc390ec w3103078:fdc36610 w3103080:2020101 w3103050:10933901 w3103054:21119c81 w3103090:410057 w3103094:200000 r310200c:84fe7e58 w310200c:84fe7107 r3103108:bd37049c w3103108:bd37039c r3103344:412b3c10 w3103344:412b0c00 r31033c4:5ee6c490 w31033c4:5ee60480 r3103208:f6b1f59c w3103208:f6b1f59e r3103310:1de47404 w3103310:1de4761e r3103314:94826ec0 w3103314:94826eda r3103318:13a0018c w3103318:13a0079e r310331c:8a7e3848 w310331c:8a7e3e5a r3103320:11cd334 w3103320:11cd73e r3103324:783af5f0 w3103324:783af7fa r3103328:f0d8ecbc w3103328:f0d8eebe r310332c:6ff68778 w310332c:6ff6877a r3103330:e694be24 w3103330:e694be3e r3103390:39a31c84 w3103390:39a31e84 r3103394:b0413740 w3103394:b0413f40 r3103398:2f1f2e0c w3103398:2f1f3e0c r310339c:a63dc0c8 w310339c:a63ddec8 r31033a0:1edbfbb4 w31033a0:1edbffb4 r31033a4:95f99270 w31033a4:95f99e70 r31033a8:c97b53c w31033a8:c97bf3c r31033ac:8bb5aff8 w31033ac:8bb5bff8 r31033b0:25046a4 w31033b0:2505ea4 r3103100:cf7b4b14 w3103100:cb7b4b14 r3103334:5db350e0 w3103334:5db354e8 r3103338:d4514bac w3103338:d4515fac r31033b4:796e7960 w31033b4:796e7d66 r31033b8:f00c102c w31033b8:f00c1c2e r310333c:536f6268 w310333c:576f6268 r31033bc:6f2a0ae8 w31033bc:6f2a0ae8 r3103100:cb7b4b14 w3103100:cf7b4b14 d1 r3103240:92935454 w3103240:92935e54 r3103244:9b14f10 w3103244:9b14f10 r3103248:804f61dc w3103248:804f6fdc r310324c:ff6d1898 w310324c:ff6d1e98 r3103250:760b3344 w3103250:760b3f44 r3103254:ed292a00 w3103254:ed292e00 r3103258:65c7cccc w3103258:65c7cecc r310325c:dce5e788 w310325c:dce5ef88 r3103260:5b839e74 w3103260:5b839e74 r3103264:d2a1b130 w3103264:d2a1bf30 r3103268:497fabfc w3103268:497faffc r310326c:c01a42b8 w310326c:c01a4eb8 r3103270:3f386564 w3103270:3f386f64 r3103274:b7d61c20 w3103274:b7d61e20 r3103278:2ef436ec w3103278:2ef43eec r3103228:bf5e3fbc w3103228:bf5e3fbc r310322c:367cd678 w310322c:367cde78 r3103230:ad1ac924 w3103230:ad1acf24 r3103234:2438e3e0 w3103234:2438efe0 r3103238:9cd69aac w3103238:9cd69eac r310323c:1bf4bd68 w310323c:1bf4bf68 r3103218:da26508c w3103218:da265f8c r310321c:52c44b48 w310321c:52c44f48 r3103280:1cb0c094 w3103280:1cb0c494 r3103108:bd37039c w3103108:bd37039c da r3103108:bd37039c w3103108:bd3703dc r31030c0:3d5dded4 w31030c0:31003087 r70005d4:0 r3103140:5918e754 w3103140:5a7b7bfb r70005d4:0 w3103000:172 w3103000:173 da r3103010:1 r70005d4:0 r3103010:1 r3103018:1 r310308c:181616d8 w310308c:981616d8 da r310308c:981616d8 w310308c:181616d8 da r3102014:7aba0bc0 w3102014:faba0bc0 da r310310c:35d53f58 w310310c:31d53f58 r3102000:1e4216c4 w31030a0:c1b49f1b w310309c:40a r3103004:e9ebcd0 w3103004:e9ebcd1 r3103100:cf7b4b14 w3103100:cf7b0b14 r3103140:5a7b7bfb w3103140:da7b7bfb r3103108:bd3703dc w3103108:bd3723dc w3102020:ffffffff w3102024:ff w3102028:ffff da
210,2,7b7bfb,1,52e17fd9,200000,e73,42,0,0,471992,131a10c,57041,22bbed8,43d283ef,fb9c9161,27a004fd,d278fadc,c1b49f1b,ffbfc2cb,330344ef,436aecf3,1634dd0d,40010001
20
---
init 1
318,3,7b7bfb,1,12cc16df,1100,1c70,42,18,0,c83edd41,98281a61,bd0558b4,fd4c656d,2faf2cea,580f5876,b2ec7273,8b41e63b,9eaa87fd,5fd4c654,4e93127a,bd56968c,b7bf3ce8,4050100
r3000160:6312ab83 w3000160:6312ab83 w3000168:0 da r3000150:479a40b3 w3000150:479a19b3 d1 r2001540:808c09a3 w2001540:808c09a3 r200180c:fc57b4af w200180c:fc57b4ae w200180c:fc56b4ae r2001800:693d60e3 w2001800:293d60e3 w2001800:293d60e3 w2001800:293d60e3 da r2001010:514753f3 w2001010:d14041f0 w2001010:d14041f0 w2001010:f14041f0 r2001010:f14041f0 d14 r2001010:f14041f0 w2001010:f94041f0 r2001800:293d60e3 w2001800:a83d60e0 d64 w3102020:1 w3102024:0 w3102028:0 da r200180c:fc56b4ae w200180c:fc57b4ae r2001540:808c09a3 w2001540:c08c09a3 r2001800:a83d60e0 w2001800:e83d60e0 d5 r200180c:fc57b4ae w200180c:fc57b4af r2001800:e83d60e0 w2001800:e83d60e0 w2001800:e83d60e0 d5 w310300c:8000 da r3103110:d38784f3 w3103110:d88fd8f6 r3102008:7354156b w3102008:7354206b r3102000:6113d8e3 w3102000:614318e3 r3102000:614318e3 w3102000:614316a1 r3102004:ea71fe27 w3102004:ea71f6a1 r3102000:614316a1 w3103120:303 r3102000:614316a1 w3102000:654316a1 r3102004:ea71f6a1 w3102004:ea73f6a1 r3006228:800 w3102500:12720860 w3102504:1ae93221 w3102508:5519e8 w310250c:174ac2d3 w3102500:12720861 w3103030:1c70 w3103034:42 w3103038:18 w310303c:0 w310302c:0 w3103058:c141a10 w310305c:40415 w3103060:406050a w3103064:400c w3103068:6020406 w310306c:5050403 r3103078:c2b7c21b w3103078:f2b76610 w3103080:2040102 w3103050:11e60ae1 w3103054:31926ac1 w3103090:61008b w3103094:300000 r310200c:fb8a2caf w310200c:fb8a218b r3103108:c243566b w3103108:c243536b r3103344:3e5f6ee7 w3103344:3e5f0cc1 r31033c4:21929667 w31033c4:21920441 r3103208:89c5a76b w3103208:89c5a76b r3103310:629026f3 w3103310:62903ef3 r3103314:ebf63c37 w3103314:ebf63c37 r3103318:6cd4537b w3103318:6cd45b7b r310331c:f50a6abf w310331c:f50a7abf r3103320:7e6881c3 w3103320:7e6899d3 r3103324:74ea707 w3103324:74ebf17 r3103328:8facbe4b w3103328:8facbe5b r310332c:1082d58f w310332c:1082dd9f r3103330:99e0ecd3 w3103330:99e0fcd3 r3103390:46d74e73 w3103390:46d75e7f r3103394:cf3565b7 w3103394:cf3575bf r3103398:506b7cfb w3103398:506b7cff r310339c:d949923f w310339c:d949923f r31033a0:61afa943 w31033a0:61afb95f r31033a4:ea8dc087 w31033a4:ea8dd09f r31033a8:73e3e7cb w31033a8:73e3f7df r31033ac:f4c1fd0f w31033ac:f4c1fd1f r31033b0:7d241453 w31033b0:7d24145f r3103100:b00f19e3 w3103100:b00f19e3 r3103334:22c70217 w3103334:22c70e1f r3103338:ab25195b w3103338:ab251d5f r31033b4:61a2b97 w31033b4:61a2b97 r31033b8:8f7842db w31033b8:8f784adf r310333c:2c1b309f w310333c:2c1b309f r31033bc:105e581f w31033bc:1a5e581f r3103100:b00f19e3 w3103100:b40f19e3 d1 r3103240:ede706a3 w3103240:ede707a3 r3103244:76c51de7 w3103244:76c51fe7 r3103248:ff3b332b w3103248:ff3b372b r310324c:80194a6f w310324c:80194f6f r3103250:97f61b3 w3103250:97f67b3 r3103254:925d78f7 w3103254:925d7ff7 r3103258:1ab39e3b w3103258:1ab39f3b r310325c:a391b57f w310325c:a391b77f r3103260:24f7cc83 w3103260:24f7cf83 r3103264:add5e3c7 w3103264:add5e7c7 r3103268:360bf90b w3103268:360bff0b r310326c:bf6e104f w310326c:bf6e174f r3103270:404c3793 w3103270:404c3793 r3103274:c8a24ed7 w3103274:c8a24fd7 r3103278:5180641b w3103278:5180671b r3103228:c02a6d4b w3103228:c02a6f4b r310322c:4908848f w310322c:4908878f r3103230:d26e9bd3 w3103230:d26e9fd3 r3103234:5b4cb117 w3103234:5b4cb717 r3103238:e3a2c85b w3103238:e3a2cf5b r310323c:6480ef9f w310323c:6480ef9f r3103218:a552027b w3103218:a5520a7b r310321c:2db019bf w310321c:2db01bbf r3103280:63c49263 w3103280:63c49363 r3103108:c243536b w3103108:c243532b r31030bc:b9cb751f w31030bc:b9cb7418 r31030c0:42298c23 w31030c0:43000001 r70005d4:0 r3103140:266cb5a3 w3103140:267b7bfb w3103000:52 w3103000:53 r3103010:1 da w3103000:5a0 w3103000:5a1 da r3103010:1 r70005d4:0 r3103010:1 r3103018:1 r310308c:6762442f w310308c:e762442f da r310308c:e762442f w310308c:6762442f da r3102014:5ce5937 w3102014:85ce5937 da r310310c:4aa16daf w310310c:48a16daf r310311c:6639c8bf w310311c:6639c87f r3103010:1 r3103010:1 r2001540:c08c09a3 w2001540:808c09a3 r200180c:fc57b4af w200180c:fc57b4ae w200180c:fc56b4ae r2001800:e83d60e0 w2001800:a83d60e0 w2001800:283d60e0 w2001800:283d60e0 da r2001010:f94041f0 w2001010:f94041f0 w2001010:d94041f0 w2001010:f94041f0 r2001010:f94041f0 d14 r2001010:f94041f0 w2001010:f94041f0 r2001800:283d60e0 w2001800:a83d60e0 d64 w3102020:1 w3102024:0 w3102028:0 da r200180c:fc56b4ae w200180c:fc57b4ae r2001540:808c09a3 w2001540:c08c09a3 r2001800:a83d60e0 w2001800:e83d60e0 d5 r200180c:fc57b4ae w200180c:fc57b4af r2001800:e83d60e0 w2001800:e83d60e0 w2001800:e83d60e0 d5 w310300c:8000 da r3103110:d88fd8f6 w3103110:d88fd8f6 r3102008:7354206b w3102008:7354206b r3102000:654316a1 w3102000:654316a1 r3102000:654316a1 w3102000:654316c5 r3102004:ea73f6a1 w3102004:ea73f6b5 r3102000:654316c5 w3103120:303 r3102000:654316c5 w3102000:654316c5 r3102004:ea73f6b5 w3102004:ea73f6b5 r3006228:800 w3102500:12720860 w3102504:1ae93221 w3102508:5519e8 w310250c:174ac2d3 w3102500:12720861 w3103030:1c70 w3103034:42 w3103038:18 w310303c:0 w310302c:0 w3103058:c141a10 w310305c:40415 w3103060:406050a w3103064:400c w3103068:6020406 w310306c:5050403 r3103078:f2b76610 w3103078:f2b76610 w3103080:2040102 w3103050:11e60ae1 w3103054:31926ac1 w3103090:61008b w3103094:300000 r310200c:fb8a218b w310200c:fb8a218b r3103108:c243532b w3103108:c243532b r3103344:3e5f0cc1 w3103344:3e5f0cc1 r31033c4:21920441 w31033c4:21920441 r3103208:89c5a76b w3103208:89c5a76b r3103310:62903ef3 w3103310:62903ef3 r3103314:ebf63c37 w3103314:ebf63c37 r3103318:6cd45b7b w3103318:6cd45b7b r310331c:f50a7abf w310331c:f50a7abf r3103320:7e6899d3 w3103320:7e6899d3 r3103324:74ebf17 w3103324:74ebf17 r3103328:8facbe5b w3103328:8facbe5b r310332c:1082dd9f w310332c:1082dd9f r3103330:99e0fcd3 w3103330:99e0fcd3 r3103390:46d75e7f w3103390:46d75e7f r3103394:cf3575bf w3103394:cf3575bf r3103398:506b7cff w3103398:506b7cff r310339c:d949923f w310339c:d949923f r31033a0:61afb95f w31033a0:61afb95f r31033a4:ea8dd09f w31033a4:ea8dd09f r31033a8:73e3f7df w31033a8:73e3f7df r31033ac:f4c1fd1f w31033ac:f4c1fd1f r31033b0:7d24145f w31033b0:7d24145f r3103100:b40f19e3 w3103100:b00f19e3 r3103334:22c70e1f w3103334:22c70e1f r3103338:ab251d5f w3103338:ab251d5f r31033b4:61a2b97 w31033b4:61a2b97 r31033b8:8f784adf w31033b8:8f784adf r310333c:2c1b309f w310333c:2c1b309f r31033bc:1a5e581f w31033bc:1a5e581f r3103100:b00f19e3 w3103100:b40f19e3 d1 r3103240:ede707a3 w3103240:ede707a3 r3103244:76c51fe7 w3103244:76c51fe7 r3103248:ff3b372b w3103248:ff3b372b r310324c:80194f6f w310324c:80194f6f r3103250:97f67b3 w3103250:97f67b3 r3103254:925d7ff7 w3103254:925d7ff7 r3103258:1ab39f3b w3103258:1ab39f3b r310325c:a391b77f w310325c:a391b77f r3103260:24f7cf83 w3103260:24f7cf83 r3103264:add5e7c7 w3103264:add5e7c7 r3103268:360bff0b w3103268:360bff0b r310326c:bf6e174f w310326c:bf6e174f r3103270:404c3793 w3103270:404c3793 r3103274:c8a24fd7 w3103274:c8a24fd7 r3103278:5180671b w3103278:5180671b r3103228:c02a6f4b w3103228:c02a6f4b r310322c:4908878f w310322c:4908878f r3103230:d26e9fd3 w3103230:d26e9fd3 r3103234:5b4cb717 w3103234:5b4cb717 r3103238:e3a2cf5b w3103238:e3a2cf5b r310323c:6480ef9f w310323c:6480ef9f r3103218:a5520a7b w3103218:a5520a7b r310321c:2db01bbf w310321c:2db01bbf r3103280:63c49363 w3103280:63c49363 r3103108:c243532b w3103108:c243532b da r3103108:c243532b w3103108:c24353eb r31030c0:43000001 w31030c0:43000001 r70005d4:0 r3103140:267b7bfb w3103140:267b7bfb r70005d4:0 w3103000:1f2 w3103000:1f3 da r3103010:1 r70005d4:0 r3103010:1 r3103018:1 r310308c:6762442f w310308c:e762442f da r310308c:e762442f w310308c:6762442f da r3102014:85ce5937 w3102014:85ce5937 da r310310c:48a16daf w310310c:48a16daf w40000000:bfffffff w40000004:40000004 w40000008:bffffff7 w4000000c:4000000c w40000010:bfffffef w40000014:40000014 w40000018:bfffffe7 w4000001c:4000001c w40000020:bfffffdf w40000024:40000024 w40000028:bfffffd7 w4000002c:4000002c w40000030:bfffffcf w40000034:40000034 w40000038:bfffffc7 w4000003c:4000003c w40000040:bfffffbf w40000044:40000044 w40000048:bfffffb7 w4000004c:4000004c w40000050:bfffffaf w40000054:40000054 w40000058:bfffffa7 w4000005c:4000005c w40000060:bfffff9f w40000064:40000064 w40000068:bfffff97 w4000006c:4000006c w40000070:bfffff8f w40000074:40000074 w40000078:bfffff87 w4000007c:4000007c w40000080:bfffff7f w40000084:40000084 w40000088:bfffff77 w4000008c:4000008c w40000090:bfffff6f w40000094:40000094 w40000098:bfffff67 w4000009c:4000009c w400000a0:bfffff5f w400000a4:400000a4 w400000a8:bfffff57 w400000ac:400000ac w400000b0:bfffff4f w400000b4:400000b4 w400000b8:bfffff47 w400000bc:400000bc w400000c0:bfffff3f w400000c4:400000c4 w400000c8:bfffff37 w400000cc:400000cc w400000d0:bfffff2f w400000d4:400000d4 w400000d8:bfffff27 w400000dc:400000dc w400000e0:bfffff1f w400000e4:400000e4 w400000e8:bfffff17 w400000ec:400000ec w400000f0:bfffff0f w400000f4:400000f4 w400000f8:bfffff07 w400000fc:400000fc r3102000:654316c5 w3102000:654316f1 r3102000:654316f1 r40400000:5015f8e3 r40800000:e4d5f8e3 r41000000:d55f8e3 r42000000:5e55f8e3 r44000000:f855f8e3 r48000000:3455f8e3 r3102000:654316f1 w3102000:654316a5 r3102000:654316a5 r40000800:79870e3 r3102000:654316a5 w3102000:65431aa1 r3102000:65431aa1 r40000200:52a69ae3 r40000400:e1b33ce3 r40000800:79870e3 r40001000:4bcee8e3 r40002000:d363d8e3 r3102000:65431aa1 w3102000:654316f1 r3102004:ea73f6b5 w3102004:ea73f6f1 w48000000:b7ffffff w48000004:48000004 w48000008:b7fffff7 w4800000c:4800000c w48000010:b7ffffef w48000014:48000014 w48000018:b7ffffe7 w4800001c:4800001c w48000020:b7ffffdf w48000024:48000024 w48000028:b7ffffd7 w4800002c:4800002c w48000030:b7ffffcf w48000034:48000034 w48000038:b7ffffc7 w4800003c:4800003c w48000040:b7ffffbf w48000044:48000044 w48000048:b7ffffb7 w4800004c:4800004c w48000050:b7ffffaf w48000054:48000054 w48000058:b7ffffa7 w4800005c:4800005c w48000060:b7ffff9f w48000064:48000064 w48000068:b7ffff97 w4800006c:4800006c w48000070:b7ffff8f w48000074:48000074 w48000078:b7ffff87 w4800007c:4800007c w48000080:b7ffff7f w48000084:48000084 w48000088:b7ffff77 w4800008c:4800008c w48000090:b7ffff6f w48000094:48000094 w48000098:b7ffff67 w4800009c:4800009c w480000a0:b7ffff5f w480000a4:480000a4 w480000a8:b7ffff57 w480000ac:480000ac w480000b0:b7ffff4f w480000b4:480000b4 w480000b8:b7ffff47 w480000bc:480000bc w480000c0:b7ffff3f w480000c4:480000c4 w480000c8:b7ffff37 w480000cc:480000cc w480000d0:b7ffff2f w480000d4:480000d4 w480000d8:b7ffff27 w480000dc:480000dc w480000e0:b7ffff1f w480000e4:480000e4 w480000e8:b7ffff17 w480000ec:480000ec w480000f0:b7ffff0f w480000f4:480000f4 w480000f8:b7ffff07 w480000fc:480000fc r3102004:ea73f6f1 w3102004:ea73f6f1 r3102004:ea73f6f1 r48400000:c815f8e3 r48800000:5cd5f8e3 r49000000:8555f8e3 r4a000000:d655f8e3 r4c000000:7055f8e3 r50000000:ac55f8e3 r3102000:654316f1 w3102000:654316a5 r3102004:ea73f6f1 w3102004:ea73f6a5 r3102004:ea73f6a5 r40800800:281870e3 r3102000:654316a5 w3102000:65431aa1 r3102004:ea73f6a5 w3102004:ea73faa1 r3102004:ea73faa1 r44000200:8ea69ae3 r44000400:1db33ce3 r44000800:439870e3 r44001000:87cee8e3 r44002000:f63d8e3 r2001540:c08c09a3 w2001540:808c09a3 r200180c:fc57b4af w200180c:fc57b4ae w200180c:fc56b4ae r2001800:e83d60e0 w2001800:a83d60e0 w2001800:283d60e0 w2001800:283d60e0 da r2001010:f94041f0 w2001010:f94041f0 w2001010:d94041f0 w2001010:f94041f0 r2001010:f94041f0 d14 r2001010:f94041f0 w2001010:f94041f0 r2001800:283d60e0 w2001800:a83d60e0 d64 w3102020:1 w3102024:0 w3102028:0 da r200180c:fc56b4ae w200180c:fc57b4ae r2001540:808c09a3 w2001540:c08c09a3 r2001800:a83d60e0 w2001800:e83d60e0 d5 r200180c:fc57b4ae w200180c:fc57b4af r2001800:e83d60e0 w2001800:e83d60e0 w2001800:e83d60e0 d5 w310300c:8000 da r3103110:d88fd8f6 w3103110:d88fd8f6 r3102008:7354206b w3102008:7354206b r3102000:65431aa1 w3102000:65431aa1 r3102000:65431aa1 w3102000:65431af5 r3102000:65431af5 w3103120:303 r3102000:65431af5 w3102000:65431af5 r3102004:ea73faa1 w3102004:ea73faa1 r3006228:800 w3102500:12720860 w3102504:1ae93221 w3102508:5519e8 w310250c:174ac2d3 w3102500:12720861 w3103030:1c70 w3103034:42 w3103038:18 w310303c:0 w310302c:0 w3103058:c141a10 w310305c:40415 w3103060:406050a w3103064:400c w3103068:6020406 w310306c:5050403 r3103078:f2b76610 w3103078:f2b76610 w3103080:2040102 w3103050:11e60ae1 w3103054:31926ac1 w3103090:61008b w3103094:300000 r310200c:fb8a218b w310200c:fb8a218b r3103108:c24353eb w3103108:c24353eb r3103344:3e5f0cc1 w3103344:3e5f0cc1 r31033c4:21920441 w31033c4:21920441 r3103208:89c5a76b w3103208:89c5a76b r3103310:62903ef3 w3103310:62903ef3 r3103314:ebf63c37 w3103314:ebf63c37 r3103318:6cd45b7b w3103318:6cd45b7b r310331c:f50a7abf w310331c:f50a7abf r3103320:7e6899d3 w3103320:7e6899d3 r3103324:74ebf17 w3103324:74ebf17 r3103328:8facbe5b w3103328:8facbe5b r310332c:1082dd9f w310332c:1082dd9f r3103330:99e0fcd3 w3103330:99e0fcd3 r3103390:46d75e7f w3103390:46d75e7f r3103394:cf3575bf w3103394:cf3575bf r3103398:506b7cff w3103398:506b7cff r310339c:d949923f w310339c:d949923f r31033a0:61afb95f w31033a0:61afb95f r31033a4:ea8dd09f w31033a4:ea8dd09f r31033a8:73e3f7df w31033a8:73e3f7df r31033ac:f4c1fd1f w31033ac:f4c1fd1f r31033b0:7d24145f w31033b0:7d24145f r3103100:b40f19e3 w3103100:b00f19e3 r3103334:22c70e1f w3103334:22c70e1f r3103338:ab251d5f w3103338:ab251d5f r31033b4:61a2b97 w31033b4:61a2b97 r31033b8:8f784adf w31033b8:8f784adf r310333c:2c1b309f w310333c:2c1b309f r31033bc:1a5e581f w31033bc:1a5e581f r3103100:b00f19e3 w3103100:b40f19e3 d1 r3103240:ede707a3 w3103240:ede707a3 r3103244:76c51fe7 w3103244:76c51fe7 r3103248:ff3b372b w3103248:ff3b372b r310324c:80194f6f w310324c:80194f6f r3103250:97f67b3 w3103250:97f67b3 r3103254:925d7ff7 w3103254:925d7ff7 r3103258:1ab39f3b w3103258:1ab39f3b r310325c:a391b77f w310325c:a391b77f r3103260:24f7cf83 w3103260:24f7cf83 r3103264:add5e7c7 w3103264:add5e7c7 r3103268:360bff0b w3103268:360bff0b r310326c:bf6e174f w310326c:bf6e174f r3103270:404c3793 w3103270:404c3793 r3103274:c8a24fd7 w3103274:c8a24fd7 r3103278:5180671b w3103278:5180671b r3103228:c02a6f4b w3103228:c02a6f4b r310322c:4908878f w310322c:4908878f r3103230:d26e9fd3 w3103230:d26e9fd3 r3103234:5b4cb717 w3103234:5b4cb717 r3103238:e3a2cf5b w3103238:e3a2cf5b r310323c:6480ef9f w310323c:6480ef9f r3103218:a5520a7b w3103218:a5520a7b r310321c:2db01bbf w310321c:2db01bbf r3103280:63c49363 w3103280:63c49363 r3103108:c24353eb w3103108:c24353ab da r3103108:c24353ab w3103108:c24353eb r31030c0:43000001 w31030c0:43000001 r70005d4:0 r3103140:267b7bfb w3103140:267b7bfb r70005d4:0 w3103000:1f2 w3103000:1f3 da r3103010:1 r70005d4:0 r3103010:1 r3103018:1 r310308c:6762442f w310308c:e762442f da r310308c:e762442f w310308c:6762442f da r3102014:85ce5937 w3102014:85ce5937 da r310310c:48a16daf w310310c:48a16daf r3102000:65431af5 r3102004:ea73faa1 r31030a0:bd8c643 w31030a0:bd80000 r3103004:71eaee27 w3103004:71eaee26 r3103100:b40f19e3 w3103100:b40f09e3 r3103140:267b7bfb w3103140:a67b7bfb r31030b8:30955fdb w31030b8:30955fdb r3103108:c24353eb w3103108:c24353eb w3102020:ffffffff w3102024:ff w3102028:ffff da
318,3,7b7bfb,1,11081108,10401000,1c70,42,18,0,4a2195,2423190,8b061,fd4c656d,2faf2cea,580f5876,b2ec7273,8b41e63b,9eaa87fd,5fd4c654,4e93127a,bd56968c,b7bf3ce8,4056103
1040
---
init 2
330,3,7b7bfb,1,47a1fca7,1001,1c70,42,18,0,1f492fba,808c46a6,7aeff54e,906bfdc1,2ee2002f,760198b7,4c3396cf,96345e04,12d9b29d,7cbb5a6d,677de7c6,84950c16,80212c26,24000100
w7010254:0 r3000160:ec2a14f6 w3000160:ec2a14f4 da r3000160:ec2a14f4 w3000160:ec2a14f4 w3000160:ec2a14f6 da r3000160:ec2a14f6 w3000160:ec2a14f7 d14 r300016c:7a8c403a r3000150:c8a2ffc6 w3000150:c88219c6 d1 r2001540:fb4b6d6 w2001540:fb4b6d6 r200180c:736f0bda w200180c:736f0bda w200180c:736e0bda r2001800:e605df96 w2001800:a605df96 w2001800:2605df96 w2001800:2e05df96 da r2001010:de7fec86 w2001010:de784384 w2001010:de784384 w2001010:fe784384 r2001010:fe784384 d14 r2001010:fe784384 w2001010:fe784384 r2001800:2e05df96 w2001800:ac05dc94 d64 w3102020:1 w3102024:0 w3102028:0 da r200180c:736e0bda w200180c:736f0bda r2001540:fb4b6d6 w2001540:4fb4b6d6 r2001800:ac05dc94 w2001800:ec05dc94 d5 r200180c:736f0bda w200180c:736f0bdb r2001800:ec05dc94 w2001800:ec05dc94 w2001800:ec05dc94 d5 w310300c:8000 da r3103110:5cbf3b86 w3103110:768198b7 r3103114:dbdd2542 w3103114:dbdd254f r3102008:fc6caa1e w3102008:fc6ca01e r3102000:ee2b6796 w3102000:ee431796 r3102000:ee431796 w3102000:ee4316a1 r3102000:ee4316a1 w3103120:303 r3102000:ee4316a1 w3102000:ee4316a1 r3102004:65494152 w3102004:6549f152 r3006228:800 w3102500:1071a480 w3102504:14613432 w3102508:31c5 w310250c:2cb9d235 w3102500:1071a481 w3103030:1e14 w3103034:42 w3103038:20 w310303c:0 w310302c:0 w3103058:e0f1b0e w310305c:30414 w3103060:507050b w3103064:400c w3103068:6020306 w310306c:5050403 r3103078:4d8f7d6e w3103078:fd8f7610 w3103080:2050103 w3103050:126639c1 w3103054:33127d81 w3103090:64008f w3103094:320000 r310200c:74b293da w310200c:74b29197 r3103108:4d7be91e w3103108:4d7be31e r3103344:b167d192 w3103344:b1670580 r31033c4:aeaa2912 w31033c4:aeaa0d00 r3103208:6fd181e w3103208:6fd181e r3103310:eda89986 w3103310:eda89d8e r3103314:64ce8342 w3103314:64ce8f4e r3103318:e3ecec0e w3103318:e3ecec0e r310331c:7a32d5ca w310331c:7a32ddce r3103320:f1503eb6 w3103320:f1503ebe r3103324:88761872 w3103324:88761c7e r3103328:94013e w3103328:940d3e r310332c:9fba6afa w310332c:9fba6efe r3103330:16d853a6 w3103330:16d85fae r3103390:c9eff106 w3103390:c9eff306 r3103394:400ddac2 w3103394:400ddac6 r3103398:df53c38e w3103398:df53c38e r310339c:56712d4a w310339c:56712f4e r31033a0:ee971636 w31033a0:ee971636 r31033a4:65b57ff2 w31033a4:65b57ff6 r31033a8:fcdb58be w31033a8:fcdb5abe r31033ac:7bf9427a w31033ac:7bf9427e r31033b0:f21cab26 w31033b0:f21cab26 r3103100:3f37a696 w3103100:3b37a696 r3103334:adffbd62 w3103334:adffbf62 r3103338:241da62e w3103338:241dae2e r31033b4:892294e2 w31033b4:892296e6 r31033b8:40fdae w31033b8:40ffae r310333c:a3238fea w310333c:ab238fea r31033bc:9f66e76a w31033bc:9f66e76a r3103100:3b37a696 w3103100:3f37a696 d1 r3103240:62dfb9d6 w3103240:62dfbdd6 r3103244:f9fda292 w3103244:f9fdae92 r3103248:70038c5e w3103248:70038c5e r310324c:f21f51a w310324c:f21fd1a r3103250:8647dec6 w3103250:8647dec6 r3103254:1d65c782 w3103254:1d65cf82 r3103258:958b214e w3103258:958b2d4e r310325c:2ca90a0a w310325c:2ca90e0a r3103260:abcf73f6 w3103260:abcf7ff6 r3103264:22ed5cb2 w3103264:22ed5cb2 r3103268:b933467e w3103268:b9334e7e r310326c:3056af3a w310326c:3056af3a r3103270:cf7488e6 w3103270:cf748ce6 r3103274:479af1a2 w3103274:479afda2 r3103278:deb8db6e w3103278:deb8df6e r3103228:4f12d23e w3103228:4f12de3e r310322c:c6303bfa w310322c:c6303ffa r3103230:5d5624a6 w3103230:5d562ca6 r3103234:d4740e62 w3103234:d4740e62 r3103238:6c9a772e w3103238:6c9a7f2e r310323c:ebb850ea w310323c:ebb85cea r3103218:2a6abd0e w3103218:2a6abf0e r310321c:a288a6ca w310321c:a288a7ca r3103280:ecfc2d16 w3103280:ecfc2f16 r3103108:4d7be31e w3103108:4d7be31e r31030bc:36f3ca6a w31030bc:36f3ca68 r31030c0:cd113356 w31030c0:c3000001 r70005d4:0 r3103140:a9540ad6 w3103140:aa7b7bfb w3103000:52 w3103000:53 r3103010:1 da w3103000:5a0 w3103000:5a1 da r3103010:1 r70005d4:0 r3103010:1 r3103018:1 r310308c:e85afb5a w310308c:e85afb5a da r310308c:e85afb5a w310308c:685afb5a da r3102014:8af6e642 w3102014:8af6e642 da r310310c:c599d2da w310310c:c199d2da r310311c:e90177ca w310311c:e901774a r3103010:1 r3103010:1 r2001540:4fb4b6d6 w2001540:fb4b6d6 r200180c:736f0bdb w200180c:736f0bda w200180c:736e0bda r2001800:ec05dc94 w2001800:ac05dc94 w2001800:2c05dc94 w2001800:2c05dc94 da r2001010:fe784384 w2001010:fe784384 w2001010:de784384 w2001010:fe784384 r2001010:fe784384 d14 r2001010:fe784384 w2001010:fe784384 r2001800:2c05dc94 w2001800:ac05dc94 d64 w3102020:1 w3102024:0 w3102028:0 da r200180c:736e0bda w200180c:736f0bda r2001540:fb4b6d6 w2001540:4fb4b6d6 r2001800:ac05dc94 w2001800:ec05dc94 d5 r200180c:736f0bda w200180c:736f0bdb r2001800:ec05dc94 w2001800:ec05dc94 w2001800:ec05dc94 d5 w310300c:8000 da r3103110:768198b7 w3103110:768198b7 r3103114:dbdd254f w3103114:dbdd254f r3102008:fc6ca01e w3102008:fc6ca01e r3102000:ee4316a1 w3102000:ee4316a1 r3102000:ee4316a1 w3102000:ee431695 r3102000:ee431695 w3103120:303 r3102000:ee431695 w3102000:ee431695 r3102004:6549f152 w3102004:6549f152 r3006228:800 w3102500:1071a480 w3102504:14613432 w3102508:31c5 w310250c:2cb9d235 w3102500:1071a481 w3103030:1e14 w3103034:42 w3103038:20 w310303c:0 w310302c:0 w3103058:e0f1b0e w310305c:30414 w3103060:507050b w3103064:400c w3103068:6020306 w310306c:5050403 r3103078:fd8f7610 w3103078:fd8f7610 w3103080:2050103 w3103050:126639c1 w3103054:33127d81 w3103090:64008f w3103094:320000 r310200c:74b29197 w310200c:74b29197 r3103108:4d7be31e w3103108:4d7be31e r3103344:b1670580 w3103344:b1670580 r31033c4:aeaa0d00 w31033c4:aeaa0d00 r3103208:6fd181e w3103208:6fd181e r3103310:eda89d8e w3103310:eda89d8e r3103314:64ce8f4e w3103314:64ce8f4e r3103318:e3ecec0e w3103318:e3ecec0e r310331c:7a32ddce w310331c:7a32ddce r3103320:f1503ebe w3103320:f1503ebe r3103324:88761c7e w3103324:88761c7e r3103328:940d3e w3103328:940d3e r310332c:9fba6efe w310332c:9fba6efe r3103330:16d85fae w3103330:16d85fae r3103390:c9eff306 w3103390:c9eff306 r3103394:400ddac6 w3103394:400ddac6 r3103398:df53c38e w3103398:df53c38e r310339c:56712f4e w310339c:56712f4e r31033a0:ee971636 w31033a0:ee971636 r31033a4:65b57ff6 w31033a4:65b57ff6 r31033a8:fcdb5abe w31033a8:fcdb5abe r31033ac:7bf9427e w31033ac:7bf9427e r31033b0:f21cab26 w31033b0:f21cab26 r3103100:3f37a696 w3103100:3b37a696 r3103334:adffbf62 w3103334:adffbf62 r3103338:241dae2e w3103338:241dae2e r31033b4:892296e6 w31033b4:892296e6 r31033b8:40ffae w31033b8:40ffae r310333c:ab238fea w310333c:ab238fea r31033bc:9f66e76a w31033bc:9f66e76a r3103100:3b37a696 w3103100:3f37a696 d1 r3103240:62dfbdd6 w3103240:62dfbdd6 r3103244:f9fdae92 w3103244:f9fdae92 r3103248:70038c5e w3103248:70038c5e r310324c:f21fd1a w310324c:f21fd1a r3103250:8647dec6 w3103250:8647dec6 r3103254:1d65cf82 w3103254:1d65cf82 r3103258:958b2d4e w3103258:958b2d4e r310325c:2ca90e0a w310325c:2ca90e0a r3103260:abcf7ff6 w3103260:abcf7ff6 r3103264:22ed5cb2 w3103264:22ed5cb2 r3103268:b9334e7e w3103268:b9334e7e r310326c:3056af3a w310326c:3056af3a r3103270:cf748ce6 w3103270:cf748ce6 r3103274:479afda2 w3103274:479afda2 r3103278:deb8df6e w3103278:deb8df6e r3103228:4f12de3e w3103228:4f12de3e r310322c:c6303ffa w310322c:c6303ffa r3103230:5d562ca6 w3103230:5d562ca6 r3103234:d4740e62 w3103234:d4740e62 r3103238:6c9a7f2e w3103238:6c9a7f2e r310323c:ebb85cea w310323c:ebb85cea r3103218:2a6abf0e w3103218:2a6abf0e r310321c:a288a7ca w310321c:a288a7ca r3103280:ecfc2f16 w3103280:ecfc2f16 r3103108:4d7be31e w3103108:4d7be31e da r3103108:4d7be31e w3103108:4d7be3de r31030c0:c3000001 w31030c0:c3000001 r70005d4:0 r3103140:aa7b7bfb w3103140:aa7b7bfb r70005d4:0 w3103000:1f2 w3103000:1f3 da r3103010:1 r70005d4:0 r3103010:1 r3103018:1 r310308c:685afb5a w310308c:e85afb5a da r310308c:e85afb5a w310308c:685afb5a da r3102014:8af6e642 w3102014:8af6e642 da r310310c:c199d2da w310310c:c199d2da w40000000:bfffffff w40000004:40000004 w40000008:bffffff7 w4000000c:4000000c w40000010:bfffffef w40000014:40000014 w40000018:bfffffe7 w4000001c:4000001c w40000020:bfffffdf w40000024:40000024 w40000028:bfffffd7 w4000002c:4000002c w40000030:bfffffcf w40000034:40000034 w40000038:bfffffc7 w4000003c:4000003c w40000040:bfffffbf w40000044:40000044 w40000048:bfffffb7 w4000004c:4000004c w40000050:bfffffaf w40000054:40000054 w40000058:bfffffa7 w4000005c:4000005c w40000060:bfffff9f w40000064:40000064 w40000068:bfffff97 w4000006c:4000006c w40000070:bfffff8f w40000074:40000074 w40000078:bfffff87 w4000007c:4000007c w40000080:bfffff7f w40000084:40000084 w40000088:bfffff77 w4000008c:4000008c w40000090:bfffff6f w40000094:40000094 w40000098:bfffff67 w4000009c:4000009c w400000a0:bfffff5f w400000a4:400000a4 w400000a8:bfffff57 w400000ac:400000ac w400000b0:bfffff4f w400000b4:400000b4 w400000b8:bfffff47 w400000bc:400000bc w400000c0:bfffff3f w400000c4:400000c4 w400000c8:bfffff37 w400000cc:400000cc w400000d0:bfffff2f w400000d4:400000d4 w400000d8:bfffff27 w400000dc:400000dc w400000e0:bfffff1f w400000e4:400000e4 w400000e8:bfffff17 w400000ec:400000ec w400000f0:bfffff0f w400000f4:400000f4 w400000f8:bfffff07 w400000fc:400000fc r3102000:ee431695 w3102000:ee4316f1 r3102000:ee4316f1 r40400000:df2d4796 r40800000:6bed4796 r41000000:826d4796 r42000000:d16d4796 r44000000:776d4796 r48000000:bb6d4796 r3102000:ee4316f1 w3102000:ee4316a5 r3102000:ee4316a5 r40000800:88a0cf96 r3102000:ee4316a5 w3102000:ee431aa1 r3102000:ee431aa1 r40000200:dd9e2596 r40000400:6e8b8396 r40000800:88a0cf96 r40001000:c4f65796 r40002000:5c5b6796 r3102000:ee431aa1 w3102000:ee4316f1 r3102004:6549f152 w3102004:6549f6f3 w48000000:b7ffffff w48000004:48000004 w48000008:b7fffff7 w4800000c:4800000c w48000010:b7ffffef w48000014:48000014 w48000018:b7ffffe7 w4800001c:4800001c w48000020:b7ffffdf w48000024:48000024 w48000028:b7ffffd7 w4800002c:4800002c w48000030:b7ffffcf w48000034:48000034 w48000038:b7ffffc7 w4800003c:4800003c w48000040:b7ffffbf w48000044:48000044 w48000048:b7ffffb7 w4800004c:4800004c w48000050:b7ffffaf w48000054:48000054 w48000058:b7ffffa7 w4800005c:4800005c w48000060:b7ffff9f w48000064:48000064 w48000068:b7ffff97 w4800006c:4800006c w48000070:b7ffff8f w48000074:48000074 w48000078:b7ffff87 w4800007c:4800007c w48000080:b7ffff7f w48000084:48000084 w48000088:b7ffff77 w4800008c:4800008c w48000090:b7ffff6f w48000094:48000094 w48000098:b7ffff67 w4800009c:4800009c w480000a0:b7ffff5f w480000a4:480000a4 w480000a8:b7ffff57 w480000ac:480000ac w480000b0:b7ffff4f w480000b4:480000b4 w480000b8:b7ffff47 w480000bc:480000bc w480000c0:b7ffff3f w480000c4:480000c4 w480000c8:b7ffff37 w480000cc:480000cc w480000d0:b7ffff2f w480000d4:480000d4 w480000d8:b7ffff27 w480000dc:480000dc w480000e0:b7ffff1f w480000e4:480000e4 w480000e8:b7ffff17 w480000ec:480000ec w480000f0:b7ffff0f w480000f4:480000f4 w480000f8:b7ffff07 w480000fc:480000fc r3102004:6549f6f3 w3102004:6549f6f3 r3102004:6549f6f3 r48400000:472d4796 r48800000:d3ed4796 r49000000:a6d4796 r4a000000:596d4796 r4c000000:ff6d4796 r50000000:236d4796 r3102000:ee4316f1 w3102000:ee4316a5 r3102004:6549f6f3 w3102004:6549f6a7 r3102004:6549f6a7 r40800800:a720cf96 r3102000:ee4316a5 w3102000:ee431aa1 r3102004:6549f6a7 w3102004:6549faa3 r3102004:6549faa3 r44000200:19e2596 r44000400:928b8396 r44000800:cca0cf96 r44001000:8f65796 r44002000:805b6796 r2001540:4fb4b6d6 w2001540:fb4b6d6 r200180c:736f0bdb w200180c:736f0bda w200180c:736e0bda r2001800:ec05dc94 w2001800:ac05dc94 w2001800:2c05dc94 w2001800:2c05dc94 da r2001010:fe784384 w2001010:fe784384 w2001010:de784384 w2001010:fe784384 r2001010:fe784384 d14 r2001010:fe784384 w2001010:fe784384 r2001800:2c05dc94 w2001800:ac05dc94 d64 w3102020:1 w3102024:0 w3102028:0 da r200180c:736e0bda w200180c:736f0bda r2001540:fb4b6d6 w2001540:4fb4b6d6 r2001800:ac05dc94 w2001800:ec05dc94 d5 r200180c:736f0bda w200180c:736f0bdb r2001800:ec05dc94 w2001800:ec05dc94 w2001800:ec05dc94 d5 w310300c:8000 da r3103110:768198b7 w3103110:768198b7 r3103114:dbdd254f w3103114:dbdd254f r3102008:fc6ca01e w3102008:fc6ca01e r3102000:ee431aa1 w3102000:ee431aa1 r3102000:ee431aa1 w3102000:ee431af5 r3102000:ee431af5 w3103120:303 r3102000:ee431af5 w3102000:ee431af5 r3102004:6549faa3 w3102004:6549faa3 r3006228:800 w3102500:1071a480 w3102504:14613432 w3102508:31c5 w310250c:2cb9d235 w3102500:1071a481 w3103030:1e14 w3103034:42 w3103038:20 w310303c:0 w310302c:0 w3103058:e0f1b0e w310305c:30414 w3103060:507050b w3103064:400c w3103068:6020306 w310306c:5050403 r3103078:fd8f7610 w3103078:fd8f7610 w3103080:2050103 w3103050:126639c1 w3103054:33127d81 w3103090:64008f w3103094:320000 r310200c:74b29197 w310200c:74b29197 r3103108:4d7be3de w3103108:4d7be3de r3103344:b1670580 w3103344:b1670580 r31033c4:aeaa0d00 w31033c4:aeaa0d00 r3103208:6fd181e w3103208:6fd181e r3103310:eda89d8e w3103310:eda89d8e r3103314:64ce8f4e w3103314:64ce8f4e r3103318:e3ecec0e w3103318:e3ecec0e r310331c:7a32ddce w310331c:7a32ddce r3103320:f1503ebe w3103320:f1503ebe r3103324:88761c7e w3103324:88761c7e r3103328:940d3e w3103328:940d3e r310332c:9fba6efe w310332c:9fba6efe r3103330:16d85fae w3103330:16d85fae r3103390:c9eff306 w3103390:c9eff306 r3103394:400ddac6 w3103394:400ddac6 r3103398:df53c38e w3103398:df53c38e r310339c:56712f4e w310339c:56712f4e r31033a0:ee971636 w31033a0:ee971636 r31033a4:65b57ff6 w31033a4:65b57ff6 r31033a8:fcdb5abe w31033a8:fcdb5abe r31033ac:7bf9427e w31033ac:7bf9427e r31033b0:f21cab26 w31033b0:f21cab26 r3103100:3f37a696 w3103100:3b37a696 r3103334:adffbf62 w3103334:adffbf62 r3103338:241dae2e w3103338:241dae2e r31033b4:892296e6 w31033b4:892296e6 r31033b8:40ffae w31033b8:40ffae r310333c:ab238fea w310333c:ab238fea r31033bc:9f66e76a w31033bc:9f66e76a r3103100:3b37a696 w3103100:3f37a696 d1 r3103240:62dfbdd6 w3103240:62dfbdd6 r3103244:f9fdae92 w3103244:f9fdae92 r3103248:70038c5e w3103248:70038c5e r310324c:f21fd1a w310324c:f21fd1a r3103250:8647dec6 w3103250:8647dec6 r3103254:1d65cf82 w3103254:1d65cf82 r3103258:958b2d4e w3103258:958b2d4e r310325c:2ca90e0a w310325c:2ca90e0a r3103260:abcf7ff6 w3103260:abcf7ff6 r3103264:22ed5cb2 w3103264:22ed5cb2 r3103268:b9334e7e w3103268:b9334e7e r310326c:3056af3a w310326c:3056af3a r3103270:cf748ce6 w3103270:cf748ce6 r3103274:479afda2 w3103274:479afda2 r3103278:deb8df6e w3103278:deb8df6e r3103228:4f12de3e w3103228:4f12de3e r310322c:c6303ffa w310322c:c6303ffa r3103230:5d562ca6 w3103230:5d562ca6 r3103234:d4740e62 w3103234:d4740e62 r3103238:6c9a7f2e w3103238:6c9a7f2e r310323c:ebb85cea w310323c:ebb85cea r3103218:2a6abf0e w3103218:2a6abf0e r310321c:a288a7ca w310321c:a288a7ca r3103280:ecfc2f16 w3103280:ecfc2f16 r3103108:4d7be3de w3103108:4d7be39e da r3103108:4d7be39e w3103108:4d7be3de r31030c0:c3000001 w31030c0:c3000001 r70005d4:0 r3103140:aa7b7bfb w3103140:aa7b7bfb r70005d4:0 w3103000:1f2 w3103000:1f3 da r3103010:1 r70005d4:0 r3103010:1 r3103018:1 r310308c:685afb5a w310308c:e85afb5a da r310308c:e85afb5a w310308c:685afb5a da r3102014:8af6e642 w3102014:8af6e642 da r310310c:c199d2da w310310c:c199d2da r3102000:ee431af5 r3102004:6549faa3 r31030a0:84e07936 w31030a0:84e00000 r3103004:fed25152 w3103004:fed25152 r3103100:3f37a696 w3103100:3f370696 r3103140:aa7b7bfb w3103140:aa7b7bfb r31030b8:bfade0ae w31030b8:bfade3ae r3103108:4d7be3de w3103108:4d7bc3de w3102020:ffffffff w3102024:ff w3102028:ffff da
330,3,7b7bfb,1,11081108,10401000,1e14,42,20,0,479994,1c2398e,8f064,906bfdc1,2ee2002f,760198b7,4c3396cf,96345e04,12d9b29d,7cbb5a6d,677de7c6,84950c16,80212c26,24006103
1040
